run_id,fixture_id,variant_id,iteration,warmup,plaintext_bytes,ciphertext_bytes,envelope_bytes,encrypt_cipher_ns,seal_total_ns,db_read_ns,kdf_ns,mac_verify_ns,decrypt_cipher_ns,open_total_ns,client_download_ns,checksum_ok,http_status,error_code,environment_id
run-00001,small-pdf,aes-128-cbc,1,true,531,544,862,0,0,1187000,0,0,0,0,6678400,true,200,,windows-amd64-20261006222440
run-00002,small-pdf,aes-128-cbc,2,true,531,544,862,0,0,0,0,0,0,0,1862400,true,200,,windows-amd64-20261006222440
run-00003,small-pdf,aes-128-cbc,3,true,531,544,862,0,0,0,0,0,0,0,1440200,true,200,,windows-amd64-20261006222440
run-00004,small-pdf,aes-128-cbc,4,true,531,544,862,0,0,0,0,0,0,0,1837100,true,200,,windows-amd64-20261006222440
run-00005,small-pdf,aes-128-cbc,5,true,531,544,862,0,0,0,0,0,0,0,2002800,true,200,,windows-amd64-20261006222440
run-00006,small-pdf,aes-128-cbc,6,false,531,544,862,0,0,668000,0,0,0,0,2551100,true,200,,windows-amd64-20261006222440
run-00007,small-pdf,aes-128-cbc,7,false,531,544,862,0,0,0,0,0,0,0,1848200,true,200,,windows-amd64-20261006222440
run-00008,small-pdf,aes-128-cbc,8,false,531,544,862,0,0,513000,0,0,0,0,2066600,true,200,,windows-amd64-20261006222440
run-00009,small-pdf,aes-128-cbc,9,false,531,544,862,0,0,0,684000,0,0,684000,1283800,true,200,,windows-amd64-20261006222440
run-00010,small-pdf,aes-128-cbc,10,false,531,544,862,0,0,0,0,0,0,0,1188200,true,200,,windows-amd64-20261006222440
run-00011,small-pdf,aes-128-cbc,11,false,531,544,862,0,0,567000,0,0,0,0,1174100,true,200,,windows-amd64-20261006222440
run-00012,small-pdf,aes-128-cbc,12,false,531,544,862,0,0,0,0,0,0,0,1113700,true,200,,windows-amd64-20261006222440
run-00013,small-pdf,aes-128-cbc,13,false,531,544,862,0,0,0,0,0,0,0,1218400,true,200,,windows-amd64-20261006222440
run-00014,small-pdf,aes-128-cbc,14,false,531,544,862,0,0,0,0,0,0,0,596000,true,200,,windows-amd64-20261006222440
run-00015,small-pdf,aes-128-cbc,15,false,531,544,862,0,0,0,0,0,0,0,562200,true,200,,windows-amd64-20261006222440
run-00016,small-pdf,aes-128-cbc,16,false,531,544,862,0,0,0,546000,0,0,546000,1132400,true,200,,windows-amd64-20261006222440
run-00017,small-pdf,aes-128-cbc,17,false,531,544,862,0,0,0,0,0,0,0,536800,true,200,,windows-amd64-20261006222440
run-00018,small-pdf,aes-128-cbc,18,false,531,544,862,0,0,0,0,0,0,0,528600,true,200,,windows-amd64-20261006222440
run-00019,small-pdf,aes-128-cbc,19,false,531,544,862,0,0,517000,0,0,0,0,1612600,true,200,,windows-amd64-20261006222440
run-00020,small-pdf,aes-128-cbc,20,false,531,544,862,0,0,0,0,0,0,562000,1709900,true,200,,windows-amd64-20261006222440
run-00021,small-pdf,aes-128-cbc,21,false,531,544,862,0,0,0,0,0,0,0,534700,true,200,,windows-amd64-20261006222440
run-00022,small-pdf,aes-128-cbc,22,false,531,544,862,0,0,542000,0,0,0,0,1827100,true,200,,windows-amd64-20261006222440
run-00023,small-pdf,aes-128-cbc,23,false,531,544,862,0,0,0,0,0,0,0,0,true,200,,windows-amd64-20261006222440
run-00024,small-pdf,aes-128-cbc,24,false,531,544,862,0,0,0,1008999,0,0,1008999,2719600,true,200,,windows-amd64-20261006222440
run-00025,small-pdf,aes-128-cbc,25,false,531,544,862,0,0,998000,0,0,0,0,998500,true,200,,windows-amd64-20261006222440
run-00026,small-pdf,aes-128-cbc,26,false,531,544,862,0,0,0,0,0,0,0,998800,true,200,,windows-amd64-20261006222440
run-00027,small-pdf,aes-128-cbc,27,false,531,544,862,0,0,0,0,0,0,0,1119200,true,200,,windows-amd64-20261006222440
run-00028,small-pdf,aes-128-cbc,28,false,531,544,862,0,0,0,0,0,0,0,0,true,200,,windows-amd64-20261006222440
run-00029,small-pdf,aes-128-cbc,29,false,531,544,862,0,0,0,0,0,0,0,1006100,true,200,,windows-amd64-20261006222440
run-00030,small-pdf,aes-128-cbc,30,false,531,544,862,0,0,0,0,0,0,0,999600,true,200,,windows-amd64-20261006222440
run-00031,small-pdf,aes-128-cbc,31,false,531,544,862,0,0,0,0,0,0,0,1001200,true,200,,windows-amd64-20261006222440
run-00032,small-pdf,aes-128-cbc,32,false,531,544,862,0,0,0,0,0,0,0,0,true,200,,windows-amd64-20261006222440
run-00033,small-pdf,aes-128-cbc,33,false,531,544,862,0,0,0,0,0,0,0,1639400,true,200,,windows-amd64-20261006222440
run-00034,small-pdf,aes-128-cbc,34,false,531,544,862,0,0,0,0,0,0,0,1009700,true,200,,windows-amd64-20261006222440
run-00035,small-pdf,aes-128-cbc,35,false,531,544,862,0,0,0,0,0,0,0,0,true,200,,windows-amd64-20261006222440
run-00036,small-pdf,aes-128-cfb128,1,true,531,531,852,0,0,0,0,0,0,0,998900,true,200,,windows-amd64-20261006222440
run-00037,small-pdf,aes-128-cfb128,2,true,531,531,852,0,0,1006000,0,0,0,0,1006300,true,200,,windows-amd64-20261006222440
run-00038,small-pdf,aes-128-cfb128,3,true,531,531,852,0,0,0,0,0,0,0,2187700,true,200,,windows-amd64-20261006222440
run-00039,small-pdf,aes-128-cfb128,4,true,531,531,852,0,0,0,995000,0,0,995000,995400,true,200,,windows-amd64-20261006222440
run-00040,small-pdf,aes-128-cfb128,5,true,531,531,852,0,0,0,0,0,0,0,0,true,200,,windows-amd64-20261006222440
run-00041,small-pdf,aes-128-cfb128,6,false,531,531,852,0,0,0,0,0,0,0,1513200,true,200,,windows-amd64-20261006222440
run-00042,small-pdf,aes-128-cfb128,7,false,531,531,852,0,0,0,0,0,0,0,0,true,200,,windows-amd64-20261006222440
run-00043,small-pdf,aes-128-cfb128,8,false,531,531,852,0,0,0,0,0,0,0,1531900,true,200,,windows-amd64-20261006222440
run-00044,small-pdf,aes-128-cfb128,9,false,531,531,852,0,0,0,0,0,0,0,1008500,true,200,,windows-amd64-20261006222440
run-00045,small-pdf,aes-128-cfb128,10,false,531,531,852,0,0,0,0,0,0,0,0,true,200,,windows-amd64-20261006222440
run-00046,small-pdf,aes-128-cfb128,11,false,531,531,852,0,0,0,0,0,0,0,0,true,200,,windows-amd64-20261006222440
run-00047,small-pdf,aes-128-cfb128,12,false,531,531,852,0,0,0,0,0,0,0,999200,true,200,,windows-amd64-20261006222440
run-00048,small-pdf,aes-128-cfb128,13,false,531,531,852,0,0,0,0,0,0,0,0,true,200,,windows-amd64-20261006222440
run-00049,small-pdf,aes-128-cfb128,14,false,531,531,852,0,0,0,0,0,0,0,1000800,true,200,,windows-amd64-20261006222440
run-00050,small-pdf,aes-128-cfb128,15,false,531,531,852,0,0,0,0,0,0,0,0,true,200,,windows-amd64-20261006222440
run-00051,small-pdf,aes-128-cfb128,16,false,531,531,852,0,0,0,0,0,0,0,999400,true,200,,windows-amd64-20261006222440
run-00052,small-pdf,aes-128-cfb128,17,false,531,531,852,0,0,0,0,0,0,0,999100,true,200,,windows-amd64-20261006222440
run-00053,small-pdf,aes-128-cfb128,18,false,531,531,852,0,0,0,0,0,0,0,0,true,200,,windows-amd64-20261006222440
run-00054,small-pdf,aes-128-cfb128,19,false,531,531,852,0,0,0,0,0,0,0,999900,true,200,,windows-amd64-20261006222440
run-00055,small-pdf,aes-128-cfb128,20,false,531,531,852,0,0,0,0,0,0,0,0,true,200,,windows-amd64-20261006222440
run-00056,small-pdf,aes-128-cfb128,21,false,531,531,852,0,0,0,0,0,0,0,1000200,true,200,,windows-amd64-20261006222440
run-00057,small-pdf,aes-128-cfb128,22,false,531,531,852,0,0,0,0,0,0,0,0,true,200,,windows-amd64-20261006222440
run-00058,small-pdf,aes-128-cfb128,23,false,531,531,852,0,0,0,0,0,0,0,2033600,true,200,,windows-amd64-20261006222440
run-00059,small-pdf,aes-128-cfb128,24,false,531,531,852,0,0,0,0,0,0,0,2802400,true,200,,windows-amd64-20261006222440
run-00060,small-pdf,aes-128-cfb128,25,false,531,531,852,0,0,0,0,0,0,1000999,1995900,true,200,,windows-amd64-20261006222440
run-00061,small-pdf,aes-128-cfb128,26,false,531,531,852,0,0,0,0,0,0,0,1000100,true,200,,windows-amd64-20261006222440
run-00062,small-pdf,aes-128-cfb128,27,false,531,531,852,0,0,0,0,0,0,0,996600,true,200,,windows-amd64-20261006222440
run-00063,small-pdf,aes-128-cfb128,28,false,531,531,852,0,0,0,0,0,0,0,0,true,200,,windows-amd64-20261006222440
run-00064,small-pdf,aes-128-cfb128,29,false,531,531,852,0,0,0,0,0,0,0,1000900,true,200,,windows-amd64-20261006222440
run-00065,small-pdf,aes-128-cfb128,30,false,531,531,852,0,0,0,0,0,0,0,0,true,200,,windows-amd64-20261006222440
run-00066,small-pdf,aes-128-cfb128,31,false,531,531,852,0,0,0,0,0,0,0,0,true,200,,windows-amd64-20261006222440
run-00067,small-pdf,aes-128-cfb128,32,false,531,531,852,0,0,0,0,0,0,0,1509400,true,200,,windows-amd64-20261006222440
run-00068,small-pdf,aes-128-cfb128,33,false,531,531,852,0,0,0,0,0,0,0,0,true,200,,windows-amd64-20261006222440
run-00069,small-pdf,aes-128-cfb128,34,false,531,531,852,0,0,1008000,0,0,0,0,1008400,true,200,,windows-amd64-20261006222440
run-00070,small-pdf,aes-128-cfb128,35,false,531,531,852,0,0,0,0,0,0,0,0,true,200,,windows-amd64-20261006222440
run-00071,small-pdf,aes-128-ofb,1,true,531,531,849,0,0,0,0,0,0,0,998700,true,200,,windows-amd64-20261006222440
run-00072,small-pdf,aes-128-ofb,2,true,531,531,849,0,0,0,0,0,0,0,0,true,200,,windows-amd64-20261006222440
run-00073,small-pdf,aes-128-ofb,3,true,531,531,849,0,0,0,0,0,0,0,1045700,true,200,,windows-amd64-20261006222440
run-00074,small-pdf,aes-128-ofb,4,true,531,531,849,0,0,0,0,0,0,0,0,true,200,,windows-amd64-20261006222440
run-00075,small-pdf,aes-128-ofb,5,true,531,531,849,0,0,0,0,0,0,0,0,true,200,,windows-amd64-20261006222440
run-00076,small-pdf,aes-128-ofb,6,false,531,531,849,0,0,0,0,0,0,0,997900,true,200,,windows-amd64-20261006222440
run-00077,small-pdf,aes-128-ofb,7,false,531,531,849,0,0,0,0,0,0,0,0,true,200,,windows-amd64-20261006222440
run-00078,small-pdf,aes-128-ofb,8,false,531,531,849,0,0,997000,0,0,0,0,997300,true,200,,windows-amd64-20261006222440
run-00079,small-pdf,aes-128-ofb,9,false,531,531,849,0,0,0,0,0,0,0,0,true,200,,windows-amd64-20261006222440
run-00080,small-pdf,aes-128-ofb,10,false,531,531,849,0,0,0,0,0,0,1002999,4006300,true,200,,windows-amd64-20261006222440
run-00081,small-pdf,aes-128-ofb,11,false,531,531,849,0,0,0,0,0,0,0,999800,true,200,,windows-amd64-20261006222440
run-00082,small-pdf,aes-128-ofb,12,false,531,531,849,0,0,0,0,0,0,0,1068600,true,200,,windows-amd64-20261006222440
run-00083,small-pdf,aes-128-ofb,13,false,531,531,849,0,0,0,0,0,0,0,998300,true,200,,windows-amd64-20261006222440
run-00084,small-pdf,aes-128-ofb,14,false,531,531,849,0,0,0,0,0,0,0,0,true,200,,windows-amd64-20261006222440
run-00085,small-pdf,aes-128-ofb,15,false,531,531,849,0,0,0,0,0,0,0,0,true,200,,windows-amd64-20261006222440
run-00086,small-pdf,aes-128-ofb,16,false,531,531,849,0,0,0,0,0,0,0,8646200,true,200,,windows-amd64-20261006222440
run-00087,small-pdf,aes-128-ofb,17,false,531,531,849,0,0,0,0,0,0,0,4527800,true,200,,windows-amd64-20261006222440
run-00088,small-pdf,aes-128-ofb,18,false,531,531,849,0,0,0,0,1000000,0,1000000,2001400,true,200,,windows-amd64-20261006222440
run-00089,small-pdf,aes-128-ofb,19,false,531,531,849,0,0,0,0,0,0,0,1001700,true,200,,windows-amd64-20261006222440
run-00090,small-pdf,aes-128-ofb,20,false,531,531,849,0,0,0,0,0,0,0,0,true,200,,windows-amd64-20261006222440
run-00091,small-pdf,aes-128-ofb,21,false,531,531,849,0,0,0,0,0,0,0,1514900,true,200,,windows-amd64-20261006222440
run-00092,small-pdf,aes-128-ofb,22,false,531,531,849,0,0,0,0,0,0,0,2016100,true,200,,windows-amd64-20261006222440
run-00093,small-pdf,aes-128-ofb,23,false,531,531,849,0,0,0,0,0,0,0,999000,true,200,,windows-amd64-20261006222440
run-00094,small-pdf,aes-128-ofb,24,false,531,531,849,0,0,0,0,0,0,0,998700,true,200,,windows-amd64-20261006222440
run-00095,small-pdf,aes-128-ofb,25,false,531,531,849,0,0,0,998000,0,0,998000,998900,true,200,,windows-amd64-20261006222440
run-00096,small-pdf,aes-128-ofb,26,false,531,531,849,0,0,0,0,0,0,0,510300,true,200,,windows-amd64-20261006222440
run-00097,small-pdf,aes-128-ofb,27,false,531,531,849,0,0,0,0,0,0,0,1013500,true,200,,windows-amd64-20261006222440
run-00098,small-pdf,aes-128-ofb,28,false,531,531,849,0,0,0,0,0,0,0,1998300,true,200,,windows-amd64-20261006222440
run-00099,small-pdf,aes-128-ofb,29,false,531,531,849,0,0,0,0,0,0,0,1509000,true,200,,windows-amd64-20261006222440
run-00100,small-pdf,aes-128-ofb,30,false,531,531,849,0,0,0,0,0,0,0,1546900,true,200,,windows-amd64-20261006222440
run-00101,small-pdf,aes-128-ofb,31,false,531,531,849,0,0,0,0,0,0,0,1012000,true,200,,windows-amd64-20261006222440
run-00102,small-pdf,aes-128-ofb,32,false,531,531,849,0,0,0,0,0,0,0,1002700,true,200,,windows-amd64-20261006222440
run-00103,small-pdf,aes-128-ofb,33,false,531,531,849,0,0,0,0,0,0,0,2523800,true,200,,windows-amd64-20261006222440
run-00104,small-pdf,aes-128-ofb,34,false,531,531,849,0,0,0,0,0,0,0,1001200,true,200,,windows-amd64-20261006222440
run-00105,small-pdf,aes-128-ofb,35,false,531,531,849,0,0,0,0,0,0,0,998300,true,200,,windows-amd64-20261006222440
run-00106,small-pdf,aes-128-ctr,1,true,531,531,849,0,0,0,0,0,0,0,999400,true,200,,windows-amd64-20261006222440
run-00107,small-pdf,aes-128-ctr,2,true,531,531,849,0,0,0,0,0,0,0,1001000,true,200,,windows-amd64-20261006222440
run-00108,small-pdf,aes-128-ctr,3,true,531,531,849,0,0,0,0,0,0,0,507100,true,200,,windows-amd64-20261006222440
run-00109,small-pdf,aes-128-ctr,4,true,531,531,849,0,0,0,0,0,0,0,1009200,true,200,,windows-amd64-20261006222440
run-00110,small-pdf,aes-128-ctr,5,true,531,531,849,0,0,0,0,0,0,0,1002000,true,200,,windows-amd64-20261006222440
run-00111,small-pdf,aes-128-ctr,6,false,531,531,849,0,0,0,0,0,0,0,1000000,true,200,,windows-amd64-20261006222440
run-00112,small-pdf,aes-128-ctr,7,false,531,531,849,0,0,0,0,0,0,1510000,1510100,true,200,,windows-amd64-20261006222440
run-00113,small-pdf,aes-128-ctr,8,false,531,531,849,0,0,0,0,0,0,0,546900,true,200,,windows-amd64-20261006222440
run-00114,small-pdf,aes-128-ctr,9,false,531,531,849,0,0,0,0,0,0,0,1539400,true,200,,windows-amd64-20261006222440
run-00115,small-pdf,aes-128-ctr,10,false,531,531,849,0,0,0,0,0,0,0,2011600,true,200,,windows-amd64-20261006222440
run-00116,small-pdf,aes-128-ctr,11,false,531,531,849,0,0,0,0,0,0,0,0,true,200,,windows-amd64-20261006222440
run-00117,small-pdf,aes-128-ctr,12,false,531,531,849,0,0,0,0,0,0,0,1510200,true,200,,windows-amd64-20261006222440
run-00118,small-pdf,aes-128-ctr,13,false,531,531,849,0,0,0,0,0,0,0,1010100,true,200,,windows-amd64-20261006222440
run-00119,small-pdf,aes-128-ctr,14,false,531,531,849,0,0,0,0,0,0,0,0,true,200,,windows-amd64-20261006222440
run-00120,small-pdf,aes-128-ctr,15,false,531,531,849,0,0,0,0,0,0,0,1008800,true,200,,windows-amd64-20261006222440
run-00121,small-pdf,aes-128-ctr,16,false,531,531,849,0,0,0,0,0,0,0,1000100,true,200,,windows-amd64-20261006222440
run-00122,small-pdf,aes-128-ctr,17,false,531,531,849,0,0,0,0,0,0,0,1000400,true,200,,windows-amd64-20261006222440
run-00123,small-pdf,aes-128-ctr,18,false,531,531,849,0,0,0,0,0,0,0,999900,true,200,,windows-amd64-20261006222440
run-00124,small-pdf,aes-128-ctr,19,false,531,531,849,0,0,0,0,0,0,0,506700,true,200,,windows-amd64-20261006222440
run-00125,small-pdf,aes-128-ctr,20,false,531,531,849,0,0,0,0,0,0,1006999,1007400,true,200,,windows-amd64-20261006222440
run-00126,small-pdf,aes-128-ctr,21,false,531,531,849,0,0,0,0,0,0,0,0,true,200,,windows-amd64-20261006222440
run-00127,small-pdf,aes-128-ctr,22,false,531,531,849,0,0,0,0,0,0,0,0,true,200,,windows-amd64-20261006222440
run-00128,small-pdf,aes-128-ctr,23,false,531,531,849,0,0,0,0,0,0,0,2000000,true,200,,windows-amd64-20261006222440
run-00129,small-pdf,aes-128-ctr,24,false,531,531,849,0,0,0,0,0,0,0,508400,true,200,,windows-amd64-20261006222440
run-00130,small-pdf,aes-128-ctr,25,false,531,531,849,0,0,0,0,0,0,0,1012900,true,200,,windows-amd64-20261006222440
run-00131,small-pdf,aes-128-ctr,26,false,531,531,849,0,0,1010000,0,0,0,0,1010400,true,200,,windows-amd64-20261006222440
run-00132,small-pdf,aes-128-ctr,27,false,531,531,849,0,0,0,0,0,0,0,2000800,true,200,,windows-amd64-20261006222440
run-00133,small-pdf,aes-128-ctr,28,false,531,531,849,0,0,0,0,0,0,0,998600,true,200,,windows-amd64-20261006222440
run-00134,small-pdf,aes-128-ctr,29,false,531,531,849,0,0,0,0,0,0,0,512300,true,200,,windows-amd64-20261006222440
run-00135,small-pdf,aes-128-ctr,30,false,531,531,849,0,0,0,0,0,0,0,1013200,true,200,,windows-amd64-20261006222440
run-00136,small-pdf,aes-128-ctr,31,false,531,531,849,0,0,0,0,0,0,0,1001000,true,200,,windows-amd64-20261006222440
run-00137,small-pdf,aes-128-ctr,32,false,531,531,849,0,0,0,0,0,0,0,0,true,200,,windows-amd64-20261006222440
run-00138,small-pdf,aes-128-ctr,33,false,531,531,849,0,0,0,0,0,0,0,1515600,true,200,,windows-amd64-20261006222440
run-00139,small-pdf,aes-128-ctr,34,false,531,531,849,0,0,0,0,0,0,0,0,true,200,,windows-amd64-20261006222440
run-00140,small-pdf,aes-128-ctr,35,false,531,531,849,0,0,0,0,0,0,0,0,true,200,,windows-amd64-20261006222440
run-00141,small-pdf,aes-192-cbc,1,true,531,544,862,0,0,0,0,0,0,0,999900,true,200,,windows-amd64-20261006222440
run-00142,small-pdf,aes-192-cbc,2,true,531,544,862,0,0,0,0,0,0,0,998600,true,200,,windows-amd64-20261006222440
run-00143,small-pdf,aes-192-cbc,3,true,531,544,862,0,0,0,0,0,0,0,1000800,true,200,,windows-amd64-20261006222440
run-00144,small-pdf,aes-192-cbc,4,true,531,544,862,0,0,0,0,0,0,0,1514100,true,200,,windows-amd64-20261006222440
run-00145,small-pdf,aes-192-cbc,5,true,531,544,862,0,0,0,0,0,0,0,1018500,true,200,,windows-amd64-20261006222440
run-00146,small-pdf,aes-192-cbc,6,false,531,544,862,0,0,0,0,0,0,0,999400,true,200,,windows-amd64-20261006222440
run-00147,small-pdf,aes-192-cbc,7,false,531,544,862,0,0,0,0,0,0,0,3538600,true,200,,windows-amd64-20261006222440
run-00148,small-pdf,aes-192-cbc,8,false,531,544,862,0,0,0,0,0,0,0,1013500,true,200,,windows-amd64-20261006222440
run-00149,small-pdf,aes-192-cbc,9,false,531,544,862,0,0,0,0,0,0,0,1002500,true,200,,windows-amd64-20261006222440
run-00150,small-pdf,aes-192-cbc,10,false,531,544,862,0,0,0,998000,0,0,998000,998500,true,200,,windows-amd64-20261006222440
run-00151,small-pdf,aes-192-cbc,11,false,531,544,862,0,0,0,0,0,0,0,1000800,true,200,,windows-amd64-20261006222440
run-00152,small-pdf,aes-192-cbc,12,false,531,544,862,0,0,0,0,0,0,0,0,true,200,,windows-amd64-20261006222440
run-00153,small-pdf,aes-192-cbc,13,false,531,544,862,0,0,0,0,0,0,0,999100,true,200,,windows-amd64-20261006222440
run-00154,small-pdf,aes-192-cbc,14,false,531,544,862,0,0,0,0,0,0,0,1046800,true,200,,windows-amd64-20261006222440
run-00155,small-pdf,aes-192-cbc,15,false,531,544,862,0,0,0,0,0,0,0,999300,true,200,,windows-amd64-20261006222440
run-00156,small-pdf,aes-192-cbc,16,false,531,544,862,0,0,0,0,0,0,0,999300,true,200,,windows-amd64-20261006222440
run-00157,small-pdf,aes-192-cbc,17,false,531,544,862,0,0,0,0,0,0,0,1519500,true,200,,windows-amd64-20261006222440
run-00158,small-pdf,aes-192-cbc,18,false,531,544,862,0,0,0,0,0,0,0,0,true,200,,windows-amd64-20261006222440
run-00159,small-pdf,aes-192-cbc,19,false,531,544,862,0,0,0,0,0,0,0,1011200,true,200,,windows-amd64-20261006222440
run-00160,small-pdf,aes-192-cbc,20,false,531,544,862,0,0,0,0,0,0,0,1001600,true,200,,windows-amd64-20261006222440
run-00161,small-pdf,aes-192-cbc,21,false,531,544,862,0,0,0,0,0,0,0,998500,true,200,,windows-amd64-20261006222440
run-00162,small-pdf,aes-192-cbc,22,false,531,544,862,0,0,0,0,0,0,0,997700,true,200,,windows-amd64-20261006222440
run-00163,small-pdf,aes-192-cbc,23,false,531,544,862,0,0,0,0,0,0,0,1508900,true,200,,windows-amd64-20261006222440
run-00164,small-pdf,aes-192-cbc,24,false,531,544,862,0,0,0,0,0,0,0,1011500,true,200,,windows-amd64-20261006222440
run-00165,small-pdf,aes-192-cbc,25,false,531,544,862,0,0,0,0,0,0,0,0,true,200,,windows-amd64-20261006222440
run-00166,small-pdf,aes-192-cbc,26,false,531,544,862,0,0,0,0,0,0,0,997600,true,200,,windows-amd64-20261006222440
run-00167,small-pdf,aes-192-cbc,27,false,531,544,862,0,0,0,0,0,0,0,1509700,true,200,,windows-amd64-20261006222440
run-00168,small-pdf,aes-192-cbc,28,false,531,544,862,0,0,0,0,0,0,0,1009800,true,200,,windows-amd64-20261006222440
run-00169,small-pdf,aes-192-cbc,29,false,531,544,862,0,0,0,0,0,0,0,1008800,true,200,,windows-amd64-20261006222440
run-00170,small-pdf,aes-192-cbc,30,false,531,544,862,0,0,0,0,0,0,0,1002300,true,200,,windows-amd64-20261006222440
run-00171,small-pdf,aes-192-cbc,31,false,531,544,862,0,0,0,0,0,0,0,998100,true,200,,windows-amd64-20261006222440
run-00172,small-pdf,aes-192-cbc,32,false,531,544,862,0,0,0,0,0,0,0,999400,true,200,,windows-amd64-20261006222440
run-00173,small-pdf,aes-192-cbc,33,false,531,544,862,0,0,0,0,0,0,0,2003800,true,200,,windows-amd64-20261006222440
run-00174,small-pdf,aes-192-cbc,34,false,531,544,862,0,0,0,0,0,0,0,510800,true,200,,windows-amd64-20261006222440
run-00175,small-pdf,aes-192-cbc,35,false,531,544,862,0,0,0,0,0,0,0,1014100,true,200,,windows-amd64-20261006222440
run-00176,small-pdf,aes-192-cfb128,1,true,531,531,852,0,0,0,0,0,0,0,1509700,true,200,,windows-amd64-20261006222440
run-00177,small-pdf,aes-192-cfb128,2,true,531,531,852,0,0,0,0,0,0,0,2024700,true,200,,windows-amd64-20261006222440
run-00178,small-pdf,aes-192-cfb128,3,true,531,531,852,0,0,0,0,0,0,0,998100,true,200,,windows-amd64-20261006222440
run-00179,small-pdf,aes-192-cfb128,4,true,531,531,852,0,0,0,0,0,0,0,999400,true,200,,windows-amd64-20261006222440
run-00180,small-pdf,aes-192-cfb128,5,true,531,531,852,0,0,0,0,0,0,0,1002900,true,200,,windows-amd64-20261006222440
run-00181,small-pdf,aes-192-cfb128,6,false,531,531,852,0,0,0,0,0,0,0,1001700,true,200,,windows-amd64-20261006222440
run-00182,small-pdf,aes-192-cfb128,7,false,531,531,852,0,0,0,0,0,0,0,1510800,true,200,,windows-amd64-20261006222440
run-00183,small-pdf,aes-192-cfb128,8,false,531,531,852,0,0,0,0,0,0,0,1368300,true,200,,windows-amd64-20261006222440
run-00184,small-pdf,aes-192-cfb128,9,false,531,531,852,0,0,0,0,0,0,0,1194800,true,200,,windows-amd64-20261006222440
run-00185,small-pdf,aes-192-cfb128,10,false,531,531,852,0,0,0,0,0,0,0,1202100,true,200,,windows-amd64-20261006222440
run-00186,small-pdf,aes-192-cfb128,11,false,531,531,852,0,0,859000,0,0,0,0,1925200,true,200,,windows-amd64-20261006222440
run-00187,small-pdf,aes-192-cfb128,12,false,531,531,852,0,0,0,0,0,0,0,592500,true,200,,windows-amd64-20261006222440
run-00188,small-pdf,aes-192-cfb128,13,false,531,531,852,0,0,0,0,0,0,0,565500,true,200,,windows-amd64-20261006222440
run-00189,small-pdf,aes-192-cfb128,14,false,531,531,852,0,0,0,0,0,0,0,559100,true,200,,windows-amd64-20261006222440
run-00190,small-pdf,aes-192-cfb128,15,false,531,531,852,0,0,0,0,0,0,0,548900,true,200,,windows-amd64-20261006222440
run-00191,small-pdf,aes-192-cfb128,16,false,531,531,852,0,0,0,0,0,0,0,540800,true,200,,windows-amd64-20261006222440
run-00192,small-pdf,aes-192-cfb128,17,false,531,531,852,0,0,0,0,0,0,0,0,true,200,,windows-amd64-20261006222440
run-00193,small-pdf,aes-192-cfb128,18,false,531,531,852,0,0,0,0,0,0,0,548800,true,200,,windows-amd64-20261006222440
run-00194,small-pdf,aes-192-cfb128,19,false,531,531,852,0,0,0,0,0,0,0,555100,true,200,,windows-amd64-20261006222440
run-00195,small-pdf,aes-192-cfb128,20,false,531,531,852,0,0,0,0,0,0,0,540800,true,200,,windows-amd64-20261006222440
run-00196,small-pdf,aes-192-cfb128,21,false,531,531,852,0,0,0,0,0,0,0,1122100,true,200,,windows-amd64-20261006222440
run-00197,small-pdf,aes-192-cfb128,22,false,531,531,852,0,0,0,0,0,0,0,548300,true,200,,windows-amd64-20261006222440
run-00198,small-pdf,aes-192-cfb128,23,false,531,531,852,0,0,0,0,0,0,0,1076600,true,200,,windows-amd64-20261006222440
run-00199,small-pdf,aes-192-cfb128,24,false,531,531,852,0,0,0,0,0,0,0,534600,true,200,,windows-amd64-20261006222440
run-00200,small-pdf,aes-192-cfb128,25,false,531,531,852,0,0,0,0,0,0,0,1087200,true,200,,windows-amd64-20261006222440
run-00201,small-pdf,aes-192-cfb128,26,false,531,531,852,0,0,534000,0,0,0,0,534200,true,200,,windows-amd64-20261006222440
run-00202,small-pdf,aes-192-cfb128,27,false,531,531,852,0,0,0,0,0,0,0,540100,true,200,,windows-amd64-20261006222440
run-00203,small-pdf,aes-192-cfb128,28,false,531,531,852,0,0,0,0,0,0,0,1061600,true,200,,windows-amd64-20261006222440
run-00204,small-pdf,aes-192-cfb128,29,false,531,531,852,0,0,0,0,0,0,0,1169400,true,200,,windows-amd64-20261006222440
run-00205,small-pdf,aes-192-cfb128,30,false,531,531,852,0,0,0,0,0,0,0,1266200,true,200,,windows-amd64-20261006222440
run-00206,small-pdf,aes-192-cfb128,31,false,531,531,852,0,0,0,0,0,0,0,1316400,true,200,,windows-amd64-20261006222440
run-00207,small-pdf,aes-192-cfb128,32,false,531,531,852,0,0,0,0,0,0,0,1140200,true,200,,windows-amd64-20261006222440
run-00208,small-pdf,aes-192-cfb128,33,false,531,531,852,0,0,0,0,0,0,0,583600,true,200,,windows-amd64-20261006222440
run-00209,small-pdf,aes-192-cfb128,34,false,531,531,852,0,0,0,0,0,0,0,563200,true,200,,windows-amd64-20261006222440
run-00210,small-pdf,aes-192-cfb128,35,false,531,531,852,0,0,0,0,0,0,0,1144300,true,200,,windows-amd64-20261006222440
run-00211,small-pdf,aes-192-ofb,1,true,531,531,849,0,0,0,0,0,0,0,560300,true,200,,windows-amd64-20261006222440
run-00212,small-pdf,aes-192-ofb,2,true,531,531,849,0,0,525000,0,0,0,0,1096400,true,200,,windows-amd64-20261006222440
run-00213,small-pdf,aes-192-ofb,3,true,531,531,849,0,0,0,0,0,0,752000,1841800,true,200,,windows-amd64-20261006222440
run-00214,small-pdf,aes-192-ofb,4,true,531,531,849,0,0,543000,0,0,0,0,1888600,true,200,,windows-amd64-20261006222440
run-00215,small-pdf,aes-192-ofb,5,true,531,531,849,0,0,0,0,0,0,0,1044200,true,200,,windows-amd64-20261006222440
run-00216,small-pdf,aes-192-ofb,6,false,531,531,849,0,0,619000,0,0,0,0,1537800,true,200,,windows-amd64-20261006222440
run-00217,small-pdf,aes-192-ofb,7,false,531,531,849,0,0,0,0,0,0,675000,1182400,true,200,,windows-amd64-20261006222440
run-00218,small-pdf,aes-192-ofb,8,false,531,531,849,0,0,0,0,0,0,0,1152100,true,200,,windows-amd64-20261006222440
run-00219,small-pdf,aes-192-ofb,9,false,531,531,849,0,0,0,0,0,0,0,0,true,200,,windows-amd64-20261006222440
run-00220,small-pdf,aes-192-ofb,10,false,531,531,849,0,0,0,0,0,0,0,1521200,true,200,,windows-amd64-20261006222440
run-00221,small-pdf,aes-192-ofb,11,false,531,531,849,0,0,0,0,0,0,0,1010900,true,200,,windows-amd64-20261006222440
run-00222,small-pdf,aes-192-ofb,12,false,531,531,849,0,0,0,0,0,0,0,0,true,200,,windows-amd64-20261006222440
run-00223,small-pdf,aes-192-ofb,13,false,531,531,849,0,0,0,0,0,0,0,1009000,true,200,,windows-amd64-20261006222440
run-00224,small-pdf,aes-192-ofb,14,false,531,531,849,0,0,0,0,0,0,0,1001100,true,200,,windows-amd64-20261006222440
run-00225,small-pdf,aes-192-ofb,15,false,531,531,849,0,0,0,0,0,0,0,998100,true,200,,windows-amd64-20261006222440
run-00226,small-pdf,aes-192-ofb,16,false,531,531,849,0,0,0,0,0,0,0,506600,true,200,,windows-amd64-20261006222440
run-00227,small-pdf,aes-192-ofb,17,false,531,531,849,0,0,0,0,0,0,0,1023400,true,200,,windows-amd64-20261006222440
run-00228,small-pdf,aes-192-ofb,18,false,531,531,849,0,0,0,0,0,0,0,984600,true,200,,windows-amd64-20261006222440
run-00229,small-pdf,aes-192-ofb,19,false,531,531,849,0,0,0,0,0,0,0,0,true,200,,windows-amd64-20261006222440
run-00230,small-pdf,aes-192-ofb,20,false,531,531,849,0,0,0,0,0,0,0,0,true,200,,windows-amd64-20261006222440
run-00231,small-pdf,aes-192-ofb,21,false,531,531,849,0,0,0,0,0,0,0,1000700,true,200,,windows-amd64-20261006222440
run-00232,small-pdf,aes-192-ofb,22,false,531,531,849,0,0,0,0,0,0,0,0,true,200,,windows-amd64-20261006222440
run-00233,small-pdf,aes-192-ofb,23,false,531,531,849,0,0,0,0,0,0,0,1000900,true,200,,windows-amd64-20261006222440
run-00234,small-pdf,aes-192-ofb,24,false,531,531,849,0,0,0,0,0,0,0,0,true,200,,windows-amd64-20261006222440
run-00235,small-pdf,aes-192-ofb,25,false,531,531,849,0,0,0,0,0,0,0,1000500,true,200,,windows-amd64-20261006222440
run-00236,small-pdf,aes-192-ofb,26,false,531,531,849,0,0,0,0,0,0,0,508100,true,200,,windows-amd64-20261006222440
run-00237,small-pdf,aes-192-ofb,27,false,531,531,849,0,0,0,0,0,0,0,0,true,200,,windows-amd64-20261006222440
run-00238,small-pdf,aes-192-ofb,28,false,531,531,849,0,0,0,0,0,0,0,1007900,true,200,,windows-amd64-20261006222440
run-00239,small-pdf,aes-192-ofb,29,false,531,531,849,0,0,0,0,0,0,0,0,true,200,,windows-amd64-20261006222440
run-00240,small-pdf,aes-192-ofb,30,false,531,531,849,0,0,0,0,0,0,0,1001200,true,200,,windows-amd64-20261006222440
run-00241,small-pdf,aes-192-ofb,31,false,531,531,849,0,0,0,0,0,0,0,0,true,200,,windows-amd64-20261006222440
run-00242,small-pdf,aes-192-ofb,32,false,531,531,849,0,0,998000,0,0,0,0,998200,true,200,,windows-amd64-20261006222440
run-00243,small-pdf,aes-192-ofb,33,false,531,531,849,0,0,0,0,0,0,0,0,true,200,,windows-amd64-20261006222440
run-00244,small-pdf,aes-192-ofb,34,false,531,531,849,0,0,0,0,0,0,0,0,true,200,,windows-amd64-20261006222440
run-00245,small-pdf,aes-192-ofb,35,false,531,531,849,0,0,0,0,0,0,0,0,true,200,,windows-amd64-20261006222440
run-00246,small-pdf,aes-192-ctr,1,true,531,531,849,0,0,0,0,0,0,1508000,1508900,true,200,,windows-amd64-20261006222440
run-00247,small-pdf,aes-192-ctr,2,true,531,531,849,0,0,0,0,0,0,0,0,true,200,,windows-amd64-20261006222440
run-00248,small-pdf,aes-192-ctr,3,true,531,531,849,0,0,0,0,0,0,0,1006700,true,200,,windows-amd64-20261006222440
run-00249,small-pdf,aes-192-ctr,4,true,531,531,849,0,0,0,0,0,0,0,0,true,200,,windows-amd64-20261006222440
run-00250,small-pdf,aes-192-ctr,5,true,531,531,849,0,0,0,0,0,0,0,1000700,true,200,,windows-amd64-20261006222440
run-00251,small-pdf,aes-192-ctr,6,false,531,531,849,0,0,0,0,0,0,0,0,true,200,,windows-amd64-20261006222440
run-00252,small-pdf,aes-192-ctr,7,false,531,531,849,0,0,0,0,0,0,0,0,true,200,,windows-amd64-20261006222440
run-00253,small-pdf,aes-192-ctr,8,false,531,531,849,0,0,0,0,0,0,0,999500,true,200,,windows-amd64-20261006222440
run-00254,small-pdf,aes-192-ctr,9,false,531,531,849,0,0,0,0,0,0,0,0,true,200,,windows-amd64-20261006222440
run-00255,small-pdf,aes-192-ctr,10,false,531,531,849,0,0,0,0,0,0,0,0,true,200,,windows-amd64-20261006222440
run-00256,small-pdf,aes-192-ctr,11,false,531,531,849,0,0,0,0,0,0,0,1000100,true,200,,windows-amd64-20261006222440
run-00257,small-pdf,aes-192-ctr,12,false,531,531,849,0,0,0,0,0,0,0,0,true,200,,windows-amd64-20261006222440
run-00258,small-pdf,aes-192-ctr,13,false,531,531,849,0,0,0,0,0,0,0,0,true,200,,windows-amd64-20261006222440
run-00259,small-pdf,aes-192-ctr,14,false,531,531,849,0,0,0,0,0,0,0,1504100,true,200,,windows-amd64-20261006222440
run-00260,small-pdf,aes-192-ctr,15,false,531,531,849,0,0,0,0,0,0,0,0,true,200,,windows-amd64-20261006222440
run-00261,small-pdf,aes-192-ctr,16,false,531,531,849,0,0,0,0,0,0,1004999,1005500,true,200,,windows-amd64-20261006222440
run-00262,small-pdf,aes-192-ctr,17,false,531,531,849,0,0,0,0,0,0,0,0,true,200,,windows-amd64-20261006222440
run-00263,small-pdf,aes-192-ctr,18,false,531,531,849,0,0,0,0,0,0,0,0,true,200,,windows-amd64-20261006222440
run-00264,small-pdf,aes-192-ctr,19,false,531,531,849,0,0,0,0,0,0,0,1000700,true,200,,windows-amd64-20261006222440
run-00265,small-pdf,aes-192-ctr,20,false,531,531,849,0,0,0,0,0,0,0,0,true,200,,windows-amd64-20261006222440
run-00266,small-pdf,aes-192-ctr,21,false,531,531,849,0,0,0,0,0,0,0,0,true,200,,windows-amd64-20261006222440
run-00267,small-pdf,aes-192-ctr,22,false,531,531,849,0,0,0,0,0,0,0,1000700,true,200,,windows-amd64-20261006222440
run-00268,small-pdf,aes-192-ctr,23,false,531,531,849,0,0,0,0,0,0,0,0,true,200,,windows-amd64-20261006222440
run-00269,small-pdf,aes-192-ctr,24,false,531,531,849,0,0,0,0,0,0,0,0,true,200,,windows-amd64-20261006222440
run-00270,small-pdf,aes-192-ctr,25,false,531,531,849,0,0,0,0,0,0,0,0,true,200,,windows-amd64-20261006222440
run-00271,small-pdf,aes-192-ctr,26,false,531,531,849,0,0,0,0,0,0,0,1506300,true,200,,windows-amd64-20261006222440
run-00272,small-pdf,aes-192-ctr,27,false,531,531,849,0,0,0,0,0,0,0,0,true,200,,windows-amd64-20261006222440
run-00273,small-pdf,aes-192-ctr,28,false,531,531,849,0,0,0,0,0,0,0,0,true,200,,windows-amd64-20261006222440
run-00274,small-pdf,aes-192-ctr,29,false,531,531,849,0,0,0,0,0,0,0,1008000,true,200,,windows-amd64-20261006222440
run-00275,small-pdf,aes-192-ctr,30,false,531,531,849,0,0,0,0,0,0,0,1003300,true,200,,windows-amd64-20261006222440
run-00276,small-pdf,aes-192-ctr,31,false,531,531,849,0,0,996000,0,0,0,0,996200,true,200,,windows-amd64-20261006222440
run-00277,small-pdf,aes-192-ctr,32,false,531,531,849,0,0,0,0,0,0,0,0,true,200,,windows-amd64-20261006222440
run-00278,small-pdf,aes-192-ctr,33,false,531,531,849,0,0,0,0,0,0,0,1000000,true,200,,windows-amd64-20261006222440
run-00279,small-pdf,aes-192-ctr,34,false,531,531,849,0,0,0,0,0,0,0,0,true,200,,windows-amd64-20261006222440
run-00280,small-pdf,aes-192-ctr,35,false,531,531,849,0,0,0,0,0,0,0,0,true,200,,windows-amd64-20261006222440
run-00281,small-pdf,aes-256-cbc,1,true,531,544,862,0,0,0,0,0,0,0,999500,true,200,,windows-amd64-20261006222440
run-00282,small-pdf,aes-256-cbc,2,true,531,544,862,0,0,0,0,0,0,0,0,true,200,,windows-amd64-20261006222440
run-00283,small-pdf,aes-256-cbc,3,true,531,544,862,0,0,0,0,0,0,0,1000800,true,200,,windows-amd64-20261006222440
run-00284,small-pdf,aes-256-cbc,4,true,531,544,862,0,0,0,0,0,0,0,0,true,200,,windows-amd64-20261006222440
run-00285,small-pdf,aes-256-cbc,5,true,531,544,862,0,0,0,0,0,0,0,0,true,200,,windows-amd64-20261006222440
run-00286,small-pdf,aes-256-cbc,6,false,531,544,862,0,0,0,0,0,0,0,0,true,200,,windows-amd64-20261006222440
run-00287,small-pdf,aes-256-cbc,7,false,531,544,862,0,0,0,0,0,0,0,1261000,true,200,,windows-amd64-20261006222440
run-00288,small-pdf,aes-256-cbc,8,false,531,544,862,0,0,0,0,0,0,0,0,true,200,,windows-amd64-20261006222440
run-00289,small-pdf,aes-256-cbc,9,false,531,544,862,0,0,0,0,0,0,0,0,true,200,,windows-amd64-20261006222440
run-00290,small-pdf,aes-256-cbc,10,false,531,544,862,0,0,0,0,0,0,0,1000500,true,200,,windows-amd64-20261006222440
run-00291,small-pdf,aes-256-cbc,11,false,531,544,862,0,0,0,0,0,0,0,0,true,200,,windows-amd64-20261006222440
run-00292,small-pdf,aes-256-cbc,12,false,531,544,862,0,0,0,0,0,0,0,0,true,200,,windows-amd64-20261006222440
run-00293,small-pdf,aes-256-cbc,13,false,531,544,862,0,0,0,0,0,0,0,999100,true,200,,windows-amd64-20261006222440
run-00294,small-pdf,aes-256-cbc,14,false,531,544,862,0,0,0,0,0,0,0,0,true,200,,windows-amd64-20261006222440
run-00295,small-pdf,aes-256-cbc,15,false,531,544,862,0,0,0,0,0,0,0,999000,true,200,,windows-amd64-20261006222440
run-00296,small-pdf,aes-256-cbc,16,false,531,544,862,0,0,0,0,0,0,0,0,true,200,,windows-amd64-20261006222440
run-00297,small-pdf,aes-256-cbc,17,false,531,544,862,0,0,1030999,0,0,0,0,1031900,true,200,,windows-amd64-20261006222440
run-00298,small-pdf,aes-256-cbc,18,false,531,544,862,0,0,0,0,0,0,0,0,true,200,,windows-amd64-20261006222440
run-00299,small-pdf,aes-256-cbc,19,false,531,544,862,0,0,0,0,0,0,0,0,true,200,,windows-amd64-20261006222440
run-00300,small-pdf,aes-256-cbc,20,false,531,544,862,0,0,0,0,0,0,0,1001300,true,200,,windows-amd64-20261006222440
run-00301,small-pdf,aes-256-cbc,21,false,531,544,862,0,0,0,0,0,0,0,0,true,200,,windows-amd64-20261006222440
run-00302,small-pdf,aes-256-cbc,22,false,531,544,862,0,0,0,0,0,0,0,998600,true,200,,windows-amd64-20261006222440
run-00303,small-pdf,aes-256-cbc,23,false,531,544,862,0,0,0,0,0,0,0,0,true,200,,windows-amd64-20261006222440
run-00304,small-pdf,aes-256-cbc,24,false,531,544,862,0,0,0,0,0,0,0,0,true,200,,windows-amd64-20261006222440
run-00305,small-pdf,aes-256-cbc,25,false,531,544,862,0,0,1000000,0,0,0,0,1000400,true,200,,windows-amd64-20261006222440
run-00306,small-pdf,aes-256-cbc,26,false,531,544,862,0,0,0,0,0,0,0,0,true,200,,windows-amd64-20261006222440
run-00307,small-pdf,aes-256-cbc,27,false,531,544,862,0,0,0,0,0,0,0,999700,true,200,,windows-amd64-20261006222440
run-00308,small-pdf,aes-256-cbc,28,false,531,544,862,0,0,0,0,0,0,0,1000900,true,200,,windows-amd64-20261006222440
run-00309,small-pdf,aes-256-cbc,29,false,531,544,862,0,0,0,0,0,0,0,0,true,200,,windows-amd64-20261006222440
run-00310,small-pdf,aes-256-cbc,30,false,531,544,862,0,0,0,0,0,0,0,1134800,true,200,,windows-amd64-20261006222440
run-00311,small-pdf,aes-256-cbc,31,false,531,544,862,0,0,1002999,0,0,0,0,1003300,true,200,,windows-amd64-20261006222440
run-00312,small-pdf,aes-256-cbc,32,false,531,544,862,0,0,0,0,0,0,0,0,true,200,,windows-amd64-20261006222440
run-00313,small-pdf,aes-256-cbc,33,false,531,544,862,0,0,0,0,0,0,0,0,true,200,,windows-amd64-20261006222440
run-00314,small-pdf,aes-256-cbc,34,false,531,544,862,0,0,0,0,0,0,0,0,true,200,,windows-amd64-20261006222440
run-00315,small-pdf,aes-256-cbc,35,false,531,544,862,0,0,0,0,0,0,0,1006200,true,200,,windows-amd64-20261006222440
run-00316,small-pdf,aes-256-cfb128,1,true,531,531,852,0,0,0,1000999,0,0,1000999,1001700,true,200,,windows-amd64-20261006222440
run-00317,small-pdf,aes-256-cfb128,2,true,531,531,852,0,0,0,0,0,0,0,0,true,200,,windows-amd64-20261006222440
run-00318,small-pdf,aes-256-cfb128,3,true,531,531,852,0,0,0,0,0,0,0,1000000,true,200,,windows-amd64-20261006222440
run-00319,small-pdf,aes-256-cfb128,4,true,531,531,852,0,0,1000999,0,0,0,0,1001600,true,200,,windows-amd64-20261006222440
run-00320,small-pdf,aes-256-cfb128,5,true,531,531,852,0,0,0,0,0,0,0,0,true,200,,windows-amd64-20261006222440
run-00321,small-pdf,aes-256-cfb128,6,false,531,531,852,0,0,0,0,0,0,0,1000700,true,200,,windows-amd64-20261006222440
run-00322,small-pdf,aes-256-cfb128,7,false,531,531,852,0,0,0,0,0,0,0,0,true,200,,windows-amd64-20261006222440
run-00323,small-pdf,aes-256-cfb128,8,false,531,531,852,0,0,0,0,0,0,0,1509800,true,200,,windows-amd64-20261006222440
run-00324,small-pdf,aes-256-cfb128,9,false,531,531,852,0,0,0,0,0,0,0,1009100,true,200,,windows-amd64-20261006222440
run-00325,small-pdf,aes-256-cfb128,10,false,531,531,852,0,0,0,0,0,0,0,999800,true,200,,windows-amd64-20261006222440
run-00326,small-pdf,aes-256-cfb128,11,false,531,531,852,0,0,0,0,0,0,0,0,true,200,,windows-amd64-20261006222440
run-00327,small-pdf,aes-256-cfb128,12,false,531,531,852,0,0,0,0,0,0,0,0,true,200,,windows-amd64-20261006222440
run-00328,small-pdf,aes-256-cfb128,13,false,531,531,852,0,0,0,0,0,0,0,1505800,true,200,,windows-amd64-20261006222440
run-00329,small-pdf,aes-256-cfb128,14,false,531,531,852,0,0,0,0,0,0,0,0,true,200,,windows-amd64-20261006222440
run-00330,small-pdf,aes-256-cfb128,15,false,531,531,852,0,0,0,0,0,0,0,0,true,200,,windows-amd64-20261006222440
run-00331,small-pdf,aes-256-cfb128,16,false,531,531,852,0,0,1004999,0,0,0,0,1005900,true,200,,windows-amd64-20261006222440
run-00332,small-pdf,aes-256-cfb128,17,false,531,531,852,0,0,0,0,0,0,0,0,true,200,,windows-amd64-20261006222440
run-00333,small-pdf,aes-256-cfb128,18,false,531,531,852,0,0,0,0,0,0,0,0,true,200,,windows-amd64-20261006222440
run-00334,small-pdf,aes-256-cfb128,19,false,531,531,852,0,0,0,0,0,0,0,1001000,true,200,,windows-amd64-20261006222440
run-00335,small-pdf,aes-256-cfb128,20,false,531,531,852,0,0,0,0,0,0,0,0,true,200,,windows-amd64-20261006222440
run-00336,small-pdf,aes-256-cfb128,21,false,531,531,852,0,0,0,0,0,0,0,0,true,200,,windows-amd64-20261006222440
run-00337,small-pdf,aes-256-cfb128,22,false,531,531,852,0,0,0,0,0,0,0,2002100,true,200,,windows-amd64-20261006222440
run-00338,small-pdf,aes-256-cfb128,23,false,531,531,852,0,0,0,0,0,0,0,0,true,200,,windows-amd64-20261006222440
run-00339,small-pdf,aes-256-cfb128,24,false,531,531,852,0,0,0,0,0,0,0,0,true,200,,windows-amd64-20261006222440
run-00340,small-pdf,aes-256-cfb128,25,false,531,531,852,0,0,0,0,0,0,0,997800,true,200,,windows-amd64-20261006222440
run-00341,small-pdf,aes-256-cfb128,26,false,531,531,852,0,0,0,0,0,0,0,0,true,200,,windows-amd64-20261006222440
run-00342,small-pdf,aes-256-cfb128,27,false,531,531,852,0,0,0,0,0,998000,998000,998900,true,200,,windows-amd64-20261006222440
run-00343,small-pdf,aes-256-cfb128,28,false,531,531,852,0,0,0,0,0,0,0,0,true,200,,windows-amd64-20261006222440
run-00344,small-pdf,aes-256-cfb128,29,false,531,531,852,0,0,0,0,0,0,0,1050900,true,200,,windows-amd64-20261006222440
run-00345,small-pdf,aes-256-cfb128,30,false,531,531,852,0,0,0,0,0,0,0,1001100,true,200,,windows-amd64-20261006222440
run-00346,small-pdf,aes-256-cfb128,31,false,531,531,852,0,0,0,0,0,0,0,995500,true,200,,windows-amd64-20261006222440
run-00347,small-pdf,aes-256-cfb128,32,false,531,531,852,0,0,0,0,0,0,0,0,true,200,,windows-amd64-20261006222440
run-00348,small-pdf,aes-256-cfb128,33,false,531,531,852,0,0,0,0,0,0,0,1094100,true,200,,windows-amd64-20261006222440
run-00349,small-pdf,aes-256-cfb128,34,false,531,531,852,0,0,0,0,0,0,0,1000400,true,200,,windows-amd64-20261006222440
run-00350,small-pdf,aes-256-cfb128,35,false,531,531,852,0,0,0,0,0,0,0,0,true,200,,windows-amd64-20261006222440
run-00351,small-pdf,aes-256-ofb,1,true,531,531,849,0,0,0,0,0,0,0,999100,true,200,,windows-amd64-20261006222440
run-00352,small-pdf,aes-256-ofb,2,true,531,531,849,0,0,0,0,0,0,0,0,true,200,,windows-amd64-20261006222440
run-00353,small-pdf,aes-256-ofb,3,true,531,531,849,0,0,0,0,0,0,0,0,true,200,,windows-amd64-20261006222440
run-00354,small-pdf,aes-256-ofb,4,true,531,531,849,0,0,0,0,0,0,0,1000000,true,200,,windows-amd64-20261006222440
run-00355,small-pdf,aes-256-ofb,5,true,531,531,849,0,0,0,0,0,0,0,0,true,200,,windows-amd64-20261006222440
run-00356,small-pdf,aes-256-ofb,6,false,531,531,849,0,0,0,0,0,0,0,0,true,200,,windows-amd64-20261006222440
run-00357,small-pdf,aes-256-ofb,7,false,531,531,849,0,0,0,0,0,0,0,999900,true,200,,windows-amd64-20261006222440
run-00358,small-pdf,aes-256-ofb,8,false,531,531,849,0,0,0,0,0,0,0,1000000,true,200,,windows-amd64-20261006222440
run-00359,small-pdf,aes-256-ofb,9,false,531,531,849,0,0,0,0,0,0,0,0,true,200,,windows-amd64-20261006222440
run-00360,small-pdf,aes-256-ofb,10,false,531,531,849,0,0,0,0,0,0,0,0,true,200,,windows-amd64-20261006222440
run-00361,small-pdf,aes-256-ofb,11,false,531,531,849,0,0,0,0,0,0,0,1000700,true,200,,windows-amd64-20261006222440
run-00362,small-pdf,aes-256-ofb,12,false,531,531,849,0,0,0,0,0,0,0,0,true,200,,windows-amd64-20261006222440
run-00363,small-pdf,aes-256-ofb,13,false,531,531,849,0,0,0,0,0,0,0,1088000,true,200,,windows-amd64-20261006222440
run-00364,small-pdf,aes-256-ofb,14,false,531,531,849,0,0,0,0,0,0,0,1001100,true,200,,windows-amd64-20261006222440
run-00365,small-pdf,aes-256-ofb,15,false,531,531,849,0,0,0,0,0,0,0,0,true,200,,windows-amd64-20261006222440
run-00366,small-pdf,aes-256-ofb,16,false,531,531,849,0,0,0,0,0,0,0,1000200,true,200,,windows-amd64-20261006222440
run-00367,small-pdf,aes-256-ofb,17,false,531,531,849,0,0,0,0,0,0,0,0,true,200,,windows-amd64-20261006222440
run-00368,small-pdf,aes-256-ofb,18,false,531,531,849,0,0,0,0,0,0,0,1107300,true,200,,windows-amd64-20261006222440
run-00369,small-pdf,aes-256-ofb,19,false,531,531,849,0,0,0,0,0,0,0,1010000,true,200,,windows-amd64-20261006222440
run-00370,small-pdf,aes-256-ofb,20,false,531,531,849,0,0,0,0,0,0,0,0,true,200,,windows-amd64-20261006222440
run-00371,small-pdf,aes-256-ofb,21,false,531,531,849,0,0,0,0,0,0,0,997500,true,200,,windows-amd64-20261006222440
run-00372,small-pdf,aes-256-ofb,22,false,531,531,849,0,0,0,0,0,0,0,1000100,true,200,,windows-amd64-20261006222440
run-00373,small-pdf,aes-256-ofb,23,false,531,531,849,0,0,0,0,0,0,0,0,true,200,,windows-amd64-20261006222440
run-00374,small-pdf,aes-256-ofb,24,false,531,531,849,0,0,0,0,0,0,0,0,true,200,,windows-amd64-20261006222440
run-00375,small-pdf,aes-256-ofb,25,false,531,531,849,0,0,0,0,0,0,0,0,true,200,,windows-amd64-20261006222440
run-00376,small-pdf,aes-256-ofb,26,false,531,531,849,0,0,0,0,0,0,0,0,true,200,,windows-amd64-20261006222440
run-00377,small-pdf,aes-256-ofb,27,false,531,531,849,0,0,0,0,0,0,0,0,true,200,,windows-amd64-20261006222440
run-00378,small-pdf,aes-256-ofb,28,false,531,531,849,0,0,0,0,0,0,0,1000300,true,200,,windows-amd64-20261006222440
run-00379,small-pdf,aes-256-ofb,29,false,531,531,849,0,0,0,0,0,0,0,0,true,200,,windows-amd64-20261006222440
run-00380,small-pdf,aes-256-ofb,30,false,531,531,849,0,0,1000000,0,0,0,0,1000800,true,200,,windows-amd64-20261006222440
run-00381,small-pdf,aes-256-ofb,31,false,531,531,849,0,0,0,0,0,0,0,0,true,200,,windows-amd64-20261006222440
run-00382,small-pdf,aes-256-ofb,32,false,531,531,849,0,0,0,0,0,0,0,0,true,200,,windows-amd64-20261006222440
run-00383,small-pdf,aes-256-ofb,33,false,531,531,849,0,0,0,0,0,0,0,1149700,true,200,,windows-amd64-20261006222440
run-00384,small-pdf,aes-256-ofb,34,false,531,531,849,0,0,0,0,0,0,0,0,true,200,,windows-amd64-20261006222440
run-00385,small-pdf,aes-256-ofb,35,false,531,531,849,0,0,0,0,0,0,0,0,true,200,,windows-amd64-20261006222440
run-00386,small-pdf,aes-256-ctr,1,true,531,531,849,0,0,0,0,0,0,0,0,true,200,,windows-amd64-20261006222440
run-00387,small-pdf,aes-256-ctr,2,true,531,531,849,0,0,0,0,0,0,0,0,true,200,,windows-amd64-20261006222440
run-00388,small-pdf,aes-256-ctr,3,true,531,531,849,0,0,0,0,0,0,0,1506500,true,200,,windows-amd64-20261006222440
run-00389,small-pdf,aes-256-ctr,4,true,531,531,849,0,0,0,0,0,0,0,0,true,200,,windows-amd64-20261006222440
run-00390,small-pdf,aes-256-ctr,5,true,531,531,849,0,0,0,0,0,0,0,0,true,200,,windows-amd64-20261006222440
run-00391,small-pdf,aes-256-ctr,6,false,531,531,849,0,0,0,0,0,0,0,1006900,true,200,,windows-amd64-20261006222440
run-00392,small-pdf,aes-256-ctr,7,false,531,531,849,0,0,0,0,0,0,0,0,true,200,,windows-amd64-20261006222440
run-00393,small-pdf,aes-256-ctr,8,false,531,531,849,0,0,0,0,0,0,0,1000400,true,200,,windows-amd64-20261006222440
run-00394,small-pdf,aes-256-ctr,9,false,531,531,849,0,0,0,0,0,0,0,0,true,200,,windows-amd64-20261006222440
run-00395,small-pdf,aes-256-ctr,10,false,531,531,849,0,0,0,0,0,0,0,0,true,200,,windows-amd64-20261006222440
run-00396,small-pdf,aes-256-ctr,11,false,531,531,849,0,0,0,0,0,0,0,998900,true,200,,windows-amd64-20261006222440
run-00397,small-pdf,aes-256-ctr,12,false,531,531,849,0,0,0,0,0,0,0,1001200,true,200,,windows-amd64-20261006222440
run-00398,small-pdf,aes-256-ctr,13,false,531,531,849,0,0,0,0,0,0,0,0,true,200,,windows-amd64-20261006222440
run-00399,small-pdf,aes-256-ctr,14,false,531,531,849,0,0,0,0,0,0,0,1000000,true,200,,windows-amd64-20261006222440
run-00400,small-pdf,aes-256-ctr,15,false,531,531,849,0,0,0,0,0,0,0,0,true,200,,windows-amd64-20261006222440
run-00401,small-pdf,aes-256-ctr,16,false,531,531,849,0,0,0,1036000,0,0,1036000,1036500,true,200,,windows-amd64-20261006222440
run-00402,small-pdf,aes-256-ctr,17,false,531,531,849,0,0,0,0,0,0,0,0,true,200,,windows-amd64-20261006222440
run-00403,small-pdf,aes-256-ctr,18,false,531,531,849,0,0,0,0,0,0,0,1506000,true,200,,windows-amd64-20261006222440
run-00404,small-pdf,aes-256-ctr,19,false,531,531,849,0,0,0,0,0,0,0,1011700,true,200,,windows-amd64-20261006222440
run-00405,small-pdf,aes-256-ctr,20,false,531,531,849,0,0,0,0,0,0,0,0,true,200,,windows-amd64-20261006222440
run-00406,small-pdf,aes-256-ctr,21,false,531,531,849,0,0,0,0,0,0,0,0,true,200,,windows-amd64-20261006222440
run-00407,small-pdf,aes-256-ctr,22,false,531,531,849,0,0,0,0,0,0,0,1508500,true,200,,windows-amd64-20261006222440
run-00408,small-pdf,aes-256-ctr,23,false,531,531,849,0,0,0,0,0,0,0,1007400,true,200,,windows-amd64-20261006222440
run-00409,small-pdf,aes-256-ctr,24,false,531,531,849,0,0,0,0,0,0,0,0,true,200,,windows-amd64-20261006222440
run-00410,small-pdf,aes-256-ctr,25,false,531,531,849,0,0,0,0,0,0,0,998800,true,200,,windows-amd64-20261006222440
run-00411,small-pdf,aes-256-ctr,26,false,531,531,849,0,0,1000000,0,0,0,0,1000700,true,200,,windows-amd64-20261006222440
run-00412,small-pdf,aes-256-ctr,27,false,531,531,849,0,0,0,0,0,0,0,0,true,200,,windows-amd64-20261006222440
run-00413,small-pdf,aes-256-ctr,28,false,531,531,849,0,0,0,0,0,0,0,1000600,true,200,,windows-amd64-20261006222440
run-00414,small-pdf,aes-256-ctr,29,false,531,531,849,0,0,0,0,0,0,0,0,true,200,,windows-amd64-20261006222440
run-00415,small-pdf,aes-256-ctr,30,false,531,531,849,0,0,0,0,0,0,0,998500,true,200,,windows-amd64-20261006222440
run-00416,small-pdf,aes-256-ctr,31,false,531,531,849,0,0,0,0,0,0,0,0,true,200,,windows-amd64-20261006222440
run-00417,small-pdf,aes-256-ctr,32,false,531,531,849,0,0,0,0,0,0,0,1000400,true,200,,windows-amd64-20261006222440
run-00418,small-pdf,aes-256-ctr,33,false,531,531,849,0,0,0,0,0,0,0,1000900,true,200,,windows-amd64-20261006222440
run-00419,small-pdf,aes-256-ctr,34,false,531,531,849,0,0,0,0,0,0,0,0,true,200,,windows-amd64-20261006222440
run-00420,small-pdf,aes-256-ctr,35,false,531,531,849,0,0,1000000,0,0,0,0,1000000,true,200,,windows-amd64-20261006222440
run-00421,small-pdf,des-cbc,1,true,531,536,838,0,0,0,0,0,0,0,0,true,200,,windows-amd64-20261006222440
run-00422,small-pdf,des-cbc,2,true,531,536,838,0,0,0,0,0,0,0,0,true,200,,windows-amd64-20261006222440
run-00423,small-pdf,des-cbc,3,true,531,536,838,0,0,655000,0,0,0,0,1713800,true,200,,windows-amd64-20261006222440
run-00424,small-pdf,des-cbc,4,true,531,536,838,0,0,0,0,0,0,0,518400,true,200,,windows-amd64-20261006222440
run-00425,small-pdf,des-cbc,5,true,531,536,838,0,0,0,0,0,0,0,0,true,200,,windows-amd64-20261006222440
run-00426,small-pdf,des-cbc,6,false,531,536,838,0,0,0,0,0,0,0,1007500,true,200,,windows-amd64-20261006222440
run-00427,small-pdf,des-cbc,7,false,531,536,838,0,0,0,0,0,0,0,0,true,200,,windows-amd64-20261006222440
run-00428,small-pdf,des-cbc,8,false,531,536,838,0,0,0,0,0,0,0,0,true,200,,windows-amd64-20261006222440
run-00429,small-pdf,des-cbc,9,false,531,536,838,0,0,0,0,0,0,0,1000500,true,200,,windows-amd64-20261006222440
run-00430,small-pdf,des-cbc,10,false,531,536,838,0,0,0,0,0,0,0,0,true,200,,windows-amd64-20261006222440
run-00431,small-pdf,des-cbc,11,false,531,536,838,0,0,1000999,0,0,0,0,1001600,true,200,,windows-amd64-20261006222440
run-00432,small-pdf,des-cbc,12,false,531,536,838,0,0,0,999000,0,0,999000,999000,true,200,,windows-amd64-20261006222440
run-00433,small-pdf,des-cbc,13,false,531,536,838,0,0,0,0,0,0,0,0,true,200,,windows-amd64-20261006222440
run-00434,small-pdf,des-cbc,14,false,531,536,838,0,0,0,0,0,0,0,1000000,true,200,,windows-amd64-20261006222440
run-00435,small-pdf,des-cbc,15,false,531,536,838,0,0,0,0,0,0,0,0,true,200,,windows-amd64-20261006222440
run-00436,small-pdf,des-cbc,16,false,531,536,838,0,0,0,0,0,0,0,0,true,200,,windows-amd64-20261006222440
run-00437,small-pdf,des-cbc,17,false,531,536,838,0,0,0,0,0,0,0,998800,true,200,,windows-amd64-20261006222440
run-00438,small-pdf,des-cbc,18,false,531,536,838,0,0,0,0,0,0,0,0,true,200,,windows-amd64-20261006222440
run-00439,small-pdf,des-cbc,19,false,531,536,838,0,0,0,0,0,0,0,1002400,true,200,,windows-amd64-20261006222440
run-00440,small-pdf,des-cbc,20,false,531,536,838,0,0,0,0,0,0,0,0,true,200,,windows-amd64-20261006222440
run-00441,small-pdf,des-cbc,21,false,531,536,838,0,0,0,0,0,0,0,0,true,200,,windows-amd64-20261006222440
run-00442,small-pdf,des-cbc,22,false,531,536,838,0,0,0,0,0,0,0,998000,true,200,,windows-amd64-20261006222440
run-00443,small-pdf,des-cbc,23,false,531,536,838,0,0,0,0,0,0,0,0,true,200,,windows-amd64-20261006222440
run-00444,small-pdf,des-cbc,24,false,531,536,838,0,0,0,0,0,0,0,0,true,200,,windows-amd64-20261006222440
run-00445,small-pdf,des-cbc,25,false,531,536,838,0,0,0,0,0,0,0,0,true,200,,windows-amd64-20261006222440
run-00446,small-pdf,des-cbc,26,false,531,536,838,0,0,0,0,0,0,0,1723500,true,200,,windows-amd64-20261006222440
run-00447,small-pdf,des-cbc,27,false,531,536,838,0,0,0,0,0,1008999,1008999,2009100,true,200,,windows-amd64-20261006222440
run-00448,small-pdf,des-cbc,28,false,531,536,838,0,0,0,0,0,0,0,0,true,200,,windows-amd64-20261006222440
run-00449,small-pdf,des-cbc,29,false,531,536,838,0,0,0,0,0,0,999000,999300,true,200,,windows-amd64-20261006222440
run-00450,small-pdf,des-cbc,30,false,531,536,838,0,0,0,0,0,0,0,0,true,200,,windows-amd64-20261006222440
run-00451,small-pdf,des-cbc,31,false,531,536,838,0,0,0,0,0,0,0,999600,true,200,,windows-amd64-20261006222440
run-00452,small-pdf,des-cbc,32,false,531,536,838,0,0,0,0,0,0,0,0,true,200,,windows-amd64-20261006222440
run-00453,small-pdf,des-cbc,33,false,531,536,838,0,0,0,0,0,0,0,999800,true,200,,windows-amd64-20261006222440
run-00454,small-pdf,des-cbc,34,false,531,536,838,0,0,0,0,0,0,0,0,true,200,,windows-amd64-20261006222440
run-00455,small-pdf,des-cbc,35,false,531,536,838,0,0,0,0,0,0,0,1000600,true,200,,windows-amd64-20261006222440
run-00456,small-pdf,rc4-256,1,true,531,531,821,0,0,0,0,0,0,0,0,true,200,,windows-amd64-20261006222440
run-00457,small-pdf,rc4-256,2,true,531,531,821,0,0,1000000,0,0,0,0,1000200,true,200,,windows-amd64-20261006222440
run-00458,small-pdf,rc4-256,3,true,531,531,821,0,0,0,0,0,0,0,0,true,200,,windows-amd64-20261006222440
run-00459,small-pdf,rc4-256,4,true,531,531,821,0,0,0,0,0,0,0,0,true,200,,windows-amd64-20261006222440
run-00460,small-pdf,rc4-256,5,true,531,531,821,0,0,1506000,0,0,0,0,1506100,true,200,,windows-amd64-20261006222440
run-00461,small-pdf,rc4-256,6,false,531,531,821,0,0,0,0,0,0,0,0,true,200,,windows-amd64-20261006222440
run-00462,small-pdf,rc4-256,7,false,531,531,821,0,0,0,0,0,0,0,1533500,true,200,,windows-amd64-20261006222440
run-00463,small-pdf,rc4-256,8,false,531,531,821,0,0,0,0,0,0,0,1008800,true,200,,windows-amd64-20261006222440
run-00464,small-pdf,rc4-256,9,false,531,531,821,0,0,0,0,0,0,0,0,true,200,,windows-amd64-20261006222440
run-00465,small-pdf,rc4-256,10,false,531,531,821,0,0,0,0,0,0,0,1000800,true,200,,windows-amd64-20261006222440
run-00466,small-pdf,rc4-256,11,false,531,531,821,0,0,0,0,0,0,0,1006400,true,200,,windows-amd64-20261006222440
run-00467,small-pdf,rc4-256,12,false,531,531,821,0,0,0,0,0,0,0,0,true,200,,windows-amd64-20261006222440
run-00468,small-pdf,rc4-256,13,false,531,531,821,0,0,998000,0,0,0,0,998600,true,200,,windows-amd64-20261006222440
run-00469,small-pdf,rc4-256,14,false,531,531,821,0,0,0,0,0,0,0,0,true,200,,windows-amd64-20261006222440
run-00470,small-pdf,rc4-256,15,false,531,531,821,0,0,0,0,0,0,0,999900,true,200,,windows-amd64-20261006222440
run-00471,small-pdf,rc4-256,16,false,531,531,821,0,0,0,0,0,0,0,0,true,200,,windows-amd64-20261006222440
run-00472,small-pdf,rc4-256,17,false,531,531,821,0,0,0,0,0,0,0,1000700,true,200,,windows-amd64-20261006222440
run-00473,small-pdf,rc4-256,18,false,531,531,821,0,0,0,0,0,0,0,0,true,200,,windows-amd64-20261006222440
run-00474,small-pdf,rc4-256,19,false,531,531,821,0,0,0,0,0,0,0,0,true,200,,windows-amd64-20261006222440
run-00475,small-pdf,rc4-256,20,false,531,531,821,0,0,0,0,0,0,0,999700,true,200,,windows-amd64-20261006222440
run-00476,small-pdf,rc4-256,21,false,531,531,821,0,0,0,0,0,0,0,0,true,200,,windows-amd64-20261006222440
run-00477,small-pdf,rc4-256,22,false,531,531,821,0,0,0,0,0,0,1000000,1000700,true,200,,windows-amd64-20261006222440
run-00478,small-pdf,rc4-256,23,false,531,531,821,0,0,0,0,0,0,0,0,true,200,,windows-amd64-20261006222440
run-00479,small-pdf,rc4-256,24,false,531,531,821,0,0,0,0,0,0,0,1330400,true,200,,windows-amd64-20261006222440
run-00480,small-pdf,rc4-256,25,false,531,531,821,0,0,0,0,0,0,0,1009300,true,200,,windows-amd64-20261006222440
run-00481,small-pdf,rc4-256,26,false,531,531,821,0,0,0,0,0,0,0,0,true,200,,windows-amd64-20261006222440
run-00482,small-pdf,rc4-256,27,false,531,531,821,0,0,0,0,0,0,0,998000,true,200,,windows-amd64-20261006222440
run-00483,small-pdf,rc4-256,28,false,531,531,821,0,0,0,0,0,0,0,0,true,200,,windows-amd64-20261006222440
run-00484,small-pdf,rc4-256,29,false,531,531,821,0,0,0,0,0,0,0,999300,true,200,,windows-amd64-20261006222440
run-00485,small-pdf,rc4-256,30,false,531,531,821,0,0,0,0,0,0,0,0,true,200,,windows-amd64-20261006222440
run-00486,small-pdf,rc4-256,31,false,531,531,821,0,0,0,0,0,0,0,1000300,true,200,,windows-amd64-20261006222440
run-00487,small-pdf,rc4-256,32,false,531,531,821,0,0,0,0,0,0,0,0,true,200,,windows-amd64-20261006222440
run-00488,small-pdf,rc4-256,33,false,531,531,821,0,0,0,0,0,0,1002000,1002000,true,200,,windows-amd64-20261006222440
run-00489,small-pdf,rc4-256,34,false,531,531,821,0,0,0,0,0,0,0,0,true,200,,windows-amd64-20261006222440
run-00490,small-pdf,rc4-256,35,false,531,531,821,0,0,0,0,0,0,0,0,true,200,,windows-amd64-20261006222440
run-00491,mock-id-png,aes-128-cbc,1,true,4104,4112,4431,0,0,0,0,0,0,0,2999900,true,200,,windows-amd64-20261006222440
run-00492,mock-id-png,aes-128-cbc,2,true,4104,4112,4431,0,0,0,0,0,0,0,1002500,true,200,,windows-amd64-20261006222440
run-00493,mock-id-png,aes-128-cbc,3,true,4104,4112,4431,0,0,0,0,0,0,0,507800,true,200,,windows-amd64-20261006222440
run-00494,mock-id-png,aes-128-cbc,4,true,4104,4112,4431,0,0,0,0,0,0,0,0,true,200,,windows-amd64-20261006222440
run-00495,mock-id-png,aes-128-cbc,5,true,4104,4112,4431,0,0,0,0,0,0,0,0,true,200,,windows-amd64-20261006222440
run-00496,mock-id-png,aes-128-cbc,6,false,4104,4112,4431,0,0,0,0,0,0,0,1007200,true,200,,windows-amd64-20261006222440
run-00497,mock-id-png,aes-128-cbc,7,false,4104,4112,4431,0,0,0,0,0,0,0,0,true,200,,windows-amd64-20261006222440
run-00498,mock-id-png,aes-128-cbc,8,false,4104,4112,4431,0,0,0,0,0,0,0,0,true,200,,windows-amd64-20261006222440
run-00499,mock-id-png,aes-128-cbc,9,false,4104,4112,4431,0,0,0,0,0,0,0,0,true,200,,windows-amd64-20261006222440
run-00500,mock-id-png,aes-128-cbc,10,false,4104,4112,4431,0,0,0,0,0,0,0,0,true,200,,windows-amd64-20261006222440
run-00501,mock-id-png,aes-128-cbc,11,false,4104,4112,4431,0,0,0,0,0,0,0,997000,true,200,,windows-amd64-20261006222440
run-00502,mock-id-png,aes-128-cbc,12,false,4104,4112,4431,0,0,0,0,0,0,0,0,true,200,,windows-amd64-20261006222440
run-00503,mock-id-png,aes-128-cbc,13,false,4104,4112,4431,0,0,0,0,0,0,0,0,true,200,,windows-amd64-20261006222440
run-00504,mock-id-png,aes-128-cbc,14,false,4104,4112,4431,0,0,0,0,0,0,0,999600,true,200,,windows-amd64-20261006222440
run-00505,mock-id-png,aes-128-cbc,15,false,4104,4112,4431,0,0,0,0,0,0,0,1004600,true,200,,windows-amd64-20261006222440
run-00506,mock-id-png,aes-128-cbc,16,false,4104,4112,4431,0,0,0,0,0,0,0,997600,true,200,,windows-amd64-20261006222440
run-00507,mock-id-png,aes-128-cbc,17,false,4104,4112,4431,0,0,0,0,0,0,0,0,true,200,,windows-amd64-20261006222440
run-00508,mock-id-png,aes-128-cbc,18,false,4104,4112,4431,0,0,0,0,0,0,0,997800,true,200,,windows-amd64-20261006222440
run-00509,mock-id-png,aes-128-cbc,19,false,4104,4112,4431,0,0,0,0,0,0,0,0,true,200,,windows-amd64-20261006222440
run-00510,mock-id-png,aes-128-cbc,20,false,4104,4112,4431,0,0,0,0,0,0,0,0,true,200,,windows-amd64-20261006222440
run-00511,mock-id-png,aes-128-cbc,21,false,4104,4112,4431,0,0,0,0,0,0,0,1001500,true,200,,windows-amd64-20261006222440
run-00512,mock-id-png,aes-128-cbc,22,false,4104,4112,4431,0,0,0,0,0,0,0,1000100,true,200,,windows-amd64-20261006222440
run-00513,mock-id-png,aes-128-cbc,23,false,4104,4112,4431,0,0,0,0,0,0,0,999700,true,200,,windows-amd64-20261006222440
run-00514,mock-id-png,aes-128-cbc,24,false,4104,4112,4431,0,0,0,0,0,0,0,0,true,200,,windows-amd64-20261006222440
run-00515,mock-id-png,aes-128-cbc,25,false,4104,4112,4431,0,0,0,0,0,0,0,0,true,200,,windows-amd64-20261006222440
run-00516,mock-id-png,aes-128-cbc,26,false,4104,4112,4431,0,0,0,0,0,0,0,1332900,true,200,,windows-amd64-20261006222440
run-00517,mock-id-png,aes-128-cbc,27,false,4104,4112,4431,0,0,0,0,0,0,0,0,true,200,,windows-amd64-20261006222440
run-00518,mock-id-png,aes-128-cbc,28,false,4104,4112,4431,0,0,0,0,0,0,0,0,true,200,,windows-amd64-20261006222440
run-00519,mock-id-png,aes-128-cbc,29,false,4104,4112,4431,0,0,0,0,0,0,0,1006300,true,200,,windows-amd64-20261006222440
run-00520,mock-id-png,aes-128-cbc,30,false,4104,4112,4431,0,0,0,0,0,0,0,0,true,200,,windows-amd64-20261006222440
run-00521,mock-id-png,aes-128-cbc,31,false,4104,4112,4431,0,0,0,0,0,0,0,0,true,200,,windows-amd64-20261006222440
run-00522,mock-id-png,aes-128-cbc,32,false,4104,4112,4431,0,0,0,0,0,0,0,1000100,true,200,,windows-amd64-20261006222440
run-00523,mock-id-png,aes-128-cbc,33,false,4104,4112,4431,0,0,0,0,0,0,0,0,true,200,,windows-amd64-20261006222440
run-00524,mock-id-png,aes-128-cbc,34,false,4104,4112,4431,0,0,0,0,0,0,0,1001900,true,200,,windows-amd64-20261006222440
run-00525,mock-id-png,aes-128-cbc,35,false,4104,4112,4431,0,0,0,0,0,0,0,997000,true,200,,windows-amd64-20261006222440
run-00526,mock-id-png,aes-128-cfb128,1,true,4104,4104,4426,0,0,0,0,0,0,0,1001000,true,200,,windows-amd64-20261006222440
run-00527,mock-id-png,aes-128-cfb128,2,true,4104,4104,4426,0,0,0,0,0,0,0,0,true,200,,windows-amd64-20261006222440
run-00528,mock-id-png,aes-128-cfb128,3,true,4104,4104,4426,0,0,0,0,0,0,0,998600,true,200,,windows-amd64-20261006222440
run-00529,mock-id-png,aes-128-cfb128,4,true,4104,4104,4426,0,0,0,0,0,0,0,0,true,200,,windows-amd64-20261006222440
run-00530,mock-id-png,aes-128-cfb128,5,true,4104,4104,4426,0,0,0,0,0,0,0,0,true,200,,windows-amd64-20261006222440
run-00531,mock-id-png,aes-128-cfb128,6,false,4104,4104,4426,0,0,0,0,0,0,0,1000400,true,200,,windows-amd64-20261006222440
run-00532,mock-id-png,aes-128-cfb128,7,false,4104,4104,4426,0,0,0,0,0,0,0,0,true,200,,windows-amd64-20261006222440
run-00533,mock-id-png,aes-128-cfb128,8,false,4104,4104,4426,0,0,0,0,0,0,0,1001200,true,200,,windows-amd64-20261006222440
run-00534,mock-id-png,aes-128-cfb128,9,false,4104,4104,4426,0,0,0,0,0,0,0,0,true,200,,windows-amd64-20261006222440
run-00535,mock-id-png,aes-128-cfb128,10,false,4104,4104,4426,0,0,0,0,0,0,0,1072800,true,200,,windows-amd64-20261006222440
run-00536,mock-id-png,aes-128-cfb128,11,false,4104,4104,4426,0,0,0,0,0,0,0,0,true,200,,windows-amd64-20261006222440
run-00537,mock-id-png,aes-128-cfb128,12,false,4104,4104,4426,0,0,0,0,0,0,0,1001700,true,200,,windows-amd64-20261006222440
run-00538,mock-id-png,aes-128-cfb128,13,false,4104,4104,4426,0,0,0,0,0,0,0,0,true,200,,windows-amd64-20261006222440
run-00539,mock-id-png,aes-128-cfb128,14,false,4104,4104,4426,0,0,0,0,0,0,0,999000,true,200,,windows-amd64-20261006222440
run-00540,mock-id-png,aes-128-cfb128,15,false,4104,4104,4426,0,0,0,0,0,0,0,0,true,200,,windows-amd64-20261006222440
run-00541,mock-id-png,aes-128-cfb128,16,false,4104,4104,4426,0,0,0,0,0,0,0,0,true,200,,windows-amd64-20261006222440
run-00542,mock-id-png,aes-128-cfb128,17,false,4104,4104,4426,0,0,0,0,0,0,0,999600,true,200,,windows-amd64-20261006222440
run-00543,mock-id-png,aes-128-cfb128,18,false,4104,4104,4426,0,0,0,0,0,0,0,0,true,200,,windows-amd64-20261006222440
run-00544,mock-id-png,aes-128-cfb128,19,false,4104,4104,4426,0,0,0,0,0,0,0,0,true,200,,windows-amd64-20261006222440
run-00545,mock-id-png,aes-128-cfb128,20,false,4104,4104,4426,0,0,0,0,0,0,0,999500,true,200,,windows-amd64-20261006222440
run-00546,mock-id-png,aes-128-cfb128,21,false,4104,4104,4426,0,0,0,0,0,0,0,0,true,200,,windows-amd64-20261006222440
run-00547,mock-id-png,aes-128-cfb128,22,false,4104,4104,4426,0,0,0,0,0,0,0,1000800,true,200,,windows-amd64-20261006222440
run-00548,mock-id-png,aes-128-cfb128,23,false,4104,4104,4426,0,0,0,0,0,0,0,0,true,200,,windows-amd64-20261006222440
run-00549,mock-id-png,aes-128-cfb128,24,false,4104,4104,4426,0,0,0,0,0,0,0,998800,true,200,,windows-amd64-20261006222440
run-00550,mock-id-png,aes-128-cfb128,25,false,4104,4104,4426,0,0,0,0,0,0,0,0,true,200,,windows-amd64-20261006222440
run-00551,mock-id-png,aes-128-cfb128,26,false,4104,4104,4426,0,0,0,0,0,0,0,1000300,true,200,,windows-amd64-20261006222440
run-00552,mock-id-png,aes-128-cfb128,27,false,4104,4104,4426,0,0,0,0,0,0,0,0,true,200,,windows-amd64-20261006222440
run-00553,mock-id-png,aes-128-cfb128,28,false,4104,4104,4426,0,0,0,0,0,0,0,0,true,200,,windows-amd64-20261006222440
run-00554,mock-id-png,aes-128-cfb128,29,false,4104,4104,4426,0,0,0,0,0,0,0,0,true,200,,windows-amd64-20261006222440
run-00555,mock-id-png,aes-128-cfb128,30,false,4104,4104,4426,0,0,0,0,0,0,0,2037300,true,200,,windows-amd64-20261006222440
run-00556,mock-id-png,aes-128-cfb128,31,false,4104,4104,4426,0,0,1008000,0,0,0,0,2018200,true,200,,windows-amd64-20261006222440
run-00557,mock-id-png,aes-128-cfb128,32,false,4104,4104,4426,0,0,0,0,0,0,0,1002200,true,200,,windows-amd64-20261006222440
run-00558,mock-id-png,aes-128-cfb128,33,false,4104,4104,4426,0,0,0,0,0,0,0,0,true,200,,windows-amd64-20261006222440
run-00559,mock-id-png,aes-128-cfb128,34,false,4104,4104,4426,0,0,0,0,0,0,0,998400,true,200,,windows-amd64-20261006222440
run-00560,mock-id-png,aes-128-cfb128,35,false,4104,4104,4426,0,0,0,0,0,0,0,999400,true,200,,windows-amd64-20261006222440
run-00561,mock-id-png,aes-128-ofb,1,true,4104,4104,4423,0,0,0,0,0,0,0,999700,true,200,,windows-amd64-20261006222440
run-00562,mock-id-png,aes-128-ofb,2,true,4104,4104,4423,0,0,0,0,0,0,0,0,true,200,,windows-amd64-20261006222440
run-00563,mock-id-png,aes-128-ofb,3,true,4104,4104,4423,0,0,0,0,0,0,0,1000100,true,200,,windows-amd64-20261006222440
run-00564,mock-id-png,aes-128-ofb,4,true,4104,4104,4423,0,0,0,0,0,0,0,0,true,200,,windows-amd64-20261006222440
run-00565,mock-id-png,aes-128-ofb,5,true,4104,4104,4423,0,0,0,0,0,0,0,997300,true,200,,windows-amd64-20261006222440
run-00566,mock-id-png,aes-128-ofb,6,false,4104,4104,4423,0,0,0,0,0,0,0,0,true,200,,windows-amd64-20261006222440
run-00567,mock-id-png,aes-128-ofb,7,false,4104,4104,4423,0,0,0,0,0,0,0,0,true,200,,windows-amd64-20261006222440
run-00568,mock-id-png,aes-128-ofb,8,false,4104,4104,4423,0,0,0,0,0,0,0,0,true,200,,windows-amd64-20261006222440
run-00569,mock-id-png,aes-128-ofb,9,false,4104,4104,4423,0,0,0,0,0,0,0,1506600,true,200,,windows-amd64-20261006222440
run-00570,mock-id-png,aes-128-ofb,10,false,4104,4104,4423,0,0,0,0,0,0,0,0,true,200,,windows-amd64-20261006222440
run-00571,mock-id-png,aes-128-ofb,11,false,4104,4104,4423,0,0,0,0,0,0,0,0,true,200,,windows-amd64-20261006222440
run-00572,mock-id-png,aes-128-ofb,12,false,4104,4104,4423,0,0,0,0,0,0,0,0,true,200,,windows-amd64-20261006222440
run-00573,mock-id-png,aes-128-ofb,13,false,4104,4104,4423,0,0,0,0,0,0,0,1118700,true,200,,windows-amd64-20261006222440
run-00574,mock-id-png,aes-128-ofb,14,false,4104,4104,4423,0,0,0,0,0,0,0,0,true,200,,windows-amd64-20261006222440
run-00575,mock-id-png,aes-128-ofb,15,false,4104,4104,4423,0,0,0,0,0,0,0,0,true,200,,windows-amd64-20261006222440
run-00576,mock-id-png,aes-128-ofb,16,false,4104,4104,4423,0,0,0,0,0,0,0,2000700,true,200,,windows-amd64-20261006222440
run-00577,mock-id-png,aes-128-ofb,17,false,4104,4104,4423,0,0,0,0,0,0,0,0,true,200,,windows-amd64-20261006222440
run-00578,mock-id-png,aes-128-ofb,18,false,4104,4104,4423,0,0,0,0,0,0,0,0,true,200,,windows-amd64-20261006222440
run-00579,mock-id-png,aes-128-ofb,19,false,4104,4104,4423,0,0,0,0,0,0,0,999700,true,200,,windows-amd64-20261006222440
run-00580,mock-id-png,aes-128-ofb,20,false,4104,4104,4423,0,0,0,0,0,0,0,0,true,200,,windows-amd64-20261006222440
run-00581,mock-id-png,aes-128-ofb,21,false,4104,4104,4423,0,0,0,0,0,0,0,1068500,true,200,,windows-amd64-20261006222440
run-00582,mock-id-png,aes-128-ofb,22,false,4104,4104,4423,0,0,507000,0,0,0,0,1509900,true,200,,windows-amd64-20261006222440
run-00583,mock-id-png,aes-128-ofb,23,false,4104,4104,4423,0,0,0,0,0,0,0,1007100,true,200,,windows-amd64-20261006222440
run-00584,mock-id-png,aes-128-ofb,24,false,4104,4104,4423,0,0,0,0,0,0,0,0,true,200,,windows-amd64-20261006222440
run-00585,mock-id-png,aes-128-ofb,25,false,4104,4104,4423,0,0,507000,0,0,0,0,2857700,true,200,,windows-amd64-20261006222440
run-00586,mock-id-png,aes-128-ofb,26,false,4104,4104,4423,0,0,0,0,0,0,0,1009600,true,200,,windows-amd64-20261006222440
run-00587,mock-id-png,aes-128-ofb,27,false,4104,4104,4423,0,0,0,0,0,0,0,0,true,200,,windows-amd64-20261006222440
run-00588,mock-id-png,aes-128-ofb,28,false,4104,4104,4423,0,0,0,0,0,0,0,995700,true,200,,windows-amd64-20261006222440
run-00589,mock-id-png,aes-128-ofb,29,false,4104,4104,4423,0,0,0,0,0,0,0,0,true,200,,windows-amd64-20261006222440
run-00590,mock-id-png,aes-128-ofb,30,false,4104,4104,4423,0,0,0,1002000,0,0,1002000,1002600,true,200,,windows-amd64-20261006222440
run-00591,mock-id-png,aes-128-ofb,31,false,4104,4104,4423,0,0,0,0,0,0,0,0,true,200,,windows-amd64-20261006222440
run-00592,mock-id-png,aes-128-ofb,32,false,4104,4104,4423,0,0,0,0,0,0,0,0,true,200,,windows-amd64-20261006222440
run-00593,mock-id-png,aes-128-ofb,33,false,4104,4104,4423,0,0,0,0,0,0,0,1001700,true,200,,windows-amd64-20261006222440
run-00594,mock-id-png,aes-128-ofb,34,false,4104,4104,4423,0,0,0,0,0,0,0,996400,true,200,,windows-amd64-20261006222440
run-00595,mock-id-png,aes-128-ofb,35,false,4104,4104,4423,0,0,0,0,0,0,0,0,true,200,,windows-amd64-20261006222440
run-00596,mock-id-png,aes-128-ctr,1,true,4104,4104,4423,0,0,1000000,0,0,0,0,1000600,true,200,,windows-amd64-20261006222440
run-00597,mock-id-png,aes-128-ctr,2,true,4104,4104,4423,0,0,0,0,0,0,0,0,true,200,,windows-amd64-20261006222440
run-00598,mock-id-png,aes-128-ctr,3,true,4104,4104,4423,0,0,0,0,0,0,0,1000000,true,200,,windows-amd64-20261006222440
run-00599,mock-id-png,aes-128-ctr,4,true,4104,4104,4423,0,0,0,0,0,0,0,0,true,200,,windows-amd64-20261006222440
run-00600,mock-id-png,aes-128-ctr,5,true,4104,4104,4423,0,0,0,0,0,0,0,2519200,true,200,,windows-amd64-20261006222440
run-00601,mock-id-png,aes-128-ctr,6,false,4104,4104,4423,0,0,0,0,0,0,0,997600,true,200,,windows-amd64-20261006222440
run-00602,mock-id-png,aes-128-ctr,7,false,4104,4104,4423,0,0,1867000,0,0,0,0,1867800,true,200,,windows-amd64-20261006222440
run-00603,mock-id-png,aes-128-ctr,8,false,4104,4104,4423,0,0,0,0,0,0,0,2015700,true,200,,windows-amd64-20261006222440
run-00604,mock-id-png,aes-128-ctr,9,false,4104,4104,4423,0,0,0,0,0,0,0,1001300,true,200,,windows-amd64-20261006222440
run-00605,mock-id-png,aes-128-ctr,10,false,4104,4104,4423,0,0,0,0,0,0,0,506900,true,200,,windows-amd64-20261006222440
run-00606,mock-id-png,aes-128-ctr,11,false,4104,4104,4423,0,0,0,0,0,0,0,1006500,true,200,,windows-amd64-20261006222440
run-00607,mock-id-png,aes-128-ctr,12,false,4104,4104,4423,0,0,0,0,0,0,0,1506200,true,200,,windows-amd64-20261006222440
run-00608,mock-id-png,aes-128-ctr,13,false,4104,4104,4423,0,0,0,0,0,0,0,0,true,200,,windows-amd64-20261006222440
run-00609,mock-id-png,aes-128-ctr,14,false,4104,4104,4423,0,0,0,0,0,0,0,1011200,true,200,,windows-amd64-20261006222440
run-00610,mock-id-png,aes-128-ctr,15,false,4104,4104,4423,0,0,0,0,0,0,0,0,true,200,,windows-amd64-20261006222440
run-00611,mock-id-png,aes-128-ctr,16,false,4104,4104,4423,0,0,0,0,0,0,0,1505100,true,200,,windows-amd64-20261006222440
run-00612,mock-id-png,aes-128-ctr,17,false,4104,4104,4423,0,0,0,0,0,0,0,0,true,200,,windows-amd64-20261006222440
run-00613,mock-id-png,aes-128-ctr,18,false,4104,4104,4423,0,0,0,0,0,0,0,1008400,true,200,,windows-amd64-20261006222440
run-00614,mock-id-png,aes-128-ctr,19,false,4104,4104,4423,0,0,0,0,0,0,0,998400,true,200,,windows-amd64-20261006222440
run-00615,mock-id-png,aes-128-ctr,20,false,4104,4104,4423,0,0,0,0,0,0,0,0,true,200,,windows-amd64-20261006222440
run-00616,mock-id-png,aes-128-ctr,21,false,4104,4104,4423,0,0,0,0,0,0,0,1000200,true,200,,windows-amd64-20261006222440
run-00617,mock-id-png,aes-128-ctr,22,false,4104,4104,4423,0,0,0,0,0,0,0,998900,true,200,,windows-amd64-20261006222440
run-00618,mock-id-png,aes-128-ctr,23,false,4104,4104,4423,0,0,0,0,0,0,0,0,true,200,,windows-amd64-20261006222440
run-00619,mock-id-png,aes-128-ctr,24,false,4104,4104,4423,0,0,0,0,0,0,0,1001800,true,200,,windows-amd64-20261006222440
run-00620,mock-id-png,aes-128-ctr,25,false,4104,4104,4423,0,0,0,0,0,0,0,0,true,200,,windows-amd64-20261006222440
run-00621,mock-id-png,aes-128-ctr,26,false,4104,4104,4423,0,0,0,0,0,0,0,998800,true,200,,windows-amd64-20261006222440
run-00622,mock-id-png,aes-128-ctr,27,false,4104,4104,4423,0,0,0,0,0,0,0,0,true,200,,windows-amd64-20261006222440
run-00623,mock-id-png,aes-128-ctr,28,false,4104,4104,4423,0,0,0,0,0,0,0,1507500,true,200,,windows-amd64-20261006222440
run-00624,mock-id-png,aes-128-ctr,29,false,4104,4104,4423,0,0,0,0,0,0,0,2010200,true,200,,windows-amd64-20261006222440
run-00625,mock-id-png,aes-128-ctr,30,false,4104,4104,4423,0,0,0,0,0,0,0,1000600,true,200,,windows-amd64-20261006222440
run-00626,mock-id-png,aes-128-ctr,31,false,4104,4104,4423,0,0,0,0,0,0,0,0,true,200,,windows-amd64-20261006222440
run-00627,mock-id-png,aes-128-ctr,32,false,4104,4104,4423,0,0,0,0,0,0,0,1192100,true,200,,windows-amd64-20261006222440
run-00628,mock-id-png,aes-128-ctr,33,false,4104,4104,4423,0,0,0,0,0,0,0,0,true,200,,windows-amd64-20261006222440
run-00629,mock-id-png,aes-128-ctr,34,false,4104,4104,4423,0,0,0,0,0,0,0,999800,true,200,,windows-amd64-20261006222440
run-00630,mock-id-png,aes-128-ctr,35,false,4104,4104,4423,0,0,0,0,0,0,0,0,true,200,,windows-amd64-20261006222440
run-00631,mock-id-png,aes-192-cbc,1,true,4104,4112,4431,0,0,0,0,0,0,0,0,true,200,,windows-amd64-20261006222440
run-00632,mock-id-png,aes-192-cbc,2,true,4104,4112,4431,0,0,0,0,0,0,0,999800,true,200,,windows-amd64-20261006222440
run-00633,mock-id-png,aes-192-cbc,3,true,4104,4112,4431,0,0,0,0,0,0,0,0,true,200,,windows-amd64-20261006222440
run-00634,mock-id-png,aes-192-cbc,4,true,4104,4112,4431,0,0,0,0,0,0,0,0,true,200,,windows-amd64-20261006222440
run-00635,mock-id-png,aes-192-cbc,5,true,4104,4112,4431,0,0,0,0,0,0,0,1000400,true,200,,windows-amd64-20261006222440
run-00636,mock-id-png,aes-192-cbc,6,false,4104,4112,4431,0,0,0,0,0,0,0,0,true,200,,windows-amd64-20261006222440
run-00637,mock-id-png,aes-192-cbc,7,false,4104,4112,4431,0,0,0,0,0,0,0,999400,true,200,,windows-amd64-20261006222440
run-00638,mock-id-png,aes-192-cbc,8,false,4104,4112,4431,0,0,0,0,0,0,0,0,true,200,,windows-amd64-20261006222440
run-00639,mock-id-png,aes-192-cbc,9,false,4104,4112,4431,0,0,0,0,0,0,0,0,true,200,,windows-amd64-20261006222440
run-00640,mock-id-png,aes-192-cbc,10,false,4104,4112,4431,0,0,0,0,0,0,0,998200,true,200,,windows-amd64-20261006222440
run-00641,mock-id-png,aes-192-cbc,11,false,4104,4112,4431,0,0,0,0,0,0,0,0,true,200,,windows-amd64-20261006222440
run-00642,mock-id-png,aes-192-cbc,12,false,4104,4112,4431,0,0,0,0,0,0,0,0,true,200,,windows-amd64-20261006222440
run-00643,mock-id-png,aes-192-cbc,13,false,4104,4112,4431,0,0,0,0,0,0,0,1001900,true,200,,windows-amd64-20261006222440
run-00644,mock-id-png,aes-192-cbc,14,false,4104,4112,4431,0,0,0,0,0,0,0,0,true,200,,windows-amd64-20261006222440
run-00645,mock-id-png,aes-192-cbc,15,false,4104,4112,4431,0,0,0,0,0,0,0,0,true,200,,windows-amd64-20261006222440
run-00646,mock-id-png,aes-192-cbc,16,false,4104,4112,4431,0,0,0,0,0,0,0,1288000,true,200,,windows-amd64-20261006222440
run-00647,mock-id-png,aes-192-cbc,17,false,4104,4112,4431,0,0,0,0,0,0,0,0,true,200,,windows-amd64-20261006222440
run-00648,mock-id-png,aes-192-cbc,18,false,4104,4112,4431,0,0,0,0,0,0,0,0,true,200,,windows-amd64-20261006222440
run-00649,mock-id-png,aes-192-cbc,19,false,4104,4112,4431,0,0,0,0,0,0,0,999500,true,200,,windows-amd64-20261006222440
run-00650,mock-id-png,aes-192-cbc,20,false,4104,4112,4431,0,0,0,0,0,0,0,1000400,true,200,,windows-amd64-20261006222440
run-00651,mock-id-png,aes-192-cbc,21,false,4104,4112,4431,0,0,0,0,0,0,0,0,true,200,,windows-amd64-20261006222440
run-00652,mock-id-png,aes-192-cbc,22,false,4104,4112,4431,0,0,0,0,0,0,0,1040100,true,200,,windows-amd64-20261006222440
run-00653,mock-id-png,aes-192-cbc,23,false,4104,4112,4431,0,0,0,0,0,0,0,0,true,200,,windows-amd64-20261006222440
run-00654,mock-id-png,aes-192-cbc,24,false,4104,4112,4431,0,0,0,0,0,0,0,1000300,true,200,,windows-amd64-20261006222440
run-00655,mock-id-png,aes-192-cbc,25,false,4104,4112,4431,0,0,0,0,0,1000999,1000999,1001500,true,200,,windows-amd64-20261006222440
run-00656,mock-id-png,aes-192-cbc,26,false,4104,4112,4431,0,0,0,0,0,0,0,999400,true,200,,windows-amd64-20261006222440
run-00657,mock-id-png,aes-192-cbc,27,false,4104,4112,4431,0,0,0,0,0,0,0,999200,true,200,,windows-amd64-20261006222440
run-00658,mock-id-png,aes-192-cbc,28,false,4104,4112,4431,0,0,0,0,0,0,0,505700,true,200,,windows-amd64-20261006222440
run-00659,mock-id-png,aes-192-cbc,29,false,4104,4112,4431,0,0,0,0,0,0,0,1004300,true,200,,windows-amd64-20261006222440
run-00660,mock-id-png,aes-192-cbc,30,false,4104,4112,4431,0,0,1004000,0,0,0,0,1004800,true,200,,windows-amd64-20261006222440
run-00661,mock-id-png,aes-192-cbc,31,false,4104,4112,4431,0,0,0,0,0,0,0,0,true,200,,windows-amd64-20261006222440
run-00662,mock-id-png,aes-192-cbc,32,false,4104,4112,4431,0,0,0,0,0,0,0,1000500,true,200,,windows-amd64-20261006222440
run-00663,mock-id-png,aes-192-cbc,33,false,4104,4112,4431,0,0,0,0,0,0,0,0,true,200,,windows-amd64-20261006222440
run-00664,mock-id-png,aes-192-cbc,34,false,4104,4112,4431,0,0,1505000,0,0,0,0,1505100,true,200,,windows-amd64-20261006222440
run-00665,mock-id-png,aes-192-cbc,35,false,4104,4112,4431,0,0,0,0,0,0,0,0,true,200,,windows-amd64-20261006222440
run-00666,mock-id-png,aes-192-cfb128,1,true,4104,4104,4426,0,0,0,0,0,0,0,1005200,true,200,,windows-amd64-20261006222440
run-00667,mock-id-png,aes-192-cfb128,2,true,4104,4104,4426,0,0,0,0,0,0,0,999800,true,200,,windows-amd64-20261006222440
run-00668,mock-id-png,aes-192-cfb128,3,true,4104,4104,4426,0,0,0,0,0,0,0,0,true,200,,windows-amd64-20261006222440
run-00669,mock-id-png,aes-192-cfb128,4,true,4104,4104,4426,0,0,0,0,0,0,0,1000100,true,200,,windows-amd64-20261006222440
run-00670,mock-id-png,aes-192-cfb128,5,true,4104,4104,4426,0,0,0,0,0,0,0,0,true,200,,windows-amd64-20261006222440
run-00671,mock-id-png,aes-192-cfb128,6,false,4104,4104,4426,0,0,0,0,0,0,0,1000100,true,200,,windows-amd64-20261006222440
run-00672,mock-id-png,aes-192-cfb128,7,false,4104,4104,4426,0,0,0,0,0,0,0,1000200,true,200,,windows-amd64-20261006222440
run-00673,mock-id-png,aes-192-cfb128,8,false,4104,4104,4426,0,0,0,0,0,0,0,0,true,200,,windows-amd64-20261006222440
run-00674,mock-id-png,aes-192-cfb128,9,false,4104,4104,4426,0,0,0,0,0,0,0,1505000,true,200,,windows-amd64-20261006222440
run-00675,mock-id-png,aes-192-cfb128,10,false,4104,4104,4426,0,0,1006999,0,0,0,0,1007300,true,200,,windows-amd64-20261006222440
run-00676,mock-id-png,aes-192-cfb128,11,false,4104,4104,4426,0,0,0,0,0,0,0,682200,true,200,,windows-amd64-20261006222440
run-00677,mock-id-png,aes-192-cfb128,12,false,4104,4104,4426,0,0,1006999,0,0,0,0,1007300,true,200,,windows-amd64-20261006222440
run-00678,mock-id-png,aes-192-cfb128,13,false,4104,4104,4426,0,0,0,0,0,0,0,0,true,200,,windows-amd64-20261006222440
run-00679,mock-id-png,aes-192-cfb128,14,false,4104,4104,4426,0,0,0,0,0,0,0,1001800,true,200,,windows-amd64-20261006222440
run-00680,mock-id-png,aes-192-cfb128,15,false,4104,4104,4426,0,0,0,0,0,0,0,0,true,200,,windows-amd64-20261006222440
run-00681,mock-id-png,aes-192-cfb128,16,false,4104,4104,4426,0,0,0,0,0,0,0,0,true,200,,windows-amd64-20261006222440
run-00682,mock-id-png,aes-192-cfb128,17,false,4104,4104,4426,0,0,0,0,0,0,0,995500,true,200,,windows-amd64-20261006222440
run-00683,mock-id-png,aes-192-cfb128,18,false,4104,4104,4426,0,0,0,0,0,0,0,999000,true,200,,windows-amd64-20261006222440
run-00684,mock-id-png,aes-192-cfb128,19,false,4104,4104,4426,0,0,0,0,0,0,0,0,true,200,,windows-amd64-20261006222440
run-00685,mock-id-png,aes-192-cfb128,20,false,4104,4104,4426,0,0,0,0,0,0,0,1002700,true,200,,windows-amd64-20261006222440
run-00686,mock-id-png,aes-192-cfb128,21,false,4104,4104,4426,0,0,996000,0,0,0,0,996100,true,200,,windows-amd64-20261006222440
run-00687,mock-id-png,aes-192-cfb128,22,false,4104,4104,4426,0,0,0,0,0,0,0,0,true,200,,windows-amd64-20261006222440
run-00688,mock-id-png,aes-192-cfb128,23,false,4104,4104,4426,0,0,0,0,0,0,0,1000700,true,200,,windows-amd64-20261006222440
run-00689,mock-id-png,aes-192-cfb128,24,false,4104,4104,4426,0,0,1034000,0,0,0,0,1034300,true,200,,windows-amd64-20261006222440
run-00690,mock-id-png,aes-192-cfb128,25,false,4104,4104,4426,0,0,0,0,0,0,0,0,true,200,,windows-amd64-20261006222440
run-00691,mock-id-png,aes-192-cfb128,26,false,4104,4104,4426,0,0,0,0,0,0,0,999300,true,200,,windows-amd64-20261006222440
run-00692,mock-id-png,aes-192-cfb128,27,false,4104,4104,4426,0,0,0,0,0,0,0,999800,true,200,,windows-amd64-20261006222440
run-00693,mock-id-png,aes-192-cfb128,28,false,4104,4104,4426,0,0,0,0,0,0,0,0,true,200,,windows-amd64-20261006222440
run-00694,mock-id-png,aes-192-cfb128,29,false,4104,4104,4426,0,0,0,0,0,0,0,999800,true,200,,windows-amd64-20261006222440
run-00695,mock-id-png,aes-192-cfb128,30,false,4104,4104,4426,0,0,0,0,0,0,0,0,true,200,,windows-amd64-20261006222440
run-00696,mock-id-png,aes-192-cfb128,31,false,4104,4104,4426,0,0,0,0,0,0,0,1044500,true,200,,windows-amd64-20261006222440
run-00697,mock-id-png,aes-192-cfb128,32,false,4104,4104,4426,0,0,0,0,0,0,0,1000300,true,200,,windows-amd64-20261006222440
run-00698,mock-id-png,aes-192-cfb128,33,false,4104,4104,4426,0,0,0,0,0,0,0,1002300,true,200,,windows-amd64-20261006222440
run-00699,mock-id-png,aes-192-cfb128,34,false,4104,4104,4426,0,0,0,0,0,0,0,999300,true,200,,windows-amd64-20261006222440
run-00700,mock-id-png,aes-192-cfb128,35,false,4104,4104,4426,0,0,0,0,0,0,0,2002400,true,200,,windows-amd64-20261006222440
run-00701,mock-id-png,aes-192-ofb,1,true,4104,4104,4423,0,510200,0,0,0,0,0,1015600,true,200,,windows-amd64-20261006222440
run-00702,mock-id-png,aes-192-ofb,2,true,4104,4104,4423,0,510200,0,0,0,0,0,992500,true,200,,windows-amd64-20261006222440
run-00703,mock-id-png,aes-192-ofb,3,true,4104,4104,4423,0,510200,0,0,0,0,0,0,true,200,,windows-amd64-20261006222440
run-00704,mock-id-png,aes-192-ofb,4,true,4104,4104,4423,0,510200,0,0,0,0,0,0,true,200,,windows-amd64-20261006222440
run-00705,mock-id-png,aes-192-ofb,5,true,4104,4104,4423,0,510200,0,0,0,0,0,0,true,200,,windows-amd64-20261006222440
run-00706,mock-id-png,aes-192-ofb,6,false,4104,4104,4423,0,510200,0,0,0,0,0,1505400,true,200,,windows-amd64-20261006222440
run-00707,mock-id-png,aes-192-ofb,7,false,4104,4104,4423,0,510200,0,0,0,0,0,0,true,200,,windows-amd64-20261006222440
run-00708,mock-id-png,aes-192-ofb,8,false,4104,4104,4423,0,510200,0,0,0,0,0,0,true,200,,windows-amd64-20261006222440
run-00709,mock-id-png,aes-192-ofb,9,false,4104,4104,4423,0,510200,1006999,0,0,0,0,1007000,true,200,,windows-amd64-20261006222440
run-00710,mock-id-png,aes-192-ofb,10,false,4104,4104,4423,0,510200,0,0,0,0,0,0,true,200,,windows-amd64-20261006222440
run-00711,mock-id-png,aes-192-ofb,11,false,4104,4104,4423,0,510200,0,0,0,0,0,0,true,200,,windows-amd64-20261006222440
run-00712,mock-id-png,aes-192-ofb,12,false,4104,4104,4423,0,510200,0,0,0,0,0,0,true,200,,windows-amd64-20261006222440
run-00713,mock-id-png,aes-192-ofb,13,false,4104,4104,4423,0,510200,0,0,0,0,0,999600,true,200,,windows-amd64-20261006222440
run-00714,mock-id-png,aes-192-ofb,14,false,4104,4104,4423,0,510200,0,0,0,0,0,0,true,200,,windows-amd64-20261006222440
run-00715,mock-id-png,aes-192-ofb,15,false,4104,4104,4423,0,510200,0,0,0,0,0,1002000,true,200,,windows-amd64-20261006222440
run-00716,mock-id-png,aes-192-ofb,16,false,4104,4104,4423,0,510200,0,0,0,0,0,0,true,200,,windows-amd64-20261006222440
run-00717,mock-id-png,aes-192-ofb,17,false,4104,4104,4423,0,510200,0,0,0,0,0,0,true,200,,windows-amd64-20261006222440
run-00718,mock-id-png,aes-192-ofb,18,false,4104,4104,4423,0,510200,0,0,0,0,0,998600,true,200,,windows-amd64-20261006222440
run-00719,mock-id-png,aes-192-ofb,19,false,4104,4104,4423,0,510200,0,0,0,0,0,0,true,200,,windows-amd64-20261006222440
run-00720,mock-id-png,aes-192-ofb,20,false,4104,4104,4423,0,510200,0,0,0,0,0,0,true,200,,windows-amd64-20261006222440
run-00721,mock-id-png,aes-192-ofb,21,false,4104,4104,4423,0,510200,0,0,0,0,0,1000900,true,200,,windows-amd64-20261006222440
run-00722,mock-id-png,aes-192-ofb,22,false,4104,4104,4423,0,510200,0,0,0,0,0,0,true,200,,windows-amd64-20261006222440
run-00723,mock-id-png,aes-192-ofb,23,false,4104,4104,4423,0,510200,0,0,0,0,0,2053000,true,200,,windows-amd64-20261006222440
run-00724,mock-id-png,aes-192-ofb,24,false,4104,4104,4423,0,510200,0,0,0,0,0,0,true,200,,windows-amd64-20261006222440
run-00725,mock-id-png,aes-192-ofb,25,false,4104,4104,4423,0,510200,0,0,0,0,0,1000800,true,200,,windows-amd64-20261006222440
run-00726,mock-id-png,aes-192-ofb,26,false,4104,4104,4423,0,510200,0,0,0,0,0,999200,true,200,,windows-amd64-20261006222440
run-00727,mock-id-png,aes-192-ofb,27,false,4104,4104,4423,0,510200,0,0,0,0,0,1508500,true,200,,windows-amd64-20261006222440
run-00728,mock-id-png,aes-192-ofb,28,false,4104,4104,4423,0,510200,0,0,0,0,0,0,true,200,,windows-amd64-20261006222440
run-00729,mock-id-png,aes-192-ofb,29,false,4104,4104,4423,0,510200,0,0,0,0,0,1010900,true,200,,windows-amd64-20261006222440
run-00730,mock-id-png,aes-192-ofb,30,false,4104,4104,4423,0,510200,0,0,0,0,1512000,1512100,true,200,,windows-amd64-20261006222440
run-00731,mock-id-png,aes-192-ofb,31,false,4104,4104,4423,0,510200,0,0,0,0,0,1012600,true,200,,windows-amd64-20261006222440
run-00732,mock-id-png,aes-192-ofb,32,false,4104,4104,4423,0,510200,0,0,0,0,0,1511100,true,200,,windows-amd64-20261006222440
run-00733,mock-id-png,aes-192-ofb,33,false,4104,4104,4423,0,510200,0,0,0,0,0,2009600,true,200,,windows-amd64-20261006222440
run-00734,mock-id-png,aes-192-ofb,34,false,4104,4104,4423,0,510200,0,0,0,0,0,0,true,200,,windows-amd64-20261006222440
run-00735,mock-id-png,aes-192-ofb,35,false,4104,4104,4423,0,510200,0,0,0,0,0,1005600,true,200,,windows-amd64-20261006222440
run-00736,mock-id-png,aes-192-ctr,1,true,4104,4104,4423,0,0,0,0,0,0,0,0,true,200,,windows-amd64-20261006222440
run-00737,mock-id-png,aes-192-ctr,2,true,4104,4104,4423,0,0,1506000,0,0,0,0,1506800,true,200,,windows-amd64-20261006222440
run-00738,mock-id-png,aes-192-ctr,3,true,4104,4104,4423,0,0,0,0,0,0,0,0,true,200,,windows-amd64-20261006222440
run-00739,mock-id-png,aes-192-ctr,4,true,4104,4104,4423,0,0,1006999,0,0,0,0,1007700,true,200,,windows-amd64-20261006222440
run-00740,mock-id-png,aes-192-ctr,5,true,4104,4104,4423,0,0,0,0,0,0,0,0,true,200,,windows-amd64-20261006222440
run-00741,mock-id-png,aes-192-ctr,6,false,4104,4104,4423,0,0,0,0,0,0,0,0,true,200,,windows-amd64-20261006222440
run-00742,mock-id-png,aes-192-ctr,7,false,4104,4104,4423,0,0,0,0,0,0,0,1000300,true,200,,windows-amd64-20261006222440
run-00743,mock-id-png,aes-192-ctr,8,false,4104,4104,4423,0,0,0,0,0,0,0,1002400,true,200,,windows-amd64-20261006222440
run-00744,mock-id-png,aes-192-ctr,9,false,4104,4104,4423,0,0,0,0,0,0,0,1458600,true,200,,windows-amd64-20261006222440
run-00745,mock-id-png,aes-192-ctr,10,false,4104,4104,4423,0,0,0,1006999,0,0,1006999,1007900,true,200,,windows-amd64-20261006222440
run-00746,mock-id-png,aes-192-ctr,11,false,4104,4104,4423,0,0,0,0,0,0,0,1164800,true,200,,windows-amd64-20261006222440
run-00747,mock-id-png,aes-192-ctr,12,false,4104,4104,4423,0,0,0,0,0,0,0,1010900,true,200,,windows-amd64-20261006222440
run-00748,mock-id-png,aes-192-ctr,13,false,4104,4104,4423,0,0,0,0,0,0,0,989100,true,200,,windows-amd64-20261006222440
run-00749,mock-id-png,aes-192-ctr,14,false,4104,4104,4423,0,0,0,0,0,0,0,0,true,200,,windows-amd64-20261006222440
run-00750,mock-id-png,aes-192-ctr,15,false,4104,4104,4423,0,0,0,0,0,0,0,1509600,true,200,,windows-amd64-20261006222440
run-00751,mock-id-png,aes-192-ctr,16,false,4104,4104,4423,0,0,0,0,0,0,0,1012200,true,200,,windows-amd64-20261006222440
run-00752,mock-id-png,aes-192-ctr,17,false,4104,4104,4423,0,0,0,0,0,0,0,998700,true,200,,windows-amd64-20261006222440
run-00753,mock-id-png,aes-192-ctr,18,false,4104,4104,4423,0,0,1000000,0,0,0,0,1000200,true,200,,windows-amd64-20261006222440
run-00754,mock-id-png,aes-192-ctr,19,false,4104,4104,4423,0,0,0,0,0,0,0,0,true,200,,windows-amd64-20261006222440
run-00755,mock-id-png,aes-192-ctr,20,false,4104,4104,4423,0,0,0,0,0,0,0,999600,true,200,,windows-amd64-20261006222440
run-00756,mock-id-png,aes-192-ctr,21,false,4104,4104,4423,0,0,0,0,0,0,0,1508900,true,200,,windows-amd64-20261006222440
run-00757,mock-id-png,aes-192-ctr,22,false,4104,4104,4423,0,0,0,1010999,0,0,1010999,1011400,true,200,,windows-amd64-20261006222440
run-00758,mock-id-png,aes-192-ctr,23,false,4104,4104,4423,0,0,0,0,0,0,0,999100,true,200,,windows-amd64-20261006222440
run-00759,mock-id-png,aes-192-ctr,24,false,4104,4104,4423,0,0,0,0,0,0,0,1998800,true,200,,windows-amd64-20261006222440
run-00760,mock-id-png,aes-192-ctr,25,false,4104,4104,4423,0,0,0,0,0,0,0,0,true,200,,windows-amd64-20261006222440
run-00761,mock-id-png,aes-192-ctr,26,false,4104,4104,4423,0,0,0,0,0,0,0,509000,true,200,,windows-amd64-20261006222440
run-00762,mock-id-png,aes-192-ctr,27,false,4104,4104,4423,0,0,0,0,0,0,0,1011900,true,200,,windows-amd64-20261006222440
run-00763,mock-id-png,aes-192-ctr,28,false,4104,4104,4423,0,0,0,0,0,998000,998000,1996600,true,200,,windows-amd64-20261006222440
run-00764,mock-id-png,aes-192-ctr,29,false,4104,4104,4423,0,0,0,0,0,0,0,1508200,true,200,,windows-amd64-20261006222440
run-00765,mock-id-png,aes-192-ctr,30,false,4104,4104,4423,0,0,0,0,0,0,0,2010300,true,200,,windows-amd64-20261006222440
run-00766,mock-id-png,aes-192-ctr,31,false,4104,4104,4423,0,0,0,0,0,0,0,998900,true,200,,windows-amd64-20261006222440
run-00767,mock-id-png,aes-192-ctr,32,false,4104,4104,4423,0,0,1002000,0,0,0,0,1002000,true,200,,windows-amd64-20261006222440
run-00768,mock-id-png,aes-192-ctr,33,false,4104,4104,4423,0,0,0,0,0,0,0,0,true,200,,windows-amd64-20261006222440
run-00769,mock-id-png,aes-192-ctr,34,false,4104,4104,4423,0,0,0,0,0,0,0,1510800,true,200,,windows-amd64-20261006222440
run-00770,mock-id-png,aes-192-ctr,35,false,4104,4104,4423,0,0,0,0,0,0,0,1010600,true,200,,windows-amd64-20261006222440
run-00771,mock-id-png,aes-256-cbc,1,true,4104,4112,4431,0,0,0,0,0,0,0,0,true,200,,windows-amd64-20261006222440
run-00772,mock-id-png,aes-256-cbc,2,true,4104,4112,4431,0,0,0,0,0,0,0,999800,true,200,,windows-amd64-20261006222440
run-00773,mock-id-png,aes-256-cbc,3,true,4104,4112,4431,0,0,0,0,0,0,0,0,true,200,,windows-amd64-20261006222440
run-00774,mock-id-png,aes-256-cbc,4,true,4104,4112,4431,0,0,0,0,0,0,0,1000700,true,200,,windows-amd64-20261006222440
run-00775,mock-id-png,aes-256-cbc,5,true,4104,4112,4431,0,0,1010999,0,0,0,0,2520400,true,200,,windows-amd64-20261006222440
run-00776,mock-id-png,aes-256-cbc,6,false,4104,4112,4431,0,0,0,0,0,0,0,1010400,true,200,,windows-amd64-20261006222440
run-00777,mock-id-png,aes-256-cbc,7,false,4104,4112,4431,0,0,0,0,0,0,0,2991400,true,200,,windows-amd64-20261006222440
run-00778,mock-id-png,aes-256-cbc,8,false,4104,4112,4431,0,0,0,0,0,0,0,2293400,true,200,,windows-amd64-20261006222440
run-00779,mock-id-png,aes-256-cbc,9,false,4104,4112,4431,0,0,0,0,0,0,0,1002700,true,200,,windows-amd64-20261006222440
run-00780,mock-id-png,aes-256-cbc,10,false,4104,4112,4431,0,0,0,0,0,0,0,2521900,true,200,,windows-amd64-20261006222440
run-00781,mock-id-png,aes-256-cbc,11,false,4104,4112,4431,0,0,0,0,0,0,0,998200,true,200,,windows-amd64-20261006222440
run-00782,mock-id-png,aes-256-cbc,12,false,4104,4112,4431,0,0,0,0,0,0,1000999,1001700,true,200,,windows-amd64-20261006222440
run-00783,mock-id-png,aes-256-cbc,13,false,4104,4112,4431,0,0,1000999,0,0,0,0,1001000,true,200,,windows-amd64-20261006222440
run-00784,mock-id-png,aes-256-cbc,14,false,4104,4112,4431,0,0,0,0,0,0,0,1000600,true,200,,windows-amd64-20261006222440
run-00785,mock-id-png,aes-256-cbc,15,false,4104,4112,4431,0,0,0,0,0,0,0,0,true,200,,windows-amd64-20261006222440
run-00786,mock-id-png,aes-256-cbc,16,false,4104,4112,4431,0,0,0,0,0,0,0,1511200,true,200,,windows-amd64-20261006222440
run-00787,mock-id-png,aes-256-cbc,17,false,4104,4112,4431,0,0,0,0,0,0,0,1012200,true,200,,windows-amd64-20261006222440
run-00788,mock-id-png,aes-256-cbc,18,false,4104,4112,4431,0,0,997000,0,0,0,0,997600,true,200,,windows-amd64-20261006222440
run-00789,mock-id-png,aes-256-cbc,19,false,4104,4112,4431,0,0,0,0,0,0,0,0,true,200,,windows-amd64-20261006222440
run-00790,mock-id-png,aes-256-cbc,20,false,4104,4112,4431,0,0,0,0,0,0,0,2521100,true,200,,windows-amd64-20261006222440
run-00791,mock-id-png,aes-256-cbc,21,false,4104,4112,4431,0,0,0,0,0,0,0,0,true,200,,windows-amd64-20261006222440
run-00792,mock-id-png,aes-256-cbc,22,false,4104,4112,4431,0,0,0,0,0,0,0,1001800,true,200,,windows-amd64-20261006222440
run-00793,mock-id-png,aes-256-cbc,23,false,4104,4112,4431,0,0,0,0,0,0,0,1999000,true,200,,windows-amd64-20261006222440
run-00794,mock-id-png,aes-256-cbc,24,false,4104,4112,4431,0,0,0,0,0,0,0,1000900,true,200,,windows-amd64-20261006222440
run-00795,mock-id-png,aes-256-cbc,25,false,4104,4112,4431,0,0,0,0,0,0,0,997400,true,200,,windows-amd64-20261006222440
run-00796,mock-id-png,aes-256-cbc,26,false,4104,4112,4431,0,0,0,0,0,0,0,1000800,true,200,,windows-amd64-20261006222440
run-00797,mock-id-png,aes-256-cbc,27,false,4104,4112,4431,0,0,0,0,0,0,0,1408500,true,200,,windows-amd64-20261006222440
run-00798,mock-id-png,aes-256-cbc,28,false,4104,4112,4431,0,0,0,0,0,0,0,1509300,true,200,,windows-amd64-20261006222440
run-00799,mock-id-png,aes-256-cbc,29,false,4104,4112,4431,0,0,0,0,0,0,0,1010000,true,200,,windows-amd64-20261006222440
run-00800,mock-id-png,aes-256-cbc,30,false,4104,4112,4431,0,0,0,0,0,999000,999000,999600,true,200,,windows-amd64-20261006222440
run-00801,mock-id-png,aes-256-cbc,31,false,4104,4112,4431,0,0,0,0,0,0,0,0,true,200,,windows-amd64-20261006222440
run-00802,mock-id-png,aes-256-cbc,32,false,4104,4112,4431,0,0,0,0,0,0,0,1003800,true,200,,windows-amd64-20261006222440
run-00803,mock-id-png,aes-256-cbc,33,false,4104,4112,4431,0,0,0,0,0,0,0,0,true,200,,windows-amd64-20261006222440
run-00804,mock-id-png,aes-256-cbc,34,false,4104,4112,4431,0,0,0,0,0,0,0,998400,true,200,,windows-amd64-20261006222440
run-00805,mock-id-png,aes-256-cbc,35,false,4104,4112,4431,0,0,0,0,0,0,0,997000,true,200,,windows-amd64-20261006222440
run-00806,mock-id-png,aes-256-cfb128,1,true,4104,4104,4426,0,0,0,0,0,0,1002000,1002300,true,200,,windows-amd64-20261006222440
run-00807,mock-id-png,aes-256-cfb128,2,true,4104,4104,4426,0,0,0,0,0,0,0,0,true,200,,windows-amd64-20261006222440
run-00808,mock-id-png,aes-256-cfb128,3,true,4104,4104,4426,0,0,0,0,0,0,0,1509100,true,200,,windows-amd64-20261006222440
run-00809,mock-id-png,aes-256-cfb128,4,true,4104,4104,4426,0,0,0,0,0,0,0,1012400,true,200,,windows-amd64-20261006222440
run-00810,mock-id-png,aes-256-cfb128,5,true,4104,4104,4426,0,0,0,0,0,0,0,0,true,200,,windows-amd64-20261006222440
run-00811,mock-id-png,aes-256-cfb128,6,false,4104,4104,4426,0,0,0,0,0,0,0,1509800,true,200,,windows-amd64-20261006222440
run-00812,mock-id-png,aes-256-cfb128,7,false,4104,4104,4426,0,0,0,0,0,0,0,1007600,true,200,,windows-amd64-20261006222440
run-00813,mock-id-png,aes-256-cfb128,8,false,4104,4104,4426,0,0,0,0,0,0,0,1007700,true,200,,windows-amd64-20261006222440
run-00814,mock-id-png,aes-256-cfb128,9,false,4104,4104,4426,0,0,0,0,0,0,0,0,true,200,,windows-amd64-20261006222440
run-00815,mock-id-png,aes-256-cfb128,10,false,4104,4104,4426,0,0,0,0,0,0,0,995100,true,200,,windows-amd64-20261006222440
run-00816,mock-id-png,aes-256-cfb128,11,false,4104,4104,4426,0,0,0,0,0,0,0,999900,true,200,,windows-amd64-20261006222440
run-00817,mock-id-png,aes-256-cfb128,12,false,4104,4104,4426,0,0,1002000,0,0,0,0,2001900,true,200,,windows-amd64-20261006222440
run-00818,mock-id-png,aes-256-cfb128,13,false,4104,4104,4426,0,0,998000,0,0,0,0,998000,true,200,,windows-amd64-20261006222440
run-00819,mock-id-png,aes-256-cfb128,14,false,4104,4104,4426,0,0,0,0,0,0,0,1000600,true,200,,windows-amd64-20261006222440
run-00820,mock-id-png,aes-256-cfb128,15,false,4104,4104,4426,0,0,0,0,0,0,0,509000,true,200,,windows-amd64-20261006222440
run-00821,mock-id-png,aes-256-cfb128,16,false,4104,4104,4426,0,0,0,0,0,0,0,0,true,200,,windows-amd64-20261006222440
run-00822,mock-id-png,aes-256-cfb128,17,false,4104,4104,4426,0,0,0,0,0,0,0,1508300,true,200,,windows-amd64-20261006222440
run-00823,mock-id-png,aes-256-cfb128,18,false,4104,4104,4426,0,0,0,0,0,0,0,1009100,true,200,,windows-amd64-20261006222440
run-00824,mock-id-png,aes-256-cfb128,19,false,4104,4104,4426,0,0,1000000,0,0,0,0,1000100,true,200,,windows-amd64-20261006222440
run-00825,mock-id-png,aes-256-cfb128,20,false,4104,4104,4426,0,0,0,0,0,0,0,999700,true,200,,windows-amd64-20261006222440
run-00826,mock-id-png,aes-256-cfb128,21,false,4104,4104,4426,0,0,0,0,0,0,0,1000600,true,200,,windows-amd64-20261006222440
run-00827,mock-id-png,aes-256-cfb128,22,false,4104,4104,4426,0,0,0,0,0,0,0,0,true,200,,windows-amd64-20261006222440
run-00828,mock-id-png,aes-256-cfb128,23,false,4104,4104,4426,0,0,0,0,0,0,0,506300,true,200,,windows-amd64-20261006222440
run-00829,mock-id-png,aes-256-cfb128,24,false,4104,4104,4426,0,0,1008000,0,0,0,0,1008800,true,200,,windows-amd64-20261006222440
run-00830,mock-id-png,aes-256-cfb128,25,false,4104,4104,4426,0,0,0,0,0,0,0,1521700,true,200,,windows-amd64-20261006222440
run-00831,mock-id-png,aes-256-cfb128,26,false,4104,4104,4426,0,0,0,0,0,0,0,2014600,true,200,,windows-amd64-20261006222440
run-00832,mock-id-png,aes-256-cfb128,27,false,4104,4104,4426,0,0,0,0,0,0,0,510800,true,200,,windows-amd64-20261006222440
run-00833,mock-id-png,aes-256-cfb128,28,false,4104,4104,4426,0,0,0,0,0,0,0,1015900,true,200,,windows-amd64-20261006222440
run-00834,mock-id-png,aes-256-cfb128,29,false,4104,4104,4426,0,0,993000,0,0,0,0,1996600,true,200,,windows-amd64-20261006222440
run-00835,mock-id-png,aes-256-cfb128,30,false,4104,4104,4426,0,0,0,0,0,0,0,998600,true,200,,windows-amd64-20261006222440
run-00836,mock-id-png,aes-256-cfb128,31,false,4104,4104,4426,0,0,0,0,0,0,0,0,true,200,,windows-amd64-20261006222440
run-00837,mock-id-png,aes-256-cfb128,32,false,4104,4104,4426,0,0,0,0,0,0,0,998000,true,200,,windows-amd64-20261006222440
run-00838,mock-id-png,aes-256-cfb128,33,false,4104,4104,4426,0,0,0,0,0,0,0,1000500,true,200,,windows-amd64-20261006222440
run-00839,mock-id-png,aes-256-cfb128,34,false,4104,4104,4426,0,0,0,0,0,0,0,1005400,true,200,,windows-amd64-20261006222440
run-00840,mock-id-png,aes-256-cfb128,35,false,4104,4104,4426,0,0,0,0,0,0,0,0,true,200,,windows-amd64-20261006222440
run-00841,mock-id-png,aes-256-ofb,1,true,4104,4104,4423,0,0,0,0,0,0,0,994000,true,200,,windows-amd64-20261006222440
run-00842,mock-id-png,aes-256-ofb,2,true,4104,4104,4423,0,0,0,0,0,0,0,0,true,200,,windows-amd64-20261006222440
run-00843,mock-id-png,aes-256-ofb,3,true,4104,4104,4423,0,0,0,0,0,0,0,0,true,200,,windows-amd64-20261006222440
run-00844,mock-id-png,aes-256-ofb,4,true,4104,4104,4423,0,0,0,0,0,0,0,1668600,true,200,,windows-amd64-20261006222440
run-00845,mock-id-png,aes-256-ofb,5,true,4104,4104,4423,0,0,0,0,0,0,0,0,true,200,,windows-amd64-20261006222440
run-00846,mock-id-png,aes-256-ofb,6,false,4104,4104,4423,0,0,0,0,0,0,0,1008600,true,200,,windows-amd64-20261006222440
run-00847,mock-id-png,aes-256-ofb,7,false,4104,4104,4423,0,0,0,0,0,0,0,1008000,true,200,,windows-amd64-20261006222440
run-00848,mock-id-png,aes-256-ofb,8,false,4104,4104,4423,0,0,999000,0,0,0,0,999800,true,200,,windows-amd64-20261006222440
run-00849,mock-id-png,aes-256-ofb,9,false,4104,4104,4423,0,0,0,0,0,0,0,1002300,true,200,,windows-amd64-20261006222440
run-00850,mock-id-png,aes-256-ofb,10,false,4104,4104,4423,0,0,0,0,0,0,0,2999200,true,200,,windows-amd64-20261006222440
run-00851,mock-id-png,aes-256-ofb,11,false,4104,4104,4423,0,0,0,0,0,0,0,0,true,200,,windows-amd64-20261006222440
run-00852,mock-id-png,aes-256-ofb,12,false,4104,4104,4423,0,0,0,0,0,0,0,1510500,true,200,,windows-amd64-20261006222440
run-00853,mock-id-png,aes-256-ofb,13,false,4104,4104,4423,0,0,0,0,0,0,0,1515600,true,200,,windows-amd64-20261006222440
run-00854,mock-id-png,aes-256-ofb,14,false,4104,4104,4423,0,0,0,0,0,0,0,0,true,200,,windows-amd64-20261006222440
run-00855,mock-id-png,aes-256-ofb,15,false,4104,4104,4423,0,0,0,0,0,0,0,1007400,true,200,,windows-amd64-20261006222440
run-00856,mock-id-png,aes-256-ofb,16,false,4104,4104,4423,0,0,0,0,0,0,0,1003500,true,200,,windows-amd64-20261006222440
run-00857,mock-id-png,aes-256-ofb,17,false,4104,4104,4423,0,0,0,0,0,0,0,0,true,200,,windows-amd64-20261006222440
run-00858,mock-id-png,aes-256-ofb,18,false,4104,4104,4423,0,0,0,0,0,0,0,997300,true,200,,windows-amd64-20261006222440
run-00859,mock-id-png,aes-256-ofb,19,false,4104,4104,4423,0,0,0,0,0,0,0,0,true,200,,windows-amd64-20261006222440
run-00860,mock-id-png,aes-256-ofb,20,false,4104,4104,4423,0,0,0,0,0,0,0,1001800,true,200,,windows-amd64-20261006222440
run-00861,mock-id-png,aes-256-ofb,21,false,4104,4104,4423,0,0,0,0,0,0,0,999900,true,200,,windows-amd64-20261006222440
run-00862,mock-id-png,aes-256-ofb,22,false,4104,4104,4423,0,0,999000,0,0,0,0,999700,true,200,,windows-amd64-20261006222440
run-00863,mock-id-png,aes-256-ofb,23,false,4104,4104,4423,0,0,0,0,0,0,0,0,true,200,,windows-amd64-20261006222440
run-00864,mock-id-png,aes-256-ofb,24,false,4104,4104,4423,0,0,0,0,0,0,0,997600,true,200,,windows-amd64-20261006222440
run-00865,mock-id-png,aes-256-ofb,25,false,4104,4104,4423,0,0,999000,0,0,0,0,999300,true,200,,windows-amd64-20261006222440
run-00866,mock-id-png,aes-256-ofb,26,false,4104,4104,4423,0,0,0,0,0,0,0,0,true,200,,windows-amd64-20261006222440
run-00867,mock-id-png,aes-256-ofb,27,false,4104,4104,4423,0,0,0,0,0,0,0,1505400,true,200,,windows-amd64-20261006222440
run-00868,mock-id-png,aes-256-ofb,28,false,4104,4104,4423,0,0,0,0,0,0,0,0,true,200,,windows-amd64-20261006222440
run-00869,mock-id-png,aes-256-ofb,29,false,4104,4104,4423,0,0,0,999000,0,0,999000,2011800,true,200,,windows-amd64-20261006222440
run-00870,mock-id-png,aes-256-ofb,30,false,4104,4104,4423,0,0,0,0,0,0,0,999700,true,200,,windows-amd64-20261006222440
run-00871,mock-id-png,aes-256-ofb,31,false,4104,4104,4423,0,0,0,0,0,0,1000999,1001700,true,200,,windows-amd64-20261006222440
run-00872,mock-id-png,aes-256-ofb,32,false,4104,4104,4423,0,0,0,0,0,0,0,508500,true,200,,windows-amd64-20261006222440
run-00873,mock-id-png,aes-256-ofb,33,false,4104,4104,4423,0,0,0,0,0,0,0,1008200,true,200,,windows-amd64-20261006222440
run-00874,mock-id-png,aes-256-ofb,34,false,4104,4104,4423,0,0,0,0,0,0,0,2002500,true,200,,windows-amd64-20261006222440
run-00875,mock-id-png,aes-256-ofb,35,false,4104,4104,4423,0,0,0,0,0,0,0,0,true,200,,windows-amd64-20261006222440
run-00876,mock-id-png,aes-256-ctr,1,true,4104,4104,4423,0,0,0,0,0,0,0,1006900,true,200,,windows-amd64-20261006222440
run-00877,mock-id-png,aes-256-ctr,2,true,4104,4104,4423,0,0,0,0,0,0,0,1002300,true,200,,windows-amd64-20261006222440
run-00878,mock-id-png,aes-256-ctr,3,true,4104,4104,4423,0,0,999000,0,0,0,0,999400,true,200,,windows-amd64-20261006222440
run-00879,mock-id-png,aes-256-ctr,4,true,4104,4104,4423,0,0,0,0,0,0,0,998000,true,200,,windows-amd64-20261006222440
run-00880,mock-id-png,aes-256-ctr,5,true,4104,4104,4423,0,0,0,0,0,0,0,0,true,200,,windows-amd64-20261006222440
run-00881,mock-id-png,aes-256-ctr,6,false,4104,4104,4423,0,0,0,0,0,0,0,1001500,true,200,,windows-amd64-20261006222440
run-00882,mock-id-png,aes-256-ctr,7,false,4104,4104,4423,0,0,0,0,0,0,0,1998700,true,200,,windows-amd64-20261006222440
run-00883,mock-id-png,aes-256-ctr,8,false,4104,4104,4423,0,0,0,0,0,0,0,2001500,true,200,,windows-amd64-20261006222440
run-00884,mock-id-png,aes-256-ctr,9,false,4104,4104,4423,0,0,0,0,0,0,0,0,true,200,,windows-amd64-20261006222440
run-00885,mock-id-png,aes-256-ctr,10,false,4104,4104,4423,0,0,0,0,0,0,0,1257800,true,200,,windows-amd64-20261006222440
run-00886,mock-id-png,aes-256-ctr,11,false,4104,4104,4423,0,0,0,0,0,0,0,2000800,true,200,,windows-amd64-20261006222440
run-00887,mock-id-png,aes-256-ctr,12,false,4104,4104,4423,0,0,0,0,0,0,0,0,true,200,,windows-amd64-20261006222440
run-00888,mock-id-png,aes-256-ctr,13,false,4104,4104,4423,0,0,0,0,0,0,0,2002800,true,200,,windows-amd64-20261006222440
run-00889,mock-id-png,aes-256-ctr,14,false,4104,4104,4423,0,0,0,0,0,0,0,998500,true,200,,windows-amd64-20261006222440
run-00890,mock-id-png,aes-256-ctr,15,false,4104,4104,4423,0,0,0,0,0,0,0,0,true,200,,windows-amd64-20261006222440
run-00891,mock-id-png,aes-256-ctr,16,false,4104,4104,4423,0,0,0,0,0,0,0,0,true,200,,windows-amd64-20261006222440
run-00892,mock-id-png,aes-256-ctr,17,false,4104,4104,4423,0,0,0,0,0,0,0,999400,true,200,,windows-amd64-20261006222440
run-00893,mock-id-png,aes-256-ctr,18,false,4104,4104,4423,0,0,0,0,0,0,0,1507300,true,200,,windows-amd64-20261006222440
run-00894,mock-id-png,aes-256-ctr,19,false,4104,4104,4423,0,0,0,0,0,0,0,531200,true,200,,windows-amd64-20261006222440
run-00895,mock-id-png,aes-256-ctr,20,false,4104,4104,4423,0,0,1008000,0,0,0,0,1008700,true,200,,windows-amd64-20261006222440
run-00896,mock-id-png,aes-256-ctr,21,false,4104,4104,4423,0,0,0,0,0,0,0,1000900,true,200,,windows-amd64-20261006222440
run-00897,mock-id-png,aes-256-ctr,22,false,4104,4104,4423,0,0,0,0,0,0,0,1000000,true,200,,windows-amd64-20261006222440
run-00898,mock-id-png,aes-256-ctr,23,false,4104,4104,4423,0,0,0,0,0,0,0,1004200,true,200,,windows-amd64-20261006222440
run-00899,mock-id-png,aes-256-ctr,24,false,4104,4104,4423,0,0,0,0,0,0,0,995400,true,200,,windows-amd64-20261006222440
run-00900,mock-id-png,aes-256-ctr,25,false,4104,4104,4423,0,0,0,0,0,0,0,1001900,true,200,,windows-amd64-20261006222440
run-00901,mock-id-png,aes-256-ctr,26,false,4104,4104,4423,0,0,996000,0,0,0,0,996600,true,200,,windows-amd64-20261006222440
run-00902,mock-id-png,aes-256-ctr,27,false,4104,4104,4423,0,0,0,0,0,0,0,998700,true,200,,windows-amd64-20261006222440
run-00903,mock-id-png,aes-256-ctr,28,false,4104,4104,4423,0,0,0,0,0,0,0,0,true,200,,windows-amd64-20261006222440
run-00904,mock-id-png,aes-256-ctr,29,false,4104,4104,4423,0,0,0,0,0,0,0,1000200,true,200,,windows-amd64-20261006222440
run-00905,mock-id-png,aes-256-ctr,30,false,4104,4104,4423,0,0,0,0,505000,0,505000,1505400,true,200,,windows-amd64-20261006222440
run-00906,mock-id-png,aes-256-ctr,31,false,4104,4104,4423,0,0,0,0,0,0,0,1011500,true,200,,windows-amd64-20261006222440
run-00907,mock-id-png,aes-256-ctr,32,false,4104,4104,4423,0,0,0,0,0,0,0,0,true,200,,windows-amd64-20261006222440
run-00908,mock-id-png,aes-256-ctr,33,false,4104,4104,4423,0,0,0,0,0,0,0,996100,true,200,,windows-amd64-20261006222440
run-00909,mock-id-png,aes-256-ctr,34,false,4104,4104,4423,0,0,0,0,0,0,0,0,true,200,,windows-amd64-20261006222440
run-00910,mock-id-png,aes-256-ctr,35,false,4104,4104,4423,0,0,0,0,0,0,0,999400,true,200,,windows-amd64-20261006222440
run-00911,mock-id-png,des-cbc,1,true,4104,4112,4415,0,0,0,0,0,0,0,0,true,200,,windows-amd64-20261006222440
run-00912,mock-id-png,des-cbc,2,true,4104,4112,4415,0,0,0,0,0,0,0,999100,true,200,,windows-amd64-20261006222440
run-00913,mock-id-png,des-cbc,3,true,4104,4112,4415,0,0,0,0,0,0,0,0,true,200,,windows-amd64-20261006222440
run-00914,mock-id-png,des-cbc,4,true,4104,4112,4415,0,0,0,0,0,0,0,999500,true,200,,windows-amd64-20261006222440
run-00915,mock-id-png,des-cbc,5,true,4104,4112,4415,0,0,0,0,0,0,0,0,true,200,,windows-amd64-20261006222440
run-00916,mock-id-png,des-cbc,6,false,4104,4112,4415,0,0,0,0,0,0,0,0,true,200,,windows-amd64-20261006222440
run-00917,mock-id-png,des-cbc,7,false,4104,4112,4415,0,0,0,0,0,0,0,1001700,true,200,,windows-amd64-20261006222440
run-00918,mock-id-png,des-cbc,8,false,4104,4112,4415,0,0,0,0,0,0,0,1003800,true,200,,windows-amd64-20261006222440
run-00919,mock-id-png,des-cbc,9,false,4104,4112,4415,0,0,0,0,0,0,0,0,true,200,,windows-amd64-20261006222440
run-00920,mock-id-png,des-cbc,10,false,4104,4112,4415,0,0,0,0,0,0,0,1000000,true,200,,windows-amd64-20261006222440
run-00921,mock-id-png,des-cbc,11,false,4104,4112,4415,0,0,0,0,0,0,0,0,true,200,,windows-amd64-20261006222440
run-00922,mock-id-png,des-cbc,12,false,4104,4112,4415,0,0,0,0,0,0,0,0,true,200,,windows-amd64-20261006222440
run-00923,mock-id-png,des-cbc,13,false,4104,4112,4415,0,0,0,0,0,0,0,0,true,200,,windows-amd64-20261006222440
run-00924,mock-id-png,des-cbc,14,false,4104,4112,4415,0,0,0,0,0,0,0,1506800,true,200,,windows-amd64-20261006222440
run-00925,mock-id-png,des-cbc,15,false,4104,4112,4415,0,0,0,0,0,0,0,0,true,200,,windows-amd64-20261006222440
run-00926,mock-id-png,des-cbc,16,false,4104,4112,4415,0,0,0,0,0,0,0,0,true,200,,windows-amd64-20261006222440
run-00927,mock-id-png,des-cbc,17,false,4104,4112,4415,0,0,0,0,0,0,0,1248100,true,200,,windows-amd64-20261006222440
run-00928,mock-id-png,des-cbc,18,false,4104,4112,4415,0,0,0,0,0,0,0,1001800,true,200,,windows-amd64-20261006222440
run-00929,mock-id-png,des-cbc,19,false,4104,4112,4415,0,0,0,0,0,0,0,997100,true,200,,windows-amd64-20261006222440
run-00930,mock-id-png,des-cbc,20,false,4104,4112,4415,0,0,0,0,0,0,0,0,true,200,,windows-amd64-20261006222440
run-00931,mock-id-png,des-cbc,21,false,4104,4112,4415,0,0,0,0,0,0,0,1000400,true,200,,windows-amd64-20261006222440
run-00932,mock-id-png,des-cbc,22,false,4104,4112,4415,0,0,0,0,0,0,0,998300,true,200,,windows-amd64-20261006222440
run-00933,mock-id-png,des-cbc,23,false,4104,4112,4415,0,0,0,0,0,0,0,999600,true,200,,windows-amd64-20261006222440
run-00934,mock-id-png,des-cbc,24,false,4104,4112,4415,0,0,0,0,0,0,0,0,true,200,,windows-amd64-20261006222440
run-00935,mock-id-png,des-cbc,25,false,4104,4112,4415,0,0,1000999,0,0,0,0,1001100,true,200,,windows-amd64-20261006222440
run-00936,mock-id-png,des-cbc,26,false,4104,4112,4415,0,0,0,0,0,0,0,0,true,200,,windows-amd64-20261006222440
run-00937,mock-id-png,des-cbc,27,false,4104,4112,4415,0,0,1504000,0,0,0,0,1504600,true,200,,windows-amd64-20261006222440
run-00938,mock-id-png,des-cbc,28,false,4104,4112,4415,0,0,0,0,0,0,0,0,true,200,,windows-amd64-20261006222440
run-00939,mock-id-png,des-cbc,29,false,4104,4112,4415,0,0,1517000,0,0,0,0,1517500,true,200,,windows-amd64-20261006222440
run-00940,mock-id-png,des-cbc,30,false,4104,4112,4415,0,0,0,0,0,0,0,0,true,200,,windows-amd64-20261006222440
run-00941,mock-id-png,des-cbc,31,false,4104,4112,4415,0,0,0,0,0,0,0,1006400,true,200,,windows-amd64-20261006222440
run-00942,mock-id-png,des-cbc,32,false,4104,4112,4415,0,0,0,0,0,0,0,999400,true,200,,windows-amd64-20261006222440
run-00943,mock-id-png,des-cbc,33,false,4104,4112,4415,0,0,0,0,0,0,0,999300,true,200,,windows-amd64-20261006222440
run-00944,mock-id-png,des-cbc,34,false,4104,4112,4415,0,0,504000,0,0,0,0,504900,true,200,,windows-amd64-20261006222440
run-00945,mock-id-png,des-cbc,35,false,4104,4112,4415,0,0,0,0,0,0,0,0,true,200,,windows-amd64-20261006222440
run-00946,mock-id-png,rc4-256,1,true,4104,4104,4395,0,0,0,0,0,0,0,1004900,true,200,,windows-amd64-20261006222440
run-00947,mock-id-png,rc4-256,2,true,4104,4104,4395,0,0,0,0,0,0,0,0,true,200,,windows-amd64-20261006222440
run-00948,mock-id-png,rc4-256,3,true,4104,4104,4395,0,0,0,0,0,0,0,1505700,true,200,,windows-amd64-20261006222440
run-00949,mock-id-png,rc4-256,4,true,4104,4104,4395,0,0,0,0,0,0,0,1007300,true,200,,windows-amd64-20261006222440
run-00950,mock-id-png,rc4-256,5,true,4104,4104,4395,0,0,0,0,0,0,0,0,true,200,,windows-amd64-20261006222440
run-00951,mock-id-png,rc4-256,6,false,4104,4104,4395,0,0,0,0,0,0,0,1505100,true,200,,windows-amd64-20261006222440
run-00952,mock-id-png,rc4-256,7,false,4104,4104,4395,0,0,0,0,0,0,0,0,true,200,,windows-amd64-20261006222440
run-00953,mock-id-png,rc4-256,8,false,4104,4104,4395,0,0,0,0,0,0,0,0,true,200,,windows-amd64-20261006222440
run-00954,mock-id-png,rc4-256,9,false,4104,4104,4395,0,0,0,0,0,0,0,0,true,200,,windows-amd64-20261006222440
run-00955,mock-id-png,rc4-256,10,false,4104,4104,4395,0,0,0,0,0,0,0,1000400,true,200,,windows-amd64-20261006222440
run-00956,mock-id-png,rc4-256,11,false,4104,4104,4395,0,0,0,0,0,0,0,503400,true,200,,windows-amd64-20261006222440
run-00957,mock-id-png,rc4-256,12,false,4104,4104,4395,0,0,0,0,0,0,0,0,true,200,,windows-amd64-20261006222440
run-00958,mock-id-png,rc4-256,13,false,4104,4104,4395,0,0,0,0,0,0,0,1004000,true,200,,windows-amd64-20261006222440
run-00959,mock-id-png,rc4-256,14,false,4104,4104,4395,0,0,0,1000000,0,0,1000000,1000300,true,200,,windows-amd64-20261006222440
run-00960,mock-id-png,rc4-256,15,false,4104,4104,4395,0,0,0,0,0,0,0,0,true,200,,windows-amd64-20261006222440
run-00961,mock-id-png,rc4-256,16,false,4104,4104,4395,0,0,0,0,0,0,0,999600,true,200,,windows-amd64-20261006222440
run-00962,mock-id-png,rc4-256,17,false,4104,4104,4395,0,0,0,0,0,0,0,0,true,200,,windows-amd64-20261006222440
run-00963,mock-id-png,rc4-256,18,false,4104,4104,4395,0,0,0,0,0,0,0,1000000,true,200,,windows-amd64-20261006222440
run-00964,mock-id-png,rc4-256,19,false,4104,4104,4395,0,0,0,0,0,0,0,0,true,200,,windows-amd64-20261006222440
run-00965,mock-id-png,rc4-256,20,false,4104,4104,4395,0,0,0,0,0,0,0,1319700,true,200,,windows-amd64-20261006222440
run-00966,mock-id-png,rc4-256,21,false,4104,4104,4395,0,0,0,0,0,0,0,508800,true,200,,windows-amd64-20261006222440
run-00967,mock-id-png,rc4-256,22,false,4104,4104,4395,0,0,0,0,0,0,0,0,true,200,,windows-amd64-20261006222440
run-00968,mock-id-png,rc4-256,23,false,4104,4104,4395,0,0,0,0,0,0,0,1518900,true,200,,windows-amd64-20261006222440
run-00969,mock-id-png,rc4-256,24,false,4104,4104,4395,0,0,0,0,0,0,0,0,true,200,,windows-amd64-20261006222440
run-00970,mock-id-png,rc4-256,25,false,4104,4104,4395,0,0,0,0,0,0,0,0,true,200,,windows-amd64-20261006222440
run-00971,mock-id-png,rc4-256,26,false,4104,4104,4395,0,0,0,0,0,0,0,1005700,true,200,,windows-amd64-20261006222440
run-00972,mock-id-png,rc4-256,27,false,4104,4104,4395,0,0,0,0,0,0,0,0,true,200,,windows-amd64-20261006222440
run-00973,mock-id-png,rc4-256,28,false,4104,4104,4395,0,0,0,0,0,0,0,0,true,200,,windows-amd64-20261006222440
run-00974,mock-id-png,rc4-256,29,false,4104,4104,4395,0,0,0,0,0,0,0,1504200,true,200,,windows-amd64-20261006222440
run-00975,mock-id-png,rc4-256,30,false,4104,4104,4395,0,0,0,0,0,0,0,0,true,200,,windows-amd64-20261006222440
run-00976,mock-id-png,rc4-256,31,false,4104,4104,4395,0,0,0,0,0,0,0,1007100,true,200,,windows-amd64-20261006222440
run-00977,mock-id-png,rc4-256,32,false,4104,4104,4395,0,0,0,0,0,0,0,0,true,200,,windows-amd64-20261006222440
run-00978,mock-id-png,rc4-256,33,false,4104,4104,4395,0,0,0,0,0,0,0,998600,true,200,,windows-amd64-20261006222440
run-00979,mock-id-png,rc4-256,34,false,4104,4104,4395,0,0,0,0,0,0,0,0,true,200,,windows-amd64-20261006222440
run-00980,mock-id-png,rc4-256,35,false,4104,4104,4395,0,0,0,0,0,0,0,1001400,true,200,,windows-amd64-20261006222440
run-00981,sample-pdf,aes-128-cbc,1,true,16425,16432,16752,0,0,0,1002999,0,0,1002999,2003800,true,200,,windows-amd64-20261006222440
run-00982,sample-pdf,aes-128-cbc,2,true,16425,16432,16752,0,0,0,0,0,0,0,994600,true,200,,windows-amd64-20261006222440
run-00983,sample-pdf,aes-128-cbc,3,true,16425,16432,16752,0,0,0,0,0,0,0,0,true,200,,windows-amd64-20261006222440
run-00984,sample-pdf,aes-128-cbc,4,true,16425,16432,16752,0,0,0,0,0,0,0,1504100,true,200,,windows-amd64-20261006222440
run-00985,sample-pdf,aes-128-cbc,5,true,16425,16432,16752,0,0,0,0,0,0,0,0,true,200,,windows-amd64-20261006222440
run-00986,sample-pdf,aes-128-cbc,6,false,16425,16432,16752,0,0,0,0,0,0,0,1018400,true,200,,windows-amd64-20261006222440
run-00987,sample-pdf,aes-128-cbc,7,false,16425,16432,16752,0,0,0,0,0,0,0,986700,true,200,,windows-amd64-20261006222440
run-00988,sample-pdf,aes-128-cbc,8,false,16425,16432,16752,0,0,0,0,0,0,0,999700,true,200,,windows-amd64-20261006222440
run-00989,sample-pdf,aes-128-cbc,9,false,16425,16432,16752,0,0,0,0,0,0,0,0,true,200,,windows-amd64-20261006222440
run-00990,sample-pdf,aes-128-cbc,10,false,16425,16432,16752,0,0,0,0,0,0,0,1250100,true,200,,windows-amd64-20261006222440
run-00991,sample-pdf,aes-128-cbc,11,false,16425,16432,16752,0,0,0,0,0,0,0,1000400,true,200,,windows-amd64-20261006222440
run-00992,sample-pdf,aes-128-cbc,12,false,16425,16432,16752,0,0,0,0,0,0,0,999100,true,200,,windows-amd64-20261006222440
run-00993,sample-pdf,aes-128-cbc,13,false,16425,16432,16752,0,0,999000,0,0,0,0,999500,true,200,,windows-amd64-20261006222440
run-00994,sample-pdf,aes-128-cbc,14,false,16425,16432,16752,0,0,0,0,0,0,0,1000900,true,200,,windows-amd64-20261006222440
run-00995,sample-pdf,aes-128-cbc,15,false,16425,16432,16752,0,0,0,0,0,0,0,0,true,200,,windows-amd64-20261006222440
run-00996,sample-pdf,aes-128-cbc,16,false,16425,16432,16752,0,0,0,0,0,0,0,998900,true,200,,windows-amd64-20261006222440
run-00997,sample-pdf,aes-128-cbc,17,false,16425,16432,16752,0,0,0,0,0,0,0,0,true,200,,windows-amd64-20261006222440
run-00998,sample-pdf,aes-128-cbc,18,false,16425,16432,16752,0,0,0,0,0,0,0,1002800,true,200,,windows-amd64-20261006222440
run-00999,sample-pdf,aes-128-cbc,19,false,16425,16432,16752,0,0,0,0,0,0,0,2075800,true,200,,windows-amd64-20261006222440
run-01000,sample-pdf,aes-128-cbc,20,false,16425,16432,16752,0,0,0,0,0,0,0,999000,true,200,,windows-amd64-20261006222440
run-01001,sample-pdf,aes-128-cbc,21,false,16425,16432,16752,0,0,0,0,0,0,0,0,true,200,,windows-amd64-20261006222440
run-01002,sample-pdf,aes-128-cbc,22,false,16425,16432,16752,0,0,0,0,0,0,0,1199100,true,200,,windows-amd64-20261006222440
run-01003,sample-pdf,aes-128-cbc,23,false,16425,16432,16752,0,0,999000,0,0,0,0,999900,true,200,,windows-amd64-20261006222440
run-01004,sample-pdf,aes-128-cbc,24,false,16425,16432,16752,0,0,0,0,0,0,0,0,true,200,,windows-amd64-20261006222440
run-01005,sample-pdf,aes-128-cbc,25,false,16425,16432,16752,0,0,0,0,0,0,0,0,true,200,,windows-amd64-20261006222440
run-01006,sample-pdf,aes-128-cbc,26,false,16425,16432,16752,0,0,0,0,0,0,0,999800,true,200,,windows-amd64-20261006222440
run-01007,sample-pdf,aes-128-cbc,27,false,16425,16432,16752,0,0,0,0,0,999000,999000,999900,true,200,,windows-amd64-20261006222440
run-01008,sample-pdf,aes-128-cbc,28,false,16425,16432,16752,0,0,0,0,0,0,0,1505400,true,200,,windows-amd64-20261006222440
run-01009,sample-pdf,aes-128-cbc,29,false,16425,16432,16752,0,0,0,0,0,0,0,0,true,200,,windows-amd64-20261006222440
run-01010,sample-pdf,aes-128-cbc,30,false,16425,16432,16752,0,0,0,0,0,0,0,1004600,true,200,,windows-amd64-20261006222440
run-01011,sample-pdf,aes-128-cbc,31,false,16425,16432,16752,0,0,0,0,0,0,0,1000300,true,200,,windows-amd64-20261006222440
run-01012,sample-pdf,aes-128-cbc,32,false,16425,16432,16752,0,0,0,0,0,0,0,0,true,200,,windows-amd64-20261006222440
run-01013,sample-pdf,aes-128-cbc,33,false,16425,16432,16752,0,0,0,0,0,0,0,0,true,200,,windows-amd64-20261006222440
run-01014,sample-pdf,aes-128-cbc,34,false,16425,16432,16752,0,0,0,0,0,0,0,1503300,true,200,,windows-amd64-20261006222440
run-01015,sample-pdf,aes-128-cbc,35,false,16425,16432,16752,0,0,0,0,0,0,0,1004000,true,200,,windows-amd64-20261006222440
run-01016,sample-pdf,aes-128-cfb128,1,true,16425,16425,16748,0,0,0,0,0,0,0,999900,true,200,,windows-amd64-20261006222440
run-01017,sample-pdf,aes-128-cfb128,2,true,16425,16425,16748,0,0,0,0,0,0,0,0,true,200,,windows-amd64-20261006222440
run-01018,sample-pdf,aes-128-cfb128,3,true,16425,16425,16748,0,0,0,0,0,0,0,1000700,true,200,,windows-amd64-20261006222440
run-01019,sample-pdf,aes-128-cfb128,4,true,16425,16425,16748,0,0,1000000,0,0,0,0,1000400,true,200,,windows-amd64-20261006222440
run-01020,sample-pdf,aes-128-cfb128,5,true,16425,16425,16748,0,0,0,0,0,0,0,0,true,200,,windows-amd64-20261006222440
run-01021,sample-pdf,aes-128-cfb128,6,false,16425,16425,16748,0,0,0,0,0,0,0,1001600,true,200,,windows-amd64-20261006222440
run-01022,sample-pdf,aes-128-cfb128,7,false,16425,16425,16748,0,0,0,0,0,0,0,1505000,true,200,,windows-amd64-20261006222440
run-01023,sample-pdf,aes-128-cfb128,8,false,16425,16425,16748,0,0,0,0,0,0,0,1007000,true,200,,windows-amd64-20261006222440
run-01024,sample-pdf,aes-128-cfb128,9,false,16425,16425,16748,0,0,0,0,0,999000,999000,999600,true,200,,windows-amd64-20261006222440
run-01025,sample-pdf,aes-128-cfb128,10,false,16425,16425,16748,0,0,0,0,0,0,0,0,true,200,,windows-amd64-20261006222440
run-01026,sample-pdf,aes-128-cfb128,11,false,16425,16425,16748,0,0,0,0,0,0,0,999500,true,200,,windows-amd64-20261006222440
run-01027,sample-pdf,aes-128-cfb128,12,false,16425,16425,16748,0,0,0,0,0,0,0,999400,true,200,,windows-amd64-20261006222440
run-01028,sample-pdf,aes-128-cfb128,13,false,16425,16425,16748,0,0,0,0,0,0,0,1310200,true,200,,windows-amd64-20261006222440
run-01029,sample-pdf,aes-128-cfb128,14,false,16425,16425,16748,0,0,0,0,0,0,0,1000900,true,200,,windows-amd64-20261006222440
run-01030,sample-pdf,aes-128-cfb128,15,false,16425,16425,16748,0,0,0,0,0,0,0,1998600,true,200,,windows-amd64-20261006222440
run-01031,sample-pdf,aes-128-cfb128,16,false,16425,16425,16748,0,0,0,0,0,0,0,0,true,200,,windows-amd64-20261006222440
run-01032,sample-pdf,aes-128-cfb128,17,false,16425,16425,16748,0,0,0,0,0,0,0,1510100,true,200,,windows-amd64-20261006222440
run-01033,sample-pdf,aes-128-cfb128,18,false,16425,16425,16748,0,0,0,0,0,0,0,1014900,true,200,,windows-amd64-20261006222440
run-01034,sample-pdf,aes-128-cfb128,19,false,16425,16425,16748,0,0,0,0,0,0,0,0,true,200,,windows-amd64-20261006222440
run-01035,sample-pdf,aes-128-cfb128,20,false,16425,16425,16748,0,0,0,0,0,0,0,1994000,true,200,,windows-amd64-20261006222440
run-01036,sample-pdf,aes-128-cfb128,21,false,16425,16425,16748,0,0,0,0,0,0,0,0,true,200,,windows-amd64-20261006222440
run-01037,sample-pdf,aes-128-cfb128,22,false,16425,16425,16748,0,0,0,0,0,0,0,1510100,true,200,,windows-amd64-20261006222440
run-01038,sample-pdf,aes-128-cfb128,23,false,16425,16425,16748,0,0,0,0,0,0,0,1007900,true,200,,windows-amd64-20261006222440
run-01039,sample-pdf,aes-128-cfb128,24,false,16425,16425,16748,0,0,999000,0,0,0,0,999200,true,200,,windows-amd64-20261006222440
run-01040,sample-pdf,aes-128-cfb128,25,false,16425,16425,16748,0,0,0,0,0,0,0,999200,true,200,,windows-amd64-20261006222440
run-01041,sample-pdf,aes-128-cfb128,26,false,16425,16425,16748,0,0,0,0,0,0,0,0,true,200,,windows-amd64-20261006222440
run-01042,sample-pdf,aes-128-cfb128,27,false,16425,16425,16748,0,0,0,0,0,0,0,0,true,200,,windows-amd64-20261006222440
run-01043,sample-pdf,aes-128-cfb128,28,false,16425,16425,16748,0,0,0,0,0,0,0,1505400,true,200,,windows-amd64-20261006222440
run-01044,sample-pdf,aes-128-cfb128,29,false,16425,16425,16748,0,0,0,0,0,0,0,1008300,true,200,,windows-amd64-20261006222440
run-01045,sample-pdf,aes-128-cfb128,30,false,16425,16425,16748,0,0,1000999,0,0,0,0,1001900,true,200,,windows-amd64-20261006222440
run-01046,sample-pdf,aes-128-cfb128,31,false,16425,16425,16748,0,0,0,0,0,0,0,996600,true,200,,windows-amd64-20261006222440
run-01047,sample-pdf,aes-128-cfb128,32,false,16425,16425,16748,0,0,0,0,0,0,0,0,true,200,,windows-amd64-20261006222440
run-01048,sample-pdf,aes-128-cfb128,33,false,16425,16425,16748,0,0,0,0,0,0,0,999800,true,200,,windows-amd64-20261006222440
run-01049,sample-pdf,aes-128-cfb128,34,false,16425,16425,16748,0,0,0,0,0,0,0,0,true,200,,windows-amd64-20261006222440
run-01050,sample-pdf,aes-128-cfb128,35,false,16425,16425,16748,0,0,0,0,0,0,0,1336800,true,200,,windows-amd64-20261006222440
run-01051,sample-pdf,aes-128-ofb,1,true,16425,16425,16745,0,0,0,0,0,0,999000,999400,true,200,,windows-amd64-20261006222440
run-01052,sample-pdf,aes-128-ofb,2,true,16425,16425,16745,0,0,0,0,0,0,0,0,true,200,,windows-amd64-20261006222440
run-01053,sample-pdf,aes-128-ofb,3,true,16425,16425,16745,0,0,0,0,0,0,0,1001800,true,200,,windows-amd64-20261006222440
run-01054,sample-pdf,aes-128-ofb,4,true,16425,16425,16745,0,0,0,0,0,0,0,998600,true,200,,windows-amd64-20261006222440
run-01055,sample-pdf,aes-128-ofb,5,true,16425,16425,16745,0,0,0,0,0,0,0,0,true,200,,windows-amd64-20261006222440
run-01056,sample-pdf,aes-128-ofb,6,false,16425,16425,16745,0,0,0,0,0,0,0,0,true,200,,windows-amd64-20261006222440
run-01057,sample-pdf,aes-128-ofb,7,false,16425,16425,16745,0,0,0,0,0,0,0,0,true,200,,windows-amd64-20261006222440
run-01058,sample-pdf,aes-128-ofb,8,false,16425,16425,16745,0,0,0,0,0,0,0,1059200,true,200,,windows-amd64-20261006222440
run-01059,sample-pdf,aes-128-ofb,9,false,16425,16425,16745,0,0,0,0,0,999000,999000,999700,true,200,,windows-amd64-20261006222440
run-01060,sample-pdf,aes-128-ofb,10,false,16425,16425,16745,0,0,0,0,0,0,0,0,true,200,,windows-amd64-20261006222440
run-01061,sample-pdf,aes-128-ofb,11,false,16425,16425,16745,0,0,0,0,0,0,0,1006600,true,200,,windows-amd64-20261006222440
run-01062,sample-pdf,aes-128-ofb,12,false,16425,16425,16745,0,0,0,0,0,0,0,0,true,200,,windows-amd64-20261006222440
run-01063,sample-pdf,aes-128-ofb,13,false,16425,16425,16745,0,0,0,0,0,0,0,998100,true,200,,windows-amd64-20261006222440
run-01064,sample-pdf,aes-128-ofb,14,false,16425,16425,16745,0,0,0,0,0,0,0,0,true,200,,windows-amd64-20261006222440
run-01065,sample-pdf,aes-128-ofb,15,false,16425,16425,16745,0,0,0,0,0,0,0,995700,true,200,,windows-amd64-20261006222440
run-01066,sample-pdf,aes-128-ofb,16,false,16425,16425,16745,0,0,0,0,0,0,0,1459800,true,200,,windows-amd64-20261006222440
run-01067,sample-pdf,aes-128-ofb,17,false,16425,16425,16745,0,0,0,0,0,0,0,0,true,200,,windows-amd64-20261006222440
run-01068,sample-pdf,aes-128-ofb,18,false,16425,16425,16745,0,0,0,0,0,0,0,996600,true,200,,windows-amd64-20261006222440
run-01069,sample-pdf,aes-128-ofb,19,false,16425,16425,16745,0,0,0,0,0,0,0,999500,true,200,,windows-amd64-20261006222440
run-01070,sample-pdf,aes-128-ofb,20,false,16425,16425,16745,0,0,0,0,0,0,0,0,true,200,,windows-amd64-20261006222440
run-01071,sample-pdf,aes-128-ofb,21,false,16425,16425,16745,0,0,0,0,0,0,0,1505700,true,200,,windows-amd64-20261006222440
run-01072,sample-pdf,aes-128-ofb,22,false,16425,16425,16745,0,0,0,0,0,0,0,0,true,200,,windows-amd64-20261006222440
run-01073,sample-pdf,aes-128-ofb,23,false,16425,16425,16745,0,0,0,0,0,0,0,0,true,200,,windows-amd64-20261006222440
run-01074,sample-pdf,aes-128-ofb,24,false,16425,16425,16745,0,0,0,0,0,0,0,1000300,true,200,,windows-amd64-20261006222440
run-01075,sample-pdf,aes-128-ofb,25,false,16425,16425,16745,0,0,999000,0,0,0,0,999300,true,200,,windows-amd64-20261006222440
run-01076,sample-pdf,aes-128-ofb,26,false,16425,16425,16745,0,0,0,0,0,0,0,0,true,200,,windows-amd64-20261006222440
run-01077,sample-pdf,aes-128-ofb,27,false,16425,16425,16745,0,0,0,0,0,0,0,999800,true,200,,windows-amd64-20261006222440
run-01078,sample-pdf,aes-128-ofb,28,false,16425,16425,16745,0,0,1000000,0,0,0,0,1504900,true,200,,windows-amd64-20261006222440
run-01079,sample-pdf,aes-128-ofb,29,false,16425,16425,16745,0,0,0,0,0,0,0,1007700,true,200,,windows-amd64-20261006222440
run-01080,sample-pdf,aes-128-ofb,30,false,16425,16425,16745,0,0,0,0,0,0,1000000,1000200,true,200,,windows-amd64-20261006222440
run-01081,sample-pdf,aes-128-ofb,31,false,16425,16425,16745,0,0,0,0,1186000,0,1186000,1186200,true,200,,windows-amd64-20261006222440
run-01082,sample-pdf,aes-128-ofb,32,false,16425,16425,16745,0,0,0,0,0,0,0,1004200,true,200,,windows-amd64-20261006222440
run-01083,sample-pdf,aes-128-ofb,33,false,16425,16425,16745,0,0,507000,0,0,0,0,507100,true,200,,windows-amd64-20261006222440
run-01084,sample-pdf,aes-128-ofb,34,false,16425,16425,16745,0,0,0,0,0,0,0,636800,true,200,,windows-amd64-20261006222440
run-01085,sample-pdf,aes-128-ofb,35,false,16425,16425,16745,0,0,0,0,0,0,0,1009400,true,200,,windows-amd64-20261006222440
run-01086,sample-pdf,aes-128-ctr,1,true,16425,16425,16745,0,0,999000,0,0,0,0,999400,true,200,,windows-amd64-20261006222440
run-01087,sample-pdf,aes-128-ctr,2,true,16425,16425,16745,0,0,0,0,0,0,0,1000400,true,200,,windows-amd64-20261006222440
run-01088,sample-pdf,aes-128-ctr,3,true,16425,16425,16745,0,0,0,0,0,0,0,1998800,true,200,,windows-amd64-20261006222440
run-01089,sample-pdf,aes-128-ctr,4,true,16425,16425,16745,0,0,0,0,0,0,0,0,true,200,,windows-amd64-20261006222440
run-01090,sample-pdf,aes-128-ctr,5,true,16425,16425,16745,0,0,0,0,0,0,0,1269800,true,200,,windows-amd64-20261006222440
run-01091,sample-pdf,aes-128-ctr,6,false,16425,16425,16745,0,0,0,0,0,0,0,996400,true,200,,windows-amd64-20261006222440
run-01092,sample-pdf,aes-128-ctr,7,false,16425,16425,16745,0,0,0,0,0,0,0,0,true,200,,windows-amd64-20261006222440
run-01093,sample-pdf,aes-128-ctr,8,false,16425,16425,16745,0,0,0,0,0,0,0,1505500,true,200,,windows-amd64-20261006222440
run-01094,sample-pdf,aes-128-ctr,9,false,16425,16425,16745,0,0,0,0,0,0,0,2007000,true,200,,windows-amd64-20261006222440
run-01095,sample-pdf,aes-128-ctr,10,false,16425,16425,16745,0,0,0,0,0,0,0,1999700,true,200,,windows-amd64-20261006222440
run-01096,sample-pdf,aes-128-ctr,11,false,16425,16425,16745,0,0,1002999,0,0,0,0,1003000,true,200,,windows-amd64-20261006222440
run-01097,sample-pdf,aes-128-ctr,12,false,16425,16425,16745,0,0,1512000,0,0,0,0,1512700,true,200,,windows-amd64-20261006222440
run-01098,sample-pdf,aes-128-ctr,13,false,16425,16425,16745,0,0,998000,0,0,0,0,2014300,true,200,,windows-amd64-20261006222440
run-01099,sample-pdf,aes-128-ctr,14,false,16425,16425,16745,0,0,0,0,0,0,0,1511600,true,200,,windows-amd64-20261006222440
run-01100,sample-pdf,aes-128-ctr,15,false,16425,16425,16745,0,0,0,0,0,0,0,2010200,true,200,,windows-amd64-20261006222440
run-01101,sample-pdf,aes-128-ctr,16,false,16425,16425,16745,0,0,0,0,0,0,0,997800,true,200,,windows-amd64-20261006222440
run-01102,sample-pdf,aes-128-ctr,17,false,16425,16425,16745,0,0,0,0,0,0,0,0,true,200,,windows-amd64-20261006222440
run-01103,sample-pdf,aes-128-ctr,18,false,16425,16425,16745,0,0,0,0,0,0,0,1000400,true,200,,windows-amd64-20261006222440
run-01104,sample-pdf,aes-128-ctr,19,false,16425,16425,16745,0,0,0,0,0,0,0,1001700,true,200,,windows-amd64-20261006222440
run-01105,sample-pdf,aes-128-ctr,20,false,16425,16425,16745,0,0,0,0,0,0,0,998200,true,200,,windows-amd64-20261006222440
run-01106,sample-pdf,aes-128-ctr,21,false,16425,16425,16745,0,0,0,0,0,0,0,1000600,true,200,,windows-amd64-20261006222440
run-01107,sample-pdf,aes-128-ctr,22,false,16425,16425,16745,0,0,0,0,0,0,0,0,true,200,,windows-amd64-20261006222440
run-01108,sample-pdf,aes-128-ctr,23,false,16425,16425,16745,0,0,0,0,0,0,0,2187300,true,200,,windows-amd64-20261006222440
run-01109,sample-pdf,aes-128-ctr,24,false,16425,16425,16745,0,0,0,0,0,0,0,1002100,true,200,,windows-amd64-20261006222440
run-01110,sample-pdf,aes-128-ctr,25,false,16425,16425,16745,0,0,0,0,0,0,0,1211300,true,200,,windows-amd64-20261006222440
run-01111,sample-pdf,aes-128-ctr,26,false,16425,16425,16745,0,0,0,0,0,0,0,994800,true,200,,windows-amd64-20261006222440
run-01112,sample-pdf,aes-128-ctr,27,false,16425,16425,16745,0,0,1000999,0,0,0,0,1001500,true,200,,windows-amd64-20261006222440
run-01113,sample-pdf,aes-128-ctr,28,false,16425,16425,16745,0,0,0,0,0,0,0,998500,true,200,,windows-amd64-20261006222440
run-01114,sample-pdf,aes-128-ctr,29,false,16425,16425,16745,0,0,0,0,0,0,0,999900,true,200,,windows-amd64-20261006222440
run-01115,sample-pdf,aes-128-ctr,30,false,16425,16425,16745,0,0,0,0,0,0,0,999100,true,200,,windows-amd64-20261006222440
run-01116,sample-pdf,aes-128-ctr,31,false,16425,16425,16745,0,0,0,0,0,0,0,999000,true,200,,windows-amd64-20261006222440
run-01117,sample-pdf,aes-128-ctr,32,false,16425,16425,16745,0,0,0,0,0,0,0,508700,true,200,,windows-amd64-20261006222440
run-01118,sample-pdf,aes-128-ctr,33,false,16425,16425,16745,0,0,0,0,1002000,0,1002000,1002600,true,200,,windows-amd64-20261006222440
run-01119,sample-pdf,aes-128-ctr,34,false,16425,16425,16745,0,0,1002000,0,0,0,0,1002400,true,200,,windows-amd64-20261006222440
run-01120,sample-pdf,aes-128-ctr,35,false,16425,16425,16745,0,0,0,0,0,0,0,510800,true,200,,windows-amd64-20261006222440
run-01121,sample-pdf,aes-192-cbc,1,true,16425,16432,16752,0,0,0,0,0,0,0,0,true,200,,windows-amd64-20261006222440
run-01122,sample-pdf,aes-192-cbc,2,true,16425,16432,16752,0,0,0,0,0,0,0,1001900,true,200,,windows-amd64-20261006222440
run-01123,sample-pdf,aes-192-cbc,3,true,16425,16432,16752,0,0,0,0,0,0,0,0,true,200,,windows-amd64-20261006222440
run-01124,sample-pdf,aes-192-cbc,4,true,16425,16432,16752,0,0,0,0,1000000,0,1000000,1000100,true,200,,windows-amd64-20261006222440
run-01125,sample-pdf,aes-192-cbc,5,true,16425,16432,16752,0,0,0,0,0,0,0,0,true,200,,windows-amd64-20261006222440
run-01126,sample-pdf,aes-192-cbc,6,false,16425,16432,16752,0,0,0,0,0,0,0,1000700,true,200,,windows-amd64-20261006222440
run-01127,sample-pdf,aes-192-cbc,7,false,16425,16432,16752,0,0,0,0,0,0,0,998600,true,200,,windows-amd64-20261006222440
run-01128,sample-pdf,aes-192-cbc,8,false,16425,16432,16752,0,0,0,0,0,0,0,0,true,200,,windows-amd64-20261006222440
run-01129,sample-pdf,aes-192-cbc,9,false,16425,16432,16752,0,0,0,0,0,0,0,0,true,200,,windows-amd64-20261006222440
run-01130,sample-pdf,aes-192-cbc,10,false,16425,16432,16752,0,0,0,0,0,0,0,1000000,true,200,,windows-amd64-20261006222440
run-01131,sample-pdf,aes-192-cbc,11,false,16425,16432,16752,0,0,0,0,0,0,0,0,true,200,,windows-amd64-20261006222440
run-01132,sample-pdf,aes-192-cbc,12,false,16425,16432,16752,0,0,1000000,0,0,0,0,1000900,true,200,,windows-amd64-20261006222440
run-01133,sample-pdf,aes-192-cbc,13,false,16425,16432,16752,0,0,0,0,0,0,0,0,true,200,,windows-amd64-20261006222440
run-01134,sample-pdf,aes-192-cbc,14,false,16425,16432,16752,0,0,0,0,0,0,0,2522300,true,200,,windows-amd64-20261006222440
run-01135,sample-pdf,aes-192-cbc,15,false,16425,16432,16752,0,0,996000,0,0,0,0,2052900,true,200,,windows-amd64-20261006222440
run-01136,sample-pdf,aes-192-cbc,16,false,16425,16432,16752,0,0,0,0,0,0,0,1001800,true,200,,windows-amd64-20261006222440
run-01137,sample-pdf,aes-192-cbc,17,false,16425,16432,16752,0,0,0,0,0,0,0,0,true,200,,windows-amd64-20261006222440
run-01138,sample-pdf,aes-192-cbc,18,false,16425,16432,16752,0,0,0,0,0,0,0,0,true,200,,windows-amd64-20261006222440
run-01139,sample-pdf,aes-192-cbc,19,false,16425,16432,16752,0,0,0,0,0,0,0,1008100,true,200,,windows-amd64-20261006222440
run-01140,sample-pdf,aes-192-cbc,20,false,16425,16432,16752,0,0,0,0,997000,0,997000,997800,true,200,,windows-amd64-20261006222440
run-01141,sample-pdf,aes-192-cbc,21,false,16425,16432,16752,0,0,0,0,0,0,0,0,true,200,,windows-amd64-20261006222440
run-01142,sample-pdf,aes-192-cbc,22,false,16425,16432,16752,0,0,0,0,0,0,0,999500,true,200,,windows-amd64-20261006222440
run-01143,sample-pdf,aes-192-cbc,23,false,16425,16432,16752,0,0,0,0,0,0,0,0,true,200,,windows-amd64-20261006222440
run-01144,sample-pdf,aes-192-cbc,24,false,16425,16432,16752,0,0,1000000,0,0,0,0,1000500,true,200,,windows-amd64-20261006222440
run-01145,sample-pdf,aes-192-cbc,25,false,16425,16432,16752,0,0,0,0,0,0,0,1000700,true,200,,windows-amd64-20261006222440
run-01146,sample-pdf,aes-192-cbc,26,false,16425,16432,16752,0,0,0,0,0,0,0,0,true,200,,windows-amd64-20261006222440
run-01147,sample-pdf,aes-192-cbc,27,false,16425,16432,16752,0,0,0,0,0,0,0,0,true,200,,windows-amd64-20261006222440
run-01148,sample-pdf,aes-192-cbc,28,false,16425,16432,16752,0,0,0,0,0,0,0,0,true,200,,windows-amd64-20261006222440
run-01149,sample-pdf,aes-192-cbc,29,false,16425,16432,16752,0,0,0,0,0,0,0,1505800,true,200,,windows-amd64-20261006222440
run-01150,sample-pdf,aes-192-cbc,30,false,16425,16432,16752,0,0,0,0,0,0,0,0,true,200,,windows-amd64-20261006222440
run-01151,sample-pdf,aes-192-cbc,31,false,16425,16432,16752,0,0,0,0,0,0,0,0,true,200,,windows-amd64-20261006222440
run-01152,sample-pdf,aes-192-cbc,32,false,16425,16432,16752,0,0,0,0,0,0,0,0,true,200,,windows-amd64-20261006222440
run-01153,sample-pdf,aes-192-cbc,33,false,16425,16432,16752,0,0,0,0,0,0,0,1523800,true,200,,windows-amd64-20261006222440
run-01154,sample-pdf,aes-192-cbc,34,false,16425,16432,16752,0,0,0,0,0,0,0,1005800,true,200,,windows-amd64-20261006222440
run-01155,sample-pdf,aes-192-cbc,35,false,16425,16432,16752,0,0,0,0,0,0,0,0,true,200,,windows-amd64-20261006222440
run-01156,sample-pdf,aes-192-cfb128,1,true,16425,16425,16748,0,0,0,0,0,0,0,1001400,true,200,,windows-amd64-20261006222440
run-01157,sample-pdf,aes-192-cfb128,2,true,16425,16425,16748,0,0,0,0,0,0,0,0,true,200,,windows-amd64-20261006222440
run-01158,sample-pdf,aes-192-cfb128,3,true,16425,16425,16748,0,0,0,0,0,0,0,2002400,true,200,,windows-amd64-20261006222440
run-01159,sample-pdf,aes-192-cfb128,4,true,16425,16425,16748,0,0,0,0,0,0,0,1001100,true,200,,windows-amd64-20261006222440
run-01160,sample-pdf,aes-192-cfb128,5,true,16425,16425,16748,0,0,0,0,0,0,0,996000,true,200,,windows-amd64-20261006222440
run-01161,sample-pdf,aes-192-cfb128,6,false,16425,16425,16748,0,0,0,0,0,0,0,0,true,200,,windows-amd64-20261006222440
run-01162,sample-pdf,aes-192-cfb128,7,false,16425,16425,16748,0,0,0,0,0,0,1000999,1001100,true,200,,windows-amd64-20261006222440
run-01163,sample-pdf,aes-192-cfb128,8,false,16425,16425,16748,0,0,0,0,0,0,0,0,true,200,,windows-amd64-20261006222440
run-01164,sample-pdf,aes-192-cfb128,9,false,16425,16425,16748,0,0,0,0,0,0,0,1507800,true,200,,windows-amd64-20261006222440
run-01165,sample-pdf,aes-192-cfb128,10,false,16425,16425,16748,0,0,0,0,0,0,0,0,true,200,,windows-amd64-20261006222440
run-01166,sample-pdf,aes-192-cfb128,11,false,16425,16425,16748,0,0,0,0,0,0,0,0,true,200,,windows-amd64-20261006222440
run-01167,sample-pdf,aes-192-cfb128,12,false,16425,16425,16748,0,0,0,0,1524000,0,1524000,1524700,true,200,,windows-amd64-20261006222440
run-01168,sample-pdf,aes-192-cfb128,13,false,16425,16425,16748,0,0,0,0,0,0,0,0,true,200,,windows-amd64-20261006222440
run-01169,sample-pdf,aes-192-cfb128,14,false,16425,16425,16748,0,0,0,0,0,0,0,1006200,true,200,,windows-amd64-20261006222440
run-01170,sample-pdf,aes-192-cfb128,15,false,16425,16425,16748,0,0,0,0,0,0,0,0,true,200,,windows-amd64-20261006222440
run-01171,sample-pdf,aes-192-cfb128,16,false,16425,16425,16748,0,0,0,0,0,0,0,1000600,true,200,,windows-amd64-20261006222440
run-01172,sample-pdf,aes-192-cfb128,17,false,16425,16425,16748,0,0,0,0,0,0,0,0,true,200,,windows-amd64-20261006222440
run-01173,sample-pdf,aes-192-cfb128,18,false,16425,16425,16748,0,0,0,0,0,0,0,1000600,true,200,,windows-amd64-20261006222440
run-01174,sample-pdf,aes-192-cfb128,19,false,16425,16425,16748,0,0,0,0,0,0,0,0,true,200,,windows-amd64-20261006222440
run-01175,sample-pdf,aes-192-cfb128,20,false,16425,16425,16748,0,0,0,0,0,0,0,0,true,200,,windows-amd64-20261006222440
run-01176,sample-pdf,aes-192-cfb128,21,false,16425,16425,16748,0,0,0,0,0,0,0,999800,true,200,,windows-amd64-20261006222440
run-01177,sample-pdf,aes-192-cfb128,22,false,16425,16425,16748,0,0,0,0,1000000,0,1000000,1000300,true,200,,windows-amd64-20261006222440
run-01178,sample-pdf,aes-192-cfb128,23,false,16425,16425,16748,0,0,0,0,0,0,0,0,true,200,,windows-amd64-20261006222440
run-01179,sample-pdf,aes-192-cfb128,24,false,16425,16425,16748,0,0,0,999000,0,0,999000,999300,true,200,,windows-amd64-20261006222440
run-01180,sample-pdf,aes-192-cfb128,25,false,16425,16425,16748,0,0,0,0,0,0,0,0,true,200,,windows-amd64-20261006222440
run-01181,sample-pdf,aes-192-cfb128,26,false,16425,16425,16748,0,0,998000,0,0,0,0,998900,true,200,,windows-amd64-20261006222440
run-01182,sample-pdf,aes-192-cfb128,27,false,16425,16425,16748,0,0,0,0,0,0,0,0,true,200,,windows-amd64-20261006222440
run-01183,sample-pdf,aes-192-cfb128,28,false,16425,16425,16748,0,0,0,0,0,0,0,999800,true,200,,windows-amd64-20261006222440
run-01184,sample-pdf,aes-192-cfb128,29,false,16425,16425,16748,0,0,0,0,0,0,0,1001000,true,200,,windows-amd64-20261006222440
run-01185,sample-pdf,aes-192-cfb128,30,false,16425,16425,16748,0,0,0,0,0,0,0,0,true,200,,windows-amd64-20261006222440
run-01186,sample-pdf,aes-192-cfb128,31,false,16425,16425,16748,0,0,0,0,0,0,0,2051700,true,200,,windows-amd64-20261006222440
run-01187,sample-pdf,aes-192-cfb128,32,false,16425,16425,16748,0,0,0,0,0,0,0,2000900,true,200,,windows-amd64-20261006222440
run-01188,sample-pdf,aes-192-cfb128,33,false,16425,16425,16748,0,0,0,0,0,0,0,1000800,true,200,,windows-amd64-20261006222440
run-01189,sample-pdf,aes-192-cfb128,34,false,16425,16425,16748,0,0,0,0,0,0,0,0,true,200,,windows-amd64-20261006222440
run-01190,sample-pdf,aes-192-cfb128,35,false,16425,16425,16748,0,0,0,0,0,0,0,996400,true,200,,windows-amd64-20261006222440
run-01191,sample-pdf,aes-192-ofb,1,true,16425,16425,16745,0,0,0,0,0,0,0,0,true,200,,windows-amd64-20261006222440
run-01192,sample-pdf,aes-192-ofb,2,true,16425,16425,16745,0,0,0,0,0,0,0,999600,true,200,,windows-amd64-20261006222440
run-01193,sample-pdf,aes-192-ofb,3,true,16425,16425,16745,0,0,0,0,0,0,0,0,true,200,,windows-amd64-20261006222440
run-01194,sample-pdf,aes-192-ofb,4,true,16425,16425,16745,0,0,0,0,0,0,0,0,true,200,,windows-amd64-20261006222440
run-01195,sample-pdf,aes-192-ofb,5,true,16425,16425,16745,0,0,0,0,0,0,0,2773200,true,200,,windows-amd64-20261006222440
run-01196,sample-pdf,aes-192-ofb,6,false,16425,16425,16745,0,0,0,0,0,0,0,535600,true,200,,windows-amd64-20261006222440
run-01197,sample-pdf,aes-192-ofb,7,false,16425,16425,16745,0,0,0,0,0,0,0,554000,true,200,,windows-amd64-20261006222440
run-01198,sample-pdf,aes-192-ofb,8,false,16425,16425,16745,0,0,0,0,0,0,0,1009500,true,200,,windows-amd64-20261006222440
run-01199,sample-pdf,aes-192-ofb,9,false,16425,16425,16745,0,0,0,0,0,0,0,0,true,200,,windows-amd64-20261006222440
run-01200,sample-pdf,aes-192-ofb,10,false,16425,16425,16745,0,0,0,0,0,0,0,0,true,200,,windows-amd64-20261006222440
run-01201,sample-pdf,aes-192-ofb,11,false,16425,16425,16745,0,0,0,0,0,0,0,1000300,true,200,,windows-amd64-20261006222440
run-01202,sample-pdf,aes-192-ofb,12,false,16425,16425,16745,0,0,0,0,0,999000,999000,999200,true,200,,windows-amd64-20261006222440
run-01203,sample-pdf,aes-192-ofb,13,false,16425,16425,16745,0,0,0,0,0,0,0,0,true,200,,windows-amd64-20261006222440
run-01204,sample-pdf,aes-192-ofb,14,false,16425,16425,16745,0,0,0,0,0,0,0,1003100,true,200,,windows-amd64-20261006222440
run-01205,sample-pdf,aes-192-ofb,15,false,16425,16425,16745,0,0,0,0,0,0,0,997000,true,200,,windows-amd64-20261006222440
run-01206,sample-pdf,aes-192-ofb,16,false,16425,16425,16745,0,0,0,0,0,0,0,1069700,true,200,,windows-amd64-20261006222440
run-01207,sample-pdf,aes-192-ofb,17,false,16425,16425,16745,0,0,0,0,0,0,0,0,true,200,,windows-amd64-20261006222440
run-01208,sample-pdf,aes-192-ofb,18,false,16425,16425,16745,0,0,0,0,0,0,0,1002700,true,200,,windows-amd64-20261006222440
run-01209,sample-pdf,aes-192-ofb,19,false,16425,16425,16745,0,0,0,0,0,0,0,998800,true,200,,windows-amd64-20261006222440
run-01210,sample-pdf,aes-192-ofb,20,false,16425,16425,16745,0,0,0,0,0,0,0,0,true,200,,windows-amd64-20261006222440
run-01211,sample-pdf,aes-192-ofb,21,false,16425,16425,16745,0,0,0,0,0,0,0,0,true,200,,windows-amd64-20261006222440
run-01212,sample-pdf,aes-192-ofb,22,false,16425,16425,16745,0,0,0,0,0,0,0,1589500,true,200,,windows-amd64-20261006222440
run-01213,sample-pdf,aes-192-ofb,23,false,16425,16425,16745,0,0,0,0,0,0,0,1533300,true,200,,windows-amd64-20261006222440
run-01214,sample-pdf,aes-192-ofb,24,false,16425,16425,16745,0,0,0,0,0,0,0,1003600,true,200,,windows-amd64-20261006222440
run-01215,sample-pdf,aes-192-ofb,25,false,16425,16425,16745,0,0,0,0,0,0,0,992700,true,200,,windows-amd64-20261006222440
run-01216,sample-pdf,aes-192-ofb,26,false,16425,16425,16745,0,0,0,0,0,0,0,1000200,true,200,,windows-amd64-20261006222440
run-01217,sample-pdf,aes-192-ofb,27,false,16425,16425,16745,0,0,0,0,0,0,0,0,true,200,,windows-amd64-20261006222440
run-01218,sample-pdf,aes-192-ofb,28,false,16425,16425,16745,0,0,0,0,0,0,0,0,true,200,,windows-amd64-20261006222440
run-01219,sample-pdf,aes-192-ofb,29,false,16425,16425,16745,0,0,0,0,0,0,0,1000300,true,200,,windows-amd64-20261006222440
run-01220,sample-pdf,aes-192-ofb,30,false,16425,16425,16745,0,0,0,0,0,0,0,0,true,200,,windows-amd64-20261006222440
run-01221,sample-pdf,aes-192-ofb,31,false,16425,16425,16745,0,0,0,0,0,0,0,999300,true,200,,windows-amd64-20261006222440
run-01222,sample-pdf,aes-192-ofb,32,false,16425,16425,16745,0,0,1000999,0,0,0,0,1001200,true,200,,windows-amd64-20261006222440
run-01223,sample-pdf,aes-192-ofb,33,false,16425,16425,16745,0,0,0,0,0,0,0,0,true,200,,windows-amd64-20261006222440
run-01224,sample-pdf,aes-192-ofb,34,false,16425,16425,16745,0,0,0,0,0,0,0,998600,true,200,,windows-amd64-20261006222440
run-01225,sample-pdf,aes-192-ofb,35,false,16425,16425,16745,0,0,0,0,0,0,0,598200,true,200,,windows-amd64-20261006222440
run-01226,sample-pdf,aes-192-ctr,1,true,16425,16425,16745,0,0,0,0,0,1006000,1006000,1006400,true,200,,windows-amd64-20261006222440
run-01227,sample-pdf,aes-192-ctr,2,true,16425,16425,16745,0,0,0,0,0,0,0,504900,true,200,,windows-amd64-20261006222440
run-01228,sample-pdf,aes-192-ctr,3,true,16425,16425,16745,0,0,0,0,0,0,0,0,true,200,,windows-amd64-20261006222440
run-01229,sample-pdf,aes-192-ctr,4,true,16425,16425,16745,0,0,0,0,0,0,0,1005900,true,200,,windows-amd64-20261006222440
run-01230,sample-pdf,aes-192-ctr,5,true,16425,16425,16745,0,0,0,0,0,0,0,1001000,true,200,,windows-amd64-20261006222440
run-01231,sample-pdf,aes-192-ctr,6,false,16425,16425,16745,0,0,0,0,0,0,0,0,true,200,,windows-amd64-20261006222440
run-01232,sample-pdf,aes-192-ctr,7,false,16425,16425,16745,0,0,0,0,0,0,0,1001300,true,200,,windows-amd64-20261006222440
run-01233,sample-pdf,aes-192-ctr,8,false,16425,16425,16745,0,0,0,0,0,0,0,1002000,true,200,,windows-amd64-20261006222440
run-01234,sample-pdf,aes-192-ctr,9,false,16425,16425,16745,0,0,0,0,0,0,0,998500,true,200,,windows-amd64-20261006222440
run-01235,sample-pdf,aes-192-ctr,10,false,16425,16425,16745,0,0,0,0,0,0,0,0,true,200,,windows-amd64-20261006222440
run-01236,sample-pdf,aes-192-ctr,11,false,16425,16425,16745,0,0,0,0,0,0,0,999400,true,200,,windows-amd64-20261006222440
run-01237,sample-pdf,aes-192-ctr,12,false,16425,16425,16745,0,0,0,0,0,0,0,0,true,200,,windows-amd64-20261006222440
run-01238,sample-pdf,aes-192-ctr,13,false,16425,16425,16745,0,0,0,0,0,0,0,998500,true,200,,windows-amd64-20261006222440
run-01239,sample-pdf,aes-192-ctr,14,false,16425,16425,16745,0,0,0,0,0,0,0,0,true,200,,windows-amd64-20261006222440
run-01240,sample-pdf,aes-192-ctr,15,false,16425,16425,16745,0,0,0,0,0,0,0,1000000,true,200,,windows-amd64-20261006222440
run-01241,sample-pdf,aes-192-ctr,16,false,16425,16425,16745,0,0,0,0,0,0,0,0,true,200,,windows-amd64-20261006222440
run-01242,sample-pdf,aes-192-ctr,17,false,16425,16425,16745,0,0,0,0,0,0,0,1001000,true,200,,windows-amd64-20261006222440
run-01243,sample-pdf,aes-192-ctr,18,false,16425,16425,16745,0,0,0,0,0,0,0,0,true,200,,windows-amd64-20261006222440
run-01244,sample-pdf,aes-192-ctr,19,false,16425,16425,16745,0,0,0,0,0,0,0,997800,true,200,,windows-amd64-20261006222440
run-01245,sample-pdf,aes-192-ctr,20,false,16425,16425,16745,0,0,0,0,0,0,0,0,true,200,,windows-amd64-20261006222440
run-01246,sample-pdf,aes-192-ctr,21,false,16425,16425,16745,0,0,0,0,0,0,0,1107500,true,200,,windows-amd64-20261006222440
run-01247,sample-pdf,aes-192-ctr,22,false,16425,16425,16745,0,0,0,0,0,0,0,0,true,200,,windows-amd64-20261006222440
run-01248,sample-pdf,aes-192-ctr,23,false,16425,16425,16745,0,0,0,0,0,0,0,1001600,true,200,,windows-amd64-20261006222440
run-01249,sample-pdf,aes-192-ctr,24,false,16425,16425,16745,0,0,0,0,0,0,0,0,true,200,,windows-amd64-20261006222440
run-01250,sample-pdf,aes-192-ctr,25,false,16425,16425,16745,0,0,999000,0,0,0,0,999100,true,200,,windows-amd64-20261006222440
run-01251,sample-pdf,aes-192-ctr,26,false,16425,16425,16745,0,0,0,0,0,0,0,0,true,200,,windows-amd64-20261006222440
run-01252,sample-pdf,aes-192-ctr,27,false,16425,16425,16745,0,0,0,0,0,0,0,999800,true,200,,windows-amd64-20261006222440
run-01253,sample-pdf,aes-192-ctr,28,false,16425,16425,16745,0,0,0,0,0,0,0,0,true,200,,windows-amd64-20261006222440
run-01254,sample-pdf,aes-192-ctr,29,false,16425,16425,16745,0,0,0,0,0,0,0,999900,true,200,,windows-amd64-20261006222440
run-01255,sample-pdf,aes-192-ctr,30,false,16425,16425,16745,0,0,0,0,0,0,0,0,true,200,,windows-amd64-20261006222440
run-01256,sample-pdf,aes-192-ctr,31,false,16425,16425,16745,0,0,0,0,0,0,0,999800,true,200,,windows-amd64-20261006222440
run-01257,sample-pdf,aes-192-ctr,32,false,16425,16425,16745,0,0,0,0,0,0,0,0,true,200,,windows-amd64-20261006222440
run-01258,sample-pdf,aes-192-ctr,33,false,16425,16425,16745,0,0,0,0,0,0,0,1001300,true,200,,windows-amd64-20261006222440
run-01259,sample-pdf,aes-192-ctr,34,false,16425,16425,16745,0,0,0,0,0,0,0,0,true,200,,windows-amd64-20261006222440
run-01260,sample-pdf,aes-192-ctr,35,false,16425,16425,16745,0,0,0,0,0,0,0,998300,true,200,,windows-amd64-20261006222440
run-01261,sample-pdf,aes-256-cbc,1,true,16425,16432,16752,0,0,0,0,0,0,0,0,true,200,,windows-amd64-20261006222440
run-01262,sample-pdf,aes-256-cbc,2,true,16425,16432,16752,0,0,0,0,0,0,0,0,true,200,,windows-amd64-20261006222440
run-01263,sample-pdf,aes-256-cbc,3,true,16425,16432,16752,0,0,525000,0,0,0,0,2031300,true,200,,windows-amd64-20261006222440
run-01264,sample-pdf,aes-256-cbc,4,true,16425,16432,16752,0,0,998000,0,0,0,0,2010000,true,200,,windows-amd64-20261006222440
run-01265,sample-pdf,aes-256-cbc,5,true,16425,16432,16752,0,0,0,0,0,0,0,997600,true,200,,windows-amd64-20261006222440
run-01266,sample-pdf,aes-256-cbc,6,false,16425,16432,16752,0,0,0,0,0,0,0,999600,true,200,,windows-amd64-20261006222440
run-01267,sample-pdf,aes-256-cbc,7,false,16425,16432,16752,0,0,0,0,0,0,0,0,true,200,,windows-amd64-20261006222440
run-01268,sample-pdf,aes-256-cbc,8,false,16425,16432,16752,0,0,0,0,999000,0,999000,999700,true,200,,windows-amd64-20261006222440
run-01269,sample-pdf,aes-256-cbc,9,false,16425,16432,16752,0,0,0,0,0,0,0,0,true,200,,windows-amd64-20261006222440
run-01270,sample-pdf,aes-256-cbc,10,false,16425,16432,16752,0,0,0,0,0,0,0,1000100,true,200,,windows-amd64-20261006222440
run-01271,sample-pdf,aes-256-cbc,11,false,16425,16432,16752,0,0,0,0,0,0,0,0,true,200,,windows-amd64-20261006222440
run-01272,sample-pdf,aes-256-cbc,12,false,16425,16432,16752,0,0,0,0,0,0,0,999500,true,200,,windows-amd64-20261006222440
run-01273,sample-pdf,aes-256-cbc,13,false,16425,16432,16752,0,0,0,0,0,0,0,0,true,200,,windows-amd64-20261006222440
run-01274,sample-pdf,aes-256-cbc,14,false,16425,16432,16752,0,0,0,0,0,0,0,999900,true,200,,windows-amd64-20261006222440
run-01275,sample-pdf,aes-256-cbc,15,false,16425,16432,16752,0,0,0,0,0,0,0,0,true,200,,windows-amd64-20261006222440
run-01276,sample-pdf,aes-256-cbc,16,false,16425,16432,16752,0,0,0,0,0,0,0,0,true,200,,windows-amd64-20261006222440
run-01277,sample-pdf,aes-256-cbc,17,false,16425,16432,16752,0,0,0,0,0,0,0,0,true,200,,windows-amd64-20261006222440
run-01278,sample-pdf,aes-256-cbc,18,false,16425,16432,16752,0,0,0,0,0,0,0,1507100,true,200,,windows-amd64-20261006222440
run-01279,sample-pdf,aes-256-cbc,19,false,16425,16432,16752,0,0,1008000,0,0,0,0,1008300,true,200,,windows-amd64-20261006222440
run-01280,sample-pdf,aes-256-cbc,20,false,16425,16432,16752,0,0,0,0,0,0,0,0,true,200,,windows-amd64-20261006222440
run-01281,sample-pdf,aes-256-cbc,21,false,16425,16432,16752,0,0,0,0,0,0,0,1349000,true,200,,windows-amd64-20261006222440
run-01282,sample-pdf,aes-256-cbc,22,false,16425,16432,16752,0,0,0,0,0,0,0,0,true,200,,windows-amd64-20261006222440
run-01283,sample-pdf,aes-256-cbc,23,false,16425,16432,16752,0,0,0,0,0,0,0,995300,true,200,,windows-amd64-20261006222440
run-01284,sample-pdf,aes-256-cbc,24,false,16425,16432,16752,0,0,0,0,0,0,0,0,true,200,,windows-amd64-20261006222440
run-01285,sample-pdf,aes-256-cbc,25,false,16425,16432,16752,0,0,0,0,0,0,0,999200,true,200,,windows-amd64-20261006222440
run-01286,sample-pdf,aes-256-cbc,26,false,16425,16432,16752,0,0,0,0,0,0,0,0,true,200,,windows-amd64-20261006222440
run-01287,sample-pdf,aes-256-cbc,27,false,16425,16432,16752,0,0,0,0,0,0,0,1001200,true,200,,windows-amd64-20261006222440
run-01288,sample-pdf,aes-256-cbc,28,false,16425,16432,16752,0,0,0,0,0,0,0,0,true,200,,windows-amd64-20261006222440
run-01289,sample-pdf,aes-256-cbc,29,false,16425,16432,16752,0,0,0,0,0,0,0,2007000,true,200,,windows-amd64-20261006222440
run-01290,sample-pdf,aes-256-cbc,30,false,16425,16432,16752,0,0,0,0,0,0,0,1508800,true,200,,windows-amd64-20261006222440
run-01291,sample-pdf,aes-256-cbc,31,false,16425,16432,16752,0,0,0,0,0,0,0,0,true,200,,windows-amd64-20261006222440
run-01292,sample-pdf,aes-256-cbc,32,false,16425,16432,16752,0,0,0,0,0,0,0,1511400,true,200,,windows-amd64-20261006222440
run-01293,sample-pdf,aes-256-cbc,33,false,16425,16432,16752,0,0,0,0,0,0,0,1008600,true,200,,windows-amd64-20261006222440
run-01294,sample-pdf,aes-256-cbc,34,false,16425,16432,16752,0,0,0,0,0,0,0,1053400,true,200,,windows-amd64-20261006222440
run-01295,sample-pdf,aes-256-cbc,35,false,16425,16432,16752,0,0,0,0,0,0,0,0,true,200,,windows-amd64-20261006222440
run-01296,sample-pdf,aes-256-cfb128,1,true,16425,16425,16748,0,0,0,0,0,0,0,1001500,true,200,,windows-amd64-20261006222440
run-01297,sample-pdf,aes-256-cfb128,2,true,16425,16425,16748,0,0,0,0,0,0,0,0,true,200,,windows-amd64-20261006222440
run-01298,sample-pdf,aes-256-cfb128,3,true,16425,16425,16748,0,0,575000,0,0,0,0,575900,true,200,,windows-amd64-20261006222440
run-01299,sample-pdf,aes-256-cfb128,4,true,16425,16425,16748,0,0,0,0,0,0,0,1009600,true,200,,windows-amd64-20261006222440
run-01300,sample-pdf,aes-256-cfb128,5,true,16425,16425,16748,0,0,0,0,0,0,0,0,true,200,,windows-amd64-20261006222440
run-01301,sample-pdf,aes-256-cfb128,6,false,16425,16425,16748,0,0,0,0,0,0,0,0,true,200,,windows-amd64-20261006222440
run-01302,sample-pdf,aes-256-cfb128,7,false,16425,16425,16748,0,0,0,0,0,0,0,1000000,true,200,,windows-amd64-20261006222440
run-01303,sample-pdf,aes-256-cfb128,8,false,16425,16425,16748,0,0,0,0,0,0,0,0,true,200,,windows-amd64-20261006222440
run-01304,sample-pdf,aes-256-cfb128,9,false,16425,16425,16748,0,0,0,0,0,0,0,1000300,true,200,,windows-amd64-20261006222440
run-01305,sample-pdf,aes-256-cfb128,10,false,16425,16425,16748,0,0,0,0,0,0,0,0,true,200,,windows-amd64-20261006222440
run-01306,sample-pdf,aes-256-cfb128,11,false,16425,16425,16748,0,0,0,0,0,0,0,999800,true,200,,windows-amd64-20261006222440
run-01307,sample-pdf,aes-256-cfb128,12,false,16425,16425,16748,0,0,0,0,0,0,0,1000300,true,200,,windows-amd64-20261006222440
run-01308,sample-pdf,aes-256-cfb128,13,false,16425,16425,16748,0,0,0,0,0,0,0,0,true,200,,windows-amd64-20261006222440
run-01309,sample-pdf,aes-256-cfb128,14,false,16425,16425,16748,0,0,0,0,0,0,0,0,true,200,,windows-amd64-20261006222440
run-01310,sample-pdf,aes-256-cfb128,15,false,16425,16425,16748,0,0,0,0,0,0,0,1595600,true,200,,windows-amd64-20261006222440
run-01311,sample-pdf,aes-256-cfb128,16,false,16425,16425,16748,0,0,0,0,0,0,0,0,true,200,,windows-amd64-20261006222440
run-01312,sample-pdf,aes-256-cfb128,17,false,16425,16425,16748,0,0,0,0,0,0,0,1006000,true,200,,windows-amd64-20261006222440
run-01313,sample-pdf,aes-256-cfb128,18,false,16425,16425,16748,0,0,0,0,0,0,0,1000500,true,200,,windows-amd64-20261006222440
run-01314,sample-pdf,aes-256-cfb128,19,false,16425,16425,16748,0,0,0,0,0,0,0,1004700,true,200,,windows-amd64-20261006222440
run-01315,sample-pdf,aes-256-cfb128,20,false,16425,16425,16748,0,0,0,0,0,0,0,2002400,true,200,,windows-amd64-20261006222440
run-01316,sample-pdf,aes-256-cfb128,21,false,16425,16425,16748,0,0,0,0,0,0,0,0,true,200,,windows-amd64-20261006222440
run-01317,sample-pdf,aes-256-cfb128,22,false,16425,16425,16748,0,0,0,0,0,0,0,1001300,true,200,,windows-amd64-20261006222440
run-01318,sample-pdf,aes-256-cfb128,23,false,16425,16425,16748,0,0,0,0,0,0,0,0,true,200,,windows-amd64-20261006222440
run-01319,sample-pdf,aes-256-cfb128,24,false,16425,16425,16748,0,0,0,0,0,0,0,0,true,200,,windows-amd64-20261006222440
run-01320,sample-pdf,aes-256-cfb128,25,false,16425,16425,16748,0,0,0,0,0,0,0,0,true,200,,windows-amd64-20261006222440
run-01321,sample-pdf,aes-256-cfb128,26,false,16425,16425,16748,0,0,0,0,0,0,0,1504500,true,200,,windows-amd64-20261006222440
run-01322,sample-pdf,aes-256-cfb128,27,false,16425,16425,16748,0,0,1006000,0,0,0,0,1006200,true,200,,windows-amd64-20261006222440
run-01323,sample-pdf,aes-256-cfb128,28,false,16425,16425,16748,0,0,0,0,0,0,0,1006500,true,200,,windows-amd64-20261006222440
run-01324,sample-pdf,aes-256-cfb128,29,false,16425,16425,16748,0,0,1229000,0,0,0,0,1229000,true,200,,windows-amd64-20261006222440
run-01325,sample-pdf,aes-256-cfb128,30,false,16425,16425,16748,0,0,0,0,0,0,0,999400,true,200,,windows-amd64-20261006222440
run-01326,sample-pdf,aes-256-cfb128,31,false,16425,16425,16748,0,0,0,0,0,0,0,999500,true,200,,windows-amd64-20261006222440
run-01327,sample-pdf,aes-256-cfb128,32,false,16425,16425,16748,0,0,0,0,0,0,0,1000200,true,200,,windows-amd64-20261006222440
run-01328,sample-pdf,aes-256-cfb128,33,false,16425,16425,16748,0,0,0,0,0,0,0,0,true,200,,windows-amd64-20261006222440
run-01329,sample-pdf,aes-256-cfb128,34,false,16425,16425,16748,0,0,0,0,0,0,0,998800,true,200,,windows-amd64-20261006222440
run-01330,sample-pdf,aes-256-cfb128,35,false,16425,16425,16748,0,0,0,0,0,0,0,999300,true,200,,windows-amd64-20261006222440
run-01331,sample-pdf,aes-256-ofb,1,true,16425,16425,16745,0,0,1002000,0,0,0,0,1002300,true,200,,windows-amd64-20261006222440
run-01332,sample-pdf,aes-256-ofb,2,true,16425,16425,16745,0,0,1000000,0,0,0,0,1000200,true,200,,windows-amd64-20261006222440
run-01333,sample-pdf,aes-256-ofb,3,true,16425,16425,16745,0,0,1002000,0,0,0,0,2095200,true,200,,windows-amd64-20261006222440
run-01334,sample-pdf,aes-256-ofb,4,true,16425,16425,16745,0,0,0,0,0,0,0,0,true,200,,windows-amd64-20261006222440
run-01335,sample-pdf,aes-256-ofb,5,true,16425,16425,16745,0,0,0,0,0,0,0,1166500,true,200,,windows-amd64-20261006222440
run-01336,sample-pdf,aes-256-ofb,6,false,16425,16425,16745,0,0,999000,0,0,0,0,999100,true,200,,windows-amd64-20261006222440
run-01337,sample-pdf,aes-256-ofb,7,false,16425,16425,16745,0,0,0,0,0,0,0,0,true,200,,windows-amd64-20261006222440
run-01338,sample-pdf,aes-256-ofb,8,false,16425,16425,16745,0,0,0,0,0,0,0,996900,true,200,,windows-amd64-20261006222440
run-01339,sample-pdf,aes-256-ofb,9,false,16425,16425,16745,0,0,0,0,0,0,0,1002900,true,200,,windows-amd64-20261006222440
run-01340,sample-pdf,aes-256-ofb,10,false,16425,16425,16745,0,0,0,0,0,0,0,0,true,200,,windows-amd64-20261006222440
run-01341,sample-pdf,aes-256-ofb,11,false,16425,16425,16745,0,0,0,0,0,0,0,0,true,200,,windows-amd64-20261006222440
run-01342,sample-pdf,aes-256-ofb,12,false,16425,16425,16745,0,0,0,0,0,0,0,0,true,200,,windows-amd64-20261006222440
run-01343,sample-pdf,aes-256-ofb,13,false,16425,16425,16745,0,0,0,0,0,0,0,0,true,200,,windows-amd64-20261006222440
run-01344,sample-pdf,aes-256-ofb,14,false,16425,16425,16745,0,0,0,0,0,0,0,1506800,true,200,,windows-amd64-20261006222440
run-01345,sample-pdf,aes-256-ofb,15,false,16425,16425,16745,0,0,0,0,0,0,0,1006900,true,200,,windows-amd64-20261006222440
run-01346,sample-pdf,aes-256-ofb,16,false,16425,16425,16745,0,0,0,0,0,0,0,0,true,200,,windows-amd64-20261006222440
run-01347,sample-pdf,aes-256-ofb,17,false,16425,16425,16745,0,0,0,0,0,0,0,1505800,true,200,,windows-amd64-20261006222440
run-01348,sample-pdf,aes-256-ofb,18,false,16425,16425,16745,0,0,0,0,0,0,0,0,true,200,,windows-amd64-20261006222440
run-01349,sample-pdf,aes-256-ofb,19,false,16425,16425,16745,0,0,0,0,0,0,0,1006500,true,200,,windows-amd64-20261006222440
run-01350,sample-pdf,aes-256-ofb,20,false,16425,16425,16745,0,0,0,0,0,0,0,0,true,200,,windows-amd64-20261006222440
run-01351,sample-pdf,aes-256-ofb,21,false,16425,16425,16745,0,0,0,0,0,0,0,1507000,true,200,,windows-amd64-20261006222440
run-01352,sample-pdf,aes-256-ofb,22,false,16425,16425,16745,0,0,0,0,0,0,0,0,true,200,,windows-amd64-20261006222440
run-01353,sample-pdf,aes-256-ofb,23,false,16425,16425,16745,0,0,0,0,0,0,0,1006300,true,200,,windows-amd64-20261006222440
run-01354,sample-pdf,aes-256-ofb,24,false,16425,16425,16745,0,0,0,0,0,0,0,1004100,true,200,,windows-amd64-20261006222440
run-01355,sample-pdf,aes-256-ofb,25,false,16425,16425,16745,0,0,0,0,0,0,0,0,true,200,,windows-amd64-20261006222440
run-01356,sample-pdf,aes-256-ofb,26,false,16425,16425,16745,0,0,1336000,0,0,0,0,1336300,true,200,,windows-amd64-20261006222440
run-01357,sample-pdf,aes-256-ofb,27,false,16425,16425,16745,0,0,0,0,0,0,0,505600,true,200,,windows-amd64-20261006222440
run-01358,sample-pdf,aes-256-ofb,28,false,16425,16425,16745,0,0,1012999,0,0,0,0,2727600,true,200,,windows-amd64-20261006222440
run-01359,sample-pdf,aes-256-ofb,29,false,16425,16425,16745,0,0,0,0,0,0,0,1281700,true,200,,windows-amd64-20261006222440
run-01360,sample-pdf,aes-256-ofb,30,false,16425,16425,16745,0,0,0,0,0,0,0,1001100,true,200,,windows-amd64-20261006222440
run-01361,sample-pdf,aes-256-ofb,31,false,16425,16425,16745,0,0,0,0,0,0,0,996900,true,200,,windows-amd64-20261006222440
run-01362,sample-pdf,aes-256-ofb,32,false,16425,16425,16745,0,0,0,0,0,0,0,0,true,200,,windows-amd64-20261006222440
run-01363,sample-pdf,aes-256-ofb,33,false,16425,16425,16745,0,0,0,0,0,0,0,0,true,200,,windows-amd64-20261006222440
run-01364,sample-pdf,aes-256-ofb,34,false,16425,16425,16745,0,0,0,0,0,0,0,0,true,200,,windows-amd64-20261006222440
run-01365,sample-pdf,aes-256-ofb,35,false,16425,16425,16745,0,0,0,0,0,0,0,1005400,true,200,,windows-amd64-20261006222440
run-01366,sample-pdf,aes-256-ctr,1,true,16425,16425,16745,0,0,0,0,0,0,0,994400,true,200,,windows-amd64-20261006222440
run-01367,sample-pdf,aes-256-ctr,2,true,16425,16425,16745,0,0,0,0,0,0,0,0,true,200,,windows-amd64-20261006222440
run-01368,sample-pdf,aes-256-ctr,3,true,16425,16425,16745,0,0,0,0,0,0,0,1001800,true,200,,windows-amd64-20261006222440
run-01369,sample-pdf,aes-256-ctr,4,true,16425,16425,16745,0,0,0,0,0,0,0,0,true,200,,windows-amd64-20261006222440
run-01370,sample-pdf,aes-256-ctr,5,true,16425,16425,16745,0,0,0,0,0,0,0,1092500,true,200,,windows-amd64-20261006222440
run-01371,sample-pdf,aes-256-ctr,6,false,16425,16425,16745,0,0,0,0,1000000,0,1000000,1000000,true,200,,windows-amd64-20261006222440
run-01372,sample-pdf,aes-256-ctr,7,false,16425,16425,16745,0,0,0,0,0,0,0,0,true,200,,windows-amd64-20261006222440
run-01373,sample-pdf,aes-256-ctr,8,false,16425,16425,16745,0,0,0,0,0,0,0,1000900,true,200,,windows-amd64-20261006222440
run-01374,sample-pdf,aes-256-ctr,9,false,16425,16425,16745,0,0,0,0,0,0,0,0,true,200,,windows-amd64-20261006222440
run-01375,sample-pdf,aes-256-ctr,10,false,16425,16425,16745,0,0,0,0,0,0,0,2224100,true,200,,windows-amd64-20261006222440
run-01376,sample-pdf,aes-256-ctr,11,false,16425,16425,16745,0,0,0,0,0,0,0,1998300,true,200,,windows-amd64-20261006222440
run-01377,sample-pdf,aes-256-ctr,12,false,16425,16425,16745,0,0,0,997000,0,0,997000,997900,true,200,,windows-amd64-20261006222440
run-01378,sample-pdf,aes-256-ctr,13,false,16425,16425,16745,0,0,999000,0,0,0,0,999300,true,200,,windows-amd64-20261006222440
run-01379,sample-pdf,aes-256-ctr,14,false,16425,16425,16745,0,0,0,0,0,0,0,0,true,200,,windows-amd64-20261006222440
run-01380,sample-pdf,aes-256-ctr,15,false,16425,16425,16745,0,0,0,0,0,0,0,999400,true,200,,windows-amd64-20261006222440
run-01381,sample-pdf,aes-256-ctr,16,false,16425,16425,16745,0,0,0,0,1034000,0,1034000,1034800,true,200,,windows-amd64-20261006222440
run-01382,sample-pdf,aes-256-ctr,17,false,16425,16425,16745,0,0,0,0,0,0,0,0,true,200,,windows-amd64-20261006222440
run-01383,sample-pdf,aes-256-ctr,18,false,16425,16425,16745,0,0,0,0,0,0,0,1999900,true,200,,windows-amd64-20261006222440
run-01384,sample-pdf,aes-256-ctr,19,false,16425,16425,16745,0,0,0,0,0,0,0,1119300,true,200,,windows-amd64-20261006222440
run-01385,sample-pdf,aes-256-ctr,20,false,16425,16425,16745,0,0,0,0,0,0,0,0,true,200,,windows-amd64-20261006222440
run-01386,sample-pdf,aes-256-ctr,21,false,16425,16425,16745,0,0,0,0,0,0,0,999100,true,200,,windows-amd64-20261006222440
run-01387,sample-pdf,aes-256-ctr,22,false,16425,16425,16745,0,0,0,0,0,0,0,0,true,200,,windows-amd64-20261006222440
run-01388,sample-pdf,aes-256-ctr,23,false,16425,16425,16745,0,0,0,0,0,0,0,999000,true,200,,windows-amd64-20261006222440
run-01389,sample-pdf,aes-256-ctr,24,false,16425,16425,16745,0,0,0,0,0,0,0,1000900,true,200,,windows-amd64-20261006222440
run-01390,sample-pdf,aes-256-ctr,25,false,16425,16425,16745,0,0,0,0,0,0,0,0,true,200,,windows-amd64-20261006222440
run-01391,sample-pdf,aes-256-ctr,26,false,16425,16425,16745,0,0,0,0,0,0,0,1000500,true,200,,windows-amd64-20261006222440
run-01392,sample-pdf,aes-256-ctr,27,false,16425,16425,16745,0,0,0,0,0,0,0,0,true,200,,windows-amd64-20261006222440
run-01393,sample-pdf,aes-256-ctr,28,false,16425,16425,16745,0,0,0,0,0,0,0,0,true,200,,windows-amd64-20261006222440
run-01394,sample-pdf,aes-256-ctr,29,false,16425,16425,16745,0,0,0,0,0,0,0,2013600,true,200,,windows-amd64-20261006222440
run-01395,sample-pdf,aes-256-ctr,30,false,16425,16425,16745,0,0,0,0,1507000,0,1507000,1507100,true,200,,windows-amd64-20261006222440
run-01396,sample-pdf,aes-256-ctr,31,false,16425,16425,16745,0,0,1008000,0,0,0,0,1008700,true,200,,windows-amd64-20261006222440
run-01397,sample-pdf,aes-256-ctr,32,false,16425,16425,16745,0,0,0,0,0,0,0,0,true,200,,windows-amd64-20261006222440
run-01398,sample-pdf,aes-256-ctr,33,false,16425,16425,16745,0,0,0,0,0,0,0,1000300,true,200,,windows-amd64-20261006222440
run-01399,sample-pdf,aes-256-ctr,34,false,16425,16425,16745,0,0,0,0,0,0,0,0,true,200,,windows-amd64-20261006222440
run-01400,sample-pdf,aes-256-ctr,35,false,16425,16425,16745,0,0,0,0,0,0,0,1999200,true,200,,windows-amd64-20261006222440
run-01401,sample-pdf,des-cbc,1,true,16425,16432,16736,0,0,0,0,0,1000000,1000000,1000500,true,200,,windows-amd64-20261006222440
run-01402,sample-pdf,des-cbc,2,true,16425,16432,16736,0,0,0,0,0,0,0,0,true,200,,windows-amd64-20261006222440
run-01403,sample-pdf,des-cbc,3,true,16425,16432,16736,0,0,0,0,0,1506000,1506000,1506500,true,200,,windows-amd64-20261006222440
run-01404,sample-pdf,des-cbc,4,true,16425,16432,16736,0,0,0,0,0,0,1004999,1005100,true,200,,windows-amd64-20261006222440
run-01405,sample-pdf,des-cbc,5,true,16425,16432,16736,0,0,1000999,0,0,0,0,1001200,true,200,,windows-amd64-20261006222440
run-01406,sample-pdf,des-cbc,6,false,16425,16432,16736,0,0,999000,0,0,0,0,999300,true,200,,windows-amd64-20261006222440
run-01407,sample-pdf,des-cbc,7,false,16425,16432,16736,0,0,0,0,0,0,0,999200,true,200,,windows-amd64-20261006222440
run-01408,sample-pdf,des-cbc,8,false,16425,16432,16736,0,0,0,0,0,0,0,1034800,true,200,,windows-amd64-20261006222440
run-01409,sample-pdf,des-cbc,9,false,16425,16432,16736,0,0,0,0,0,0,0,1000100,true,200,,windows-amd64-20261006222440
run-01410,sample-pdf,des-cbc,10,false,16425,16432,16736,0,0,0,0,0,0,0,0,true,200,,windows-amd64-20261006222440
run-01411,sample-pdf,des-cbc,11,false,16425,16432,16736,0,0,1040999,0,0,0,0,2040200,true,200,,windows-amd64-20261006222440
run-01412,sample-pdf,des-cbc,12,false,16425,16432,16736,0,0,998000,0,0,0,0,998500,true,200,,windows-amd64-20261006222440
run-01413,sample-pdf,des-cbc,13,false,16425,16432,16736,0,0,0,0,0,0,0,0,true,200,,windows-amd64-20261006222440
run-01414,sample-pdf,des-cbc,14,false,16425,16432,16736,0,0,0,0,0,0,0,1490300,true,200,,windows-amd64-20261006222440
run-01415,sample-pdf,des-cbc,15,false,16425,16432,16736,0,0,0,0,1000000,0,1000000,1000000,true,200,,windows-amd64-20261006222440
run-01416,sample-pdf,des-cbc,16,false,16425,16432,16736,0,0,0,0,0,0,0,0,true,200,,windows-amd64-20261006222440
run-01417,sample-pdf,des-cbc,17,false,16425,16432,16736,0,0,0,0,0,1506000,1506000,1506300,true,200,,windows-amd64-20261006222440
run-01418,sample-pdf,des-cbc,18,false,16425,16432,16736,0,0,0,0,0,0,0,0,true,200,,windows-amd64-20261006222440
run-01419,sample-pdf,des-cbc,19,false,16425,16432,16736,0,0,0,0,0,0,0,0,true,200,,windows-amd64-20261006222440
run-01420,sample-pdf,des-cbc,20,false,16425,16432,16736,0,0,0,0,0,1000000,1000000,1000200,true,200,,windows-amd64-20261006222440
run-01421,sample-pdf,des-cbc,21,false,16425,16432,16736,0,0,0,0,0,0,0,0,true,200,,windows-amd64-20261006222440
run-01422,sample-pdf,des-cbc,22,false,16425,16432,16736,0,0,0,0,0,0,0,999500,true,200,,windows-amd64-20261006222440
run-01423,sample-pdf,des-cbc,23,false,16425,16432,16736,0,0,0,0,0,1000999,1000999,2002200,true,200,,windows-amd64-20261006222440
run-01424,sample-pdf,des-cbc,24,false,16425,16432,16736,0,0,0,0,0,998000,998000,998700,true,200,,windows-amd64-20261006222440
run-01425,sample-pdf,des-cbc,25,false,16425,16432,16736,0,0,0,0,0,1109000,1109000,1109500,true,200,,windows-amd64-20261006222440
run-01426,sample-pdf,des-cbc,26,false,16425,16432,16736,0,0,1000999,0,0,0,0,1001300,true,200,,windows-amd64-20261006222440
run-01427,sample-pdf,des-cbc,27,false,16425,16432,16736,0,0,0,0,0,0,0,999900,true,200,,windows-amd64-20261006222440
run-01428,sample-pdf,des-cbc,28,false,16425,16432,16736,0,0,0,0,0,506000,506000,1507500,true,200,,windows-amd64-20261006222440
run-01429,sample-pdf,des-cbc,29,false,16425,16432,16736,0,0,1010000,0,0,0,0,1010300,true,200,,windows-amd64-20261006222440
run-01430,sample-pdf,des-cbc,30,false,16425,16432,16736,0,0,0,0,0,0,0,1996400,true,200,,windows-amd64-20261006222440
run-01431,sample-pdf,des-cbc,31,false,16425,16432,16736,0,0,0,1000000,0,0,1000000,1000400,true,200,,windows-amd64-20261006222440
run-01432,sample-pdf,des-cbc,32,false,16425,16432,16736,0,0,0,0,0,0,0,0,true,200,,windows-amd64-20261006222440
run-01433,sample-pdf,des-cbc,33,false,16425,16432,16736,0,0,0,0,0,0,0,1506200,true,200,,windows-amd64-20261006222440
run-01434,sample-pdf,des-cbc,34,false,16425,16432,16736,0,0,0,0,0,1006999,1006999,1007000,true,200,,windows-amd64-20261006222440
run-01435,sample-pdf,des-cbc,35,false,16425,16432,16736,0,0,0,0,0,1000999,1000999,1001400,true,200,,windows-amd64-20261006222440
run-01436,sample-pdf,rc4-256,1,true,16425,16425,16717,0,0,0,0,0,0,0,0,true,200,,windows-amd64-20261006222440
run-01437,sample-pdf,rc4-256,2,true,16425,16425,16717,0,0,0,0,0,0,0,998000,true,200,,windows-amd64-20261006222440
run-01438,sample-pdf,rc4-256,3,true,16425,16425,16717,0,0,0,0,0,0,0,0,true,200,,windows-amd64-20261006222440
run-01439,sample-pdf,rc4-256,4,true,16425,16425,16717,0,0,0,0,0,0,0,0,true,200,,windows-amd64-20261006222440
run-01440,sample-pdf,rc4-256,5,true,16425,16425,16717,0,0,0,0,0,0,0,1503900,true,200,,windows-amd64-20261006222440
run-01441,sample-pdf,rc4-256,6,false,16425,16425,16717,0,0,0,0,0,0,0,1006900,true,200,,windows-amd64-20261006222440
run-01442,sample-pdf,rc4-256,7,false,16425,16425,16717,0,0,0,0,0,999000,999000,999400,true,200,,windows-amd64-20261006222440
run-01443,sample-pdf,rc4-256,8,false,16425,16425,16717,0,0,0,0,0,0,0,0,true,200,,windows-amd64-20261006222440
run-01444,sample-pdf,rc4-256,9,false,16425,16425,16717,0,0,995000,0,0,0,0,995800,true,200,,windows-amd64-20261006222440
run-01445,sample-pdf,rc4-256,10,false,16425,16425,16717,0,0,0,0,0,0,0,0,true,200,,windows-amd64-20261006222440
run-01446,sample-pdf,rc4-256,11,false,16425,16425,16717,0,0,0,0,0,0,0,1505900,true,200,,windows-amd64-20261006222440
run-01447,sample-pdf,rc4-256,12,false,16425,16425,16717,0,0,0,0,0,0,0,0,true,200,,windows-amd64-20261006222440
run-01448,sample-pdf,rc4-256,13,false,16425,16425,16717,0,0,0,0,0,0,0,0,true,200,,windows-amd64-20261006222440
run-01449,sample-pdf,rc4-256,14,false,16425,16425,16717,0,0,0,0,0,0,0,1526700,true,200,,windows-amd64-20261006222440
run-01450,sample-pdf,rc4-256,15,false,16425,16425,16717,0,0,0,0,0,0,0,0,true,200,,windows-amd64-20261006222440
run-01451,sample-pdf,rc4-256,16,false,16425,16425,16717,0,0,0,0,0,0,0,1718100,true,200,,windows-amd64-20261006222440
run-01452,sample-pdf,rc4-256,17,false,16425,16425,16717,0,0,1541000,0,0,0,0,1541600,true,200,,windows-amd64-20261006222440
run-01453,sample-pdf,rc4-256,18,false,16425,16425,16717,0,0,0,0,0,0,0,2012900,true,200,,windows-amd64-20261006222440
run-01454,sample-pdf,rc4-256,19,false,16425,16425,16717,0,0,0,0,0,0,0,999100,true,200,,windows-amd64-20261006222440
run-01455,sample-pdf,rc4-256,20,false,16425,16425,16717,0,0,0,0,0,0,0,1000500,true,200,,windows-amd64-20261006222440
run-01456,sample-pdf,rc4-256,21,false,16425,16425,16717,0,0,997000,0,0,0,0,997200,true,200,,windows-amd64-20261006222440
run-01457,sample-pdf,rc4-256,22,false,16425,16425,16717,0,0,0,0,0,0,0,0,true,200,,windows-amd64-20261006222440
run-01458,sample-pdf,rc4-256,23,false,16425,16425,16717,0,0,0,0,0,0,0,1070500,true,200,,windows-amd64-20261006222440
run-01459,sample-pdf,rc4-256,24,false,16425,16425,16717,0,0,0,0,0,0,0,0,true,200,,windows-amd64-20261006222440
run-01460,sample-pdf,rc4-256,25,false,16425,16425,16717,0,0,0,0,0,0,0,0,true,200,,windows-amd64-20261006222440
run-01461,sample-pdf,rc4-256,26,false,16425,16425,16717,0,0,0,0,0,0,0,1001000,true,200,,windows-amd64-20261006222440
run-01462,sample-pdf,rc4-256,27,false,16425,16425,16717,0,0,0,0,0,0,0,998600,true,200,,windows-amd64-20261006222440
run-01463,sample-pdf,rc4-256,28,false,16425,16425,16717,0,0,0,0,0,0,0,0,true,200,,windows-amd64-20261006222440
run-01464,sample-pdf,rc4-256,29,false,16425,16425,16717,0,0,0,0,0,0,0,996800,true,200,,windows-amd64-20261006222440
run-01465,sample-pdf,rc4-256,30,false,16425,16425,16717,0,0,0,0,0,0,0,505400,true,200,,windows-amd64-20261006222440
run-01466,sample-pdf,rc4-256,31,false,16425,16425,16717,0,0,0,0,0,0,0,0,true,200,,windows-amd64-20261006222440
run-01467,sample-pdf,rc4-256,32,false,16425,16425,16717,0,0,0,0,0,0,0,1007300,true,200,,windows-amd64-20261006222440
run-01468,sample-pdf,rc4-256,33,false,16425,16425,16717,0,0,0,0,0,0,0,1510200,true,200,,windows-amd64-20261006222440
run-01469,sample-pdf,rc4-256,34,false,16425,16425,16717,0,0,0,0,0,0,0,2008000,true,200,,windows-amd64-20261006222440
run-01470,sample-pdf,rc4-256,35,false,16425,16425,16717,0,0,0,0,0,0,0,0,true,200,,windows-amd64-20261006222440
run-01471,sample-docx,aes-128-cbc,1,true,8196,8208,8527,0,0,0,0,0,0,0,1198400,true,200,,windows-amd64-20261006222440
run-01472,sample-docx,aes-128-cbc,2,true,8196,8208,8527,0,0,0,0,0,0,0,998000,true,200,,windows-amd64-20261006222440
run-01473,sample-docx,aes-128-cbc,3,true,8196,8208,8527,0,0,0,0,0,0,0,0,true,200,,windows-amd64-20261006222440
run-01474,sample-docx,aes-128-cbc,4,true,8196,8208,8527,0,0,0,0,0,0,0,0,true,200,,windows-amd64-20261006222440
run-01475,sample-docx,aes-128-cbc,5,true,8196,8208,8527,0,0,0,0,0,0,0,1001400,true,200,,windows-amd64-20261006222440
run-01476,sample-docx,aes-128-cbc,6,false,8196,8208,8527,0,0,0,0,0,0,0,0,true,200,,windows-amd64-20261006222440
run-01477,sample-docx,aes-128-cbc,7,false,8196,8208,8527,0,0,0,0,0,0,0,0,true,200,,windows-amd64-20261006222440
run-01478,sample-docx,aes-128-cbc,8,false,8196,8208,8527,0,0,0,0,0,0,0,1506700,true,200,,windows-amd64-20261006222440
run-01479,sample-docx,aes-128-cbc,9,false,8196,8208,8527,0,0,0,0,0,0,0,0,true,200,,windows-amd64-20261006222440
run-01480,sample-docx,aes-128-cbc,10,false,8196,8208,8527,0,0,0,0,0,0,0,1007100,true,200,,windows-amd64-20261006222440
run-01481,sample-docx,aes-128-cbc,11,false,8196,8208,8527,0,0,0,0,0,0,0,0,true,200,,windows-amd64-20261006222440
run-01482,sample-docx,aes-128-cbc,12,false,8196,8208,8527,0,0,0,0,0,0,0,1000600,true,200,,windows-amd64-20261006222440
run-01483,sample-docx,aes-128-cbc,13,false,8196,8208,8527,0,0,0,0,0,0,0,579500,true,200,,windows-amd64-20261006222440
run-01484,sample-docx,aes-128-cbc,14,false,8196,8208,8527,0,0,0,0,0,0,0,0,true,200,,windows-amd64-20261006222440
run-01485,sample-docx,aes-128-cbc,15,false,8196,8208,8527,0,0,0,0,0,0,0,0,true,200,,windows-amd64-20261006222440
run-01486,sample-docx,aes-128-cbc,16,false,8196,8208,8527,0,0,0,0,0,0,0,1537600,true,200,,windows-amd64-20261006222440
run-01487,sample-docx,aes-128-cbc,17,false,8196,8208,8527,0,0,0,0,0,0,0,1014000,true,200,,windows-amd64-20261006222440
run-01488,sample-docx,aes-128-cbc,18,false,8196,8208,8527,0,0,0,0,0,0,0,994100,true,200,,windows-amd64-20261006222440
run-01489,sample-docx,aes-128-cbc,19,false,8196,8208,8527,0,0,0,0,0,0,0,0,true,200,,windows-amd64-20261006222440
run-01490,sample-docx,aes-128-cbc,20,false,8196,8208,8527,0,0,0,0,0,0,0,998200,true,200,,windows-amd64-20261006222440
run-01491,sample-docx,aes-128-cbc,21,false,8196,8208,8527,0,0,1000000,0,0,0,0,3004600,true,200,,windows-amd64-20261006222440
run-01492,sample-docx,aes-128-cbc,22,false,8196,8208,8527,0,0,0,0,0,0,0,1170300,true,200,,windows-amd64-20261006222440
run-01493,sample-docx,aes-128-cbc,23,false,8196,8208,8527,0,0,0,0,0,0,0,994300,true,200,,windows-amd64-20261006222440
run-01494,sample-docx,aes-128-cbc,24,false,8196,8208,8527,0,0,0,1000000,0,0,1000000,1000200,true,200,,windows-amd64-20261006222440
run-01495,sample-docx,aes-128-cbc,25,false,8196,8208,8527,0,0,0,0,0,0,0,0,true,200,,windows-amd64-20261006222440
run-01496,sample-docx,aes-128-cbc,26,false,8196,8208,8527,0,0,0,0,0,0,0,1000200,true,200,,windows-amd64-20261006222440
run-01497,sample-docx,aes-128-cbc,27,false,8196,8208,8527,0,0,0,0,0,0,0,1106600,true,200,,windows-amd64-20261006222440
run-01498,sample-docx,aes-128-cbc,28,false,8196,8208,8527,0,0,0,0,0,0,0,0,true,200,,windows-amd64-20261006222440
run-01499,sample-docx,aes-128-cbc,29,false,8196,8208,8527,0,0,999000,0,0,0,0,999300,true,200,,windows-amd64-20261006222440
run-01500,sample-docx,aes-128-cbc,30,false,8196,8208,8527,0,0,0,0,0,0,0,0,true,200,,windows-amd64-20261006222440
run-01501,sample-docx,aes-128-cbc,31,false,8196,8208,8527,0,0,0,0,0,0,0,999700,true,200,,windows-amd64-20261006222440
run-01502,sample-docx,aes-128-cbc,32,false,8196,8208,8527,0,0,0,0,0,0,0,1001700,true,200,,windows-amd64-20261006222440
run-01503,sample-docx,aes-128-cbc,33,false,8196,8208,8527,0,0,0,0,0,0,0,1000700,true,200,,windows-amd64-20261006222440
run-01504,sample-docx,aes-128-cbc,34,false,8196,8208,8527,0,0,0,0,0,0,0,0,true,200,,windows-amd64-20261006222440
run-01505,sample-docx,aes-128-cbc,35,false,8196,8208,8527,0,0,0,0,0,0,0,998100,true,200,,windows-amd64-20261006222440
run-01506,sample-docx,aes-128-cfb128,1,true,8196,8196,8518,0,0,0,0,0,0,0,0,true,200,,windows-amd64-20261006222440
run-01507,sample-docx,aes-128-cfb128,2,true,8196,8196,8518,0,0,0,0,0,0,0,2039900,true,200,,windows-amd64-20261006222440
run-01508,sample-docx,aes-128-cfb128,3,true,8196,8196,8518,0,0,0,0,0,0,0,0,true,200,,windows-amd64-20261006222440
run-01509,sample-docx,aes-128-cfb128,4,true,8196,8196,8518,0,0,0,0,0,0,0,0,true,200,,windows-amd64-20261006222440
run-01510,sample-docx,aes-128-cfb128,5,true,8196,8196,8518,0,0,0,0,0,0,0,0,true,200,,windows-amd64-20261006222440
run-01511,sample-docx,aes-128-cfb128,6,false,8196,8196,8518,0,0,0,0,0,998000,998000,998500,true,200,,windows-amd64-20261006222440
run-01512,sample-docx,aes-128-cfb128,7,false,8196,8196,8518,0,0,0,0,0,0,0,1188300,true,200,,windows-amd64-20261006222440
run-01513,sample-docx,aes-128-cfb128,8,false,8196,8196,8518,0,0,999000,0,0,0,0,999000,true,200,,windows-amd64-20261006222440
run-01514,sample-docx,aes-128-cfb128,9,false,8196,8196,8518,0,0,0,0,0,0,0,1000700,true,200,,windows-amd64-20261006222440
run-01515,sample-docx,aes-128-cfb128,10,false,8196,8196,8518,0,0,0,0,0,0,0,998900,true,200,,windows-amd64-20261006222440
run-01516,sample-docx,aes-128-cfb128,11,false,8196,8196,8518,0,0,0,0,0,0,0,1001000,true,200,,windows-amd64-20261006222440
run-01517,sample-docx,aes-128-cfb128,12,false,8196,8196,8518,0,0,0,0,0,0,0,996800,true,200,,windows-amd64-20261006222440
run-01518,sample-docx,aes-128-cfb128,13,false,8196,8196,8518,0,0,0,0,0,0,0,0,true,200,,windows-amd64-20261006222440
run-01519,sample-docx,aes-128-cfb128,14,false,8196,8196,8518,0,0,0,0,0,0,0,0,true,200,,windows-amd64-20261006222440
run-01520,sample-docx,aes-128-cfb128,15,false,8196,8196,8518,0,0,0,0,0,0,0,1174500,true,200,,windows-amd64-20261006222440
run-01521,sample-docx,aes-128-cfb128,16,false,8196,8196,8518,0,0,0,0,0,0,0,998700,true,200,,windows-amd64-20261006222440
run-01522,sample-docx,aes-128-cfb128,17,false,8196,8196,8518,0,0,0,0,0,0,0,0,true,200,,windows-amd64-20261006222440
run-01523,sample-docx,aes-128-cfb128,18,false,8196,8196,8518,0,0,1507000,0,0,0,0,1507600,true,200,,windows-amd64-20261006222440
run-01524,sample-docx,aes-128-cfb128,19,false,8196,8196,8518,0,0,0,0,0,0,0,0,true,200,,windows-amd64-20261006222440
run-01525,sample-docx,aes-128-cfb128,20,false,8196,8196,8518,0,0,0,0,0,0,0,1006700,true,200,,windows-amd64-20261006222440
run-01526,sample-docx,aes-128-cfb128,21,false,8196,8196,8518,0,0,0,0,0,0,0,0,true,200,,windows-amd64-20261006222440
run-01527,sample-docx,aes-128-cfb128,22,false,8196,8196,8518,0,0,0,0,0,1000999,1000999,1001000,true,200,,windows-amd64-20261006222440
run-01528,sample-docx,aes-128-cfb128,23,false,8196,8196,8518,0,0,0,1000999,0,0,1000999,1001300,true,200,,windows-amd64-20261006222440
run-01529,sample-docx,aes-128-cfb128,24,false,8196,8196,8518,0,0,0,0,0,0,0,0,true,200,,windows-amd64-20261006222440
run-01530,sample-docx,aes-128-cfb128,25,false,8196,8196,8518,0,0,0,0,0,0,0,997900,true,200,,windows-amd64-20261006222440
run-01531,sample-docx,aes-128-cfb128,26,false,8196,8196,8518,0,0,0,0,0,0,0,0,true,200,,windows-amd64-20261006222440
run-01532,sample-docx,aes-128-cfb128,27,false,8196,8196,8518,0,0,0,0,0,0,0,0,true,200,,windows-amd64-20261006222440
run-01533,sample-docx,aes-128-cfb128,28,false,8196,8196,8518,0,0,0,0,0,0,0,999800,true,200,,windows-amd64-20261006222440
run-01534,sample-docx,aes-128-cfb128,29,false,8196,8196,8518,0,0,0,0,0,0,0,0,true,200,,windows-amd64-20261006222440
run-01535,sample-docx,aes-128-cfb128,30,false,8196,8196,8518,0,0,0,0,0,0,0,0,true,200,,windows-amd64-20261006222440
run-01536,sample-docx,aes-128-cfb128,31,false,8196,8196,8518,0,0,0,0,0,0,0,0,true,200,,windows-amd64-20261006222440
run-01537,sample-docx,aes-128-cfb128,32,false,8196,8196,8518,0,0,0,0,0,0,0,1506300,true,200,,windows-amd64-20261006222440
run-01538,sample-docx,aes-128-cfb128,33,false,8196,8196,8518,0,0,0,0,0,0,0,1010300,true,200,,windows-amd64-20261006222440
run-01539,sample-docx,aes-128-cfb128,34,false,8196,8196,8518,0,0,0,0,0,0,0,998600,true,200,,windows-amd64-20261006222440
run-01540,sample-docx,aes-128-cfb128,35,false,8196,8196,8518,0,0,0,0,0,0,0,0,true,200,,windows-amd64-20261006222440
run-01541,sample-docx,aes-128-ofb,1,true,8196,8196,8515,0,0,0,0,0,0,0,0,true,200,,windows-amd64-20261006222440
run-01542,sample-docx,aes-128-ofb,2,true,8196,8196,8515,0,0,1506000,0,0,0,0,1506700,true,200,,windows-amd64-20261006222440
run-01543,sample-docx,aes-128-ofb,3,true,8196,8196,8515,0,0,0,0,0,0,0,0,true,200,,windows-amd64-20261006222440
run-01544,sample-docx,aes-128-ofb,4,true,8196,8196,8515,0,0,0,0,0,0,0,525800,true,200,,windows-amd64-20261006222440
run-01545,sample-docx,aes-128-ofb,5,true,8196,8196,8515,0,0,0,0,0,0,0,0,true,200,,windows-amd64-20261006222440
run-01546,sample-docx,aes-128-ofb,6,false,8196,8196,8515,0,0,0,0,0,0,0,1006900,true,200,,windows-amd64-20261006222440
run-01547,sample-docx,aes-128-ofb,7,false,8196,8196,8515,0,0,0,0,0,0,0,0,true,200,,windows-amd64-20261006222440
run-01548,sample-docx,aes-128-ofb,8,false,8196,8196,8515,0,0,0,0,0,0,0,999800,true,200,,windows-amd64-20261006222440
run-01549,sample-docx,aes-128-ofb,9,false,8196,8196,8515,0,0,0,0,0,0,0,0,true,200,,windows-amd64-20261006222440
run-01550,sample-docx,aes-128-ofb,10,false,8196,8196,8515,0,0,0,0,0,0,0,1686500,true,200,,windows-amd64-20261006222440
run-01551,sample-docx,aes-128-ofb,11,false,8196,8196,8515,0,0,0,0,0,0,0,1007100,true,200,,windows-amd64-20261006222440
run-01552,sample-docx,aes-128-ofb,12,false,8196,8196,8515,0,0,0,0,0,0,0,0,true,200,,windows-amd64-20261006222440
run-01553,sample-docx,aes-128-ofb,13,false,8196,8196,8515,0,0,0,0,0,0,0,1506100,true,200,,windows-amd64-20261006222440
run-01554,sample-docx,aes-128-ofb,14,false,8196,8196,8515,0,0,0,0,0,0,0,0,true,200,,windows-amd64-20261006222440
run-01555,sample-docx,aes-128-ofb,15,false,8196,8196,8515,0,0,0,0,0,0,0,0,true,200,,windows-amd64-20261006222440
run-01556,sample-docx,aes-128-ofb,16,false,8196,8196,8515,0,0,0,0,0,0,0,1000900,true,200,,windows-amd64-20261006222440
run-01557,sample-docx,aes-128-ofb,17,false,8196,8196,8515,0,0,0,0,0,0,0,1003000,true,200,,windows-amd64-20261006222440
run-01558,sample-docx,aes-128-ofb,18,false,8196,8196,8515,0,0,0,0,0,0,0,0,true,200,,windows-amd64-20261006222440
run-01559,sample-docx,aes-128-ofb,19,false,8196,8196,8515,0,0,0,0,0,0,0,0,true,200,,windows-amd64-20261006222440
run-01560,sample-docx,aes-128-ofb,20,false,8196,8196,8515,0,0,0,0,0,0,0,1153000,true,200,,windows-amd64-20261006222440
run-01561,sample-docx,aes-128-ofb,21,false,8196,8196,8515,0,0,997000,0,0,0,0,997500,true,200,,windows-amd64-20261006222440
run-01562,sample-docx,aes-128-ofb,22,false,8196,8196,8515,0,0,0,0,0,0,0,0,true,200,,windows-amd64-20261006222440
run-01563,sample-docx,aes-128-ofb,23,false,8196,8196,8515,0,0,0,0,0,0,0,1999900,true,200,,windows-amd64-20261006222440
run-01564,sample-docx,aes-128-ofb,24,false,8196,8196,8515,0,0,0,0,0,0,0,999600,true,200,,windows-amd64-20261006222440
run-01565,sample-docx,aes-128-ofb,25,false,8196,8196,8515,0,0,0,0,0,0,0,0,true,200,,windows-amd64-20261006222440
run-01566,sample-docx,aes-128-ofb,26,false,8196,8196,8515,0,0,0,0,0,0,0,1000800,true,200,,windows-amd64-20261006222440
run-01567,sample-docx,aes-128-ofb,27,false,8196,8196,8515,0,0,0,0,0,0,0,0,true,200,,windows-amd64-20261006222440
run-01568,sample-docx,aes-128-ofb,28,false,8196,8196,8515,0,0,0,0,0,0,0,999900,true,200,,windows-amd64-20261006222440
run-01569,sample-docx,aes-128-ofb,29,false,8196,8196,8515,0,0,0,0,0,0,0,506900,true,200,,windows-amd64-20261006222440
run-01570,sample-docx,aes-128-ofb,30,false,8196,8196,8515,0,0,0,0,0,0,0,1006400,true,200,,windows-amd64-20261006222440
run-01571,sample-docx,aes-128-ofb,31,false,8196,8196,8515,0,0,0,0,0,0,0,1508400,true,200,,windows-amd64-20261006222440
run-01572,sample-docx,aes-128-ofb,32,false,8196,8196,8515,0,0,0,0,0,0,0,1006700,true,200,,windows-amd64-20261006222440
run-01573,sample-docx,aes-128-ofb,33,false,8196,8196,8515,0,0,0,0,0,0,0,0,true,200,,windows-amd64-20261006222440
run-01574,sample-docx,aes-128-ofb,34,false,8196,8196,8515,0,0,0,0,0,0,0,0,true,200,,windows-amd64-20261006222440
run-01575,sample-docx,aes-128-ofb,35,false,8196,8196,8515,0,0,0,0,0,0,0,999000,true,200,,windows-amd64-20261006222440
run-01576,sample-docx,aes-128-ctr,1,true,8196,8196,8515,0,0,0,0,0,0,0,999100,true,200,,windows-amd64-20261006222440
run-01577,sample-docx,aes-128-ctr,2,true,8196,8196,8515,0,0,0,0,0,0,0,998800,true,200,,windows-amd64-20261006222440
run-01578,sample-docx,aes-128-ctr,3,true,8196,8196,8515,0,0,0,0,0,0,0,0,true,200,,windows-amd64-20261006222440
run-01579,sample-docx,aes-128-ctr,4,true,8196,8196,8515,0,0,1002000,0,0,0,0,1002700,true,200,,windows-amd64-20261006222440
run-01580,sample-docx,aes-128-ctr,5,true,8196,8196,8515,0,0,0,0,0,0,0,0,true,200,,windows-amd64-20261006222440
run-01581,sample-docx,aes-128-ctr,6,false,8196,8196,8515,0,0,0,0,0,0,0,1507700,true,200,,windows-amd64-20261006222440
run-01582,sample-docx,aes-128-ctr,7,false,8196,8196,8515,0,0,0,0,0,0,0,0,true,200,,windows-amd64-20261006222440
run-01583,sample-docx,aes-128-ctr,8,false,8196,8196,8515,0,0,0,0,0,0,0,1010100,true,200,,windows-amd64-20261006222440
run-01584,sample-docx,aes-128-ctr,9,false,8196,8196,8515,0,0,0,0,0,0,0,0,true,200,,windows-amd64-20261006222440
run-01585,sample-docx,aes-128-ctr,10,false,8196,8196,8515,0,0,0,0,0,0,0,1507800,true,200,,windows-amd64-20261006222440
run-01586,sample-docx,aes-128-ctr,11,false,8196,8196,8515,0,0,0,0,0,0,0,1009700,true,200,,windows-amd64-20261006222440
run-01587,sample-docx,aes-128-ctr,12,false,8196,8196,8515,0,0,1002000,0,0,0,0,1002700,true,200,,windows-amd64-20261006222440
run-01588,sample-docx,aes-128-ctr,13,false,8196,8196,8515,0,0,0,0,0,0,0,995100,true,200,,windows-amd64-20261006222440
run-01589,sample-docx,aes-128-ctr,14,false,8196,8196,8515,0,0,0,0,0,0,0,0,true,200,,windows-amd64-20261006222440
run-01590,sample-docx,aes-128-ctr,15,false,8196,8196,8515,0,0,0,0,0,0,0,1002100,true,200,,windows-amd64-20261006222440
run-01591,sample-docx,aes-128-ctr,16,false,8196,8196,8515,0,0,0,0,0,0,0,0,true,200,,windows-amd64-20261006222440
run-01592,sample-docx,aes-128-ctr,17,false,8196,8196,8515,0,0,0,0,0,0,0,0,true,200,,windows-amd64-20261006222440
run-01593,sample-docx,aes-128-ctr,18,false,8196,8196,8515,0,0,0,0,0,0,0,1000000,true,200,,windows-amd64-20261006222440
run-01594,sample-docx,aes-128-ctr,19,false,8196,8196,8515,0,0,0,0,0,0,0,999800,true,200,,windows-amd64-20261006222440
run-01595,sample-docx,aes-128-ctr,20,false,8196,8196,8515,0,0,0,0,0,0,0,0,true,200,,windows-amd64-20261006222440
run-01596,sample-docx,aes-128-ctr,21,false,8196,8196,8515,0,0,0,0,0,0,0,1730400,true,200,,windows-amd64-20261006222440
run-01597,sample-docx,aes-128-ctr,22,false,8196,8196,8515,0,0,0,0,0,0,0,0,true,200,,windows-amd64-20261006222440
run-01598,sample-docx,aes-128-ctr,23,false,8196,8196,8515,0,0,0,0,0,0,0,1008600,true,200,,windows-amd64-20261006222440
run-01599,sample-docx,aes-128-ctr,24,false,8196,8196,8515,0,0,0,0,0,0,0,0,true,200,,windows-amd64-20261006222440
run-01600,sample-docx,aes-128-ctr,25,false,8196,8196,8515,0,0,0,0,0,0,0,0,true,200,,windows-amd64-20261006222440
run-01601,sample-docx,aes-128-ctr,26,false,8196,8196,8515,0,0,999000,0,0,0,0,999500,true,200,,windows-amd64-20261006222440
run-01602,sample-docx,aes-128-ctr,27,false,8196,8196,8515,0,0,0,0,0,0,0,0,true,200,,windows-amd64-20261006222440
run-01603,sample-docx,aes-128-ctr,28,false,8196,8196,8515,0,0,0,0,0,0,0,0,true,200,,windows-amd64-20261006222440
run-01604,sample-docx,aes-128-ctr,29,false,8196,8196,8515,0,0,0,0,0,0,0,1132400,true,200,,windows-amd64-20261006222440
run-01605,sample-docx,aes-128-ctr,30,false,8196,8196,8515,0,0,0,0,0,0,0,0,true,200,,windows-amd64-20261006222440
run-01606,sample-docx,aes-128-ctr,31,false,8196,8196,8515,0,0,0,0,0,0,0,1000900,true,200,,windows-amd64-20261006222440
run-01607,sample-docx,aes-128-ctr,32,false,8196,8196,8515,0,0,0,0,0,0,0,0,true,200,,windows-amd64-20261006222440
run-01608,sample-docx,aes-128-ctr,33,false,8196,8196,8515,0,0,0,0,0,0,0,0,true,200,,windows-amd64-20261006222440
run-01609,sample-docx,aes-128-ctr,34,false,8196,8196,8515,0,0,999000,0,0,0,0,999500,true,200,,windows-amd64-20261006222440
run-01610,sample-docx,aes-128-ctr,35,false,8196,8196,8515,0,0,0,0,0,0,0,0,true,200,,windows-amd64-20261006222440
run-01611,sample-docx,aes-192-cbc,1,true,8196,8208,8527,0,0,0,0,0,0,0,0,true,200,,windows-amd64-20261006222440
run-01612,sample-docx,aes-192-cbc,2,true,8196,8208,8527,0,0,0,0,0,0,0,1000700,true,200,,windows-amd64-20261006222440
run-01613,sample-docx,aes-192-cbc,3,true,8196,8208,8527,0,0,0,0,0,0,0,0,true,200,,windows-amd64-20261006222440
run-01614,sample-docx,aes-192-cbc,4,true,8196,8208,8527,0,0,0,0,0,0,0,1000900,true,200,,windows-amd64-20261006222440
run-01615,sample-docx,aes-192-cbc,5,true,8196,8208,8527,0,0,0,0,0,0,0,0,true,200,,windows-amd64-20261006222440
run-01616,sample-docx,aes-192-cbc,6,false,8196,8208,8527,0,0,0,0,0,0,0,1043100,true,200,,windows-amd64-20261006222440
run-01617,sample-docx,aes-192-cbc,7,false,8196,8208,8527,0,0,0,0,0,0,0,0,true,200,,windows-amd64-20261006222440
run-01618,sample-docx,aes-192-cbc,8,false,8196,8208,8527,0,0,0,0,0,0,0,1002100,true,200,,windows-amd64-20261006222440
run-01619,sample-docx,aes-192-cbc,9,false,8196,8208,8527,0,0,0,0,0,0,0,1002100,true,200,,windows-amd64-20261006222440
run-01620,sample-docx,aes-192-cbc,10,false,8196,8208,8527,0,0,0,0,0,0,0,0,true,200,,windows-amd64-20261006222440
run-01621,sample-docx,aes-192-cbc,11,false,8196,8208,8527,0,0,0,0,0,0,0,1043700,true,200,,windows-amd64-20261006222440
run-01622,sample-docx,aes-192-cbc,12,false,8196,8208,8527,0,0,0,0,0,0,0,0,true,200,,windows-amd64-20261006222440
run-01623,sample-docx,aes-192-cbc,13,false,8196,8208,8527,0,0,0,0,0,0,0,1505600,true,200,,windows-amd64-20261006222440
run-01624,sample-docx,aes-192-cbc,14,false,8196,8208,8527,0,0,0,0,0,0,0,0,true,200,,windows-amd64-20261006222440
run-01625,sample-docx,aes-192-cbc,15,false,8196,8208,8527,0,0,0,0,0,0,0,1007700,true,200,,windows-amd64-20261006222440
run-01626,sample-docx,aes-192-cbc,16,false,8196,8208,8527,0,0,0,0,0,0,0,1002400,true,200,,windows-amd64-20261006222440
run-01627,sample-docx,aes-192-cbc,17,false,8196,8208,8527,0,0,0,0,0,0,0,0,true,200,,windows-amd64-20261006222440
run-01628,sample-docx,aes-192-cbc,18,false,8196,8208,8527,0,0,996000,0,0,0,0,996400,true,200,,windows-amd64-20261006222440
run-01629,sample-docx,aes-192-cbc,19,false,8196,8208,8527,0,0,0,0,0,0,0,0,true,200,,windows-amd64-20261006222440
run-01630,sample-docx,aes-192-cbc,20,false,8196,8208,8527,0,0,0,0,0,0,0,999600,true,200,,windows-amd64-20261006222440
run-01631,sample-docx,aes-192-cbc,21,false,8196,8208,8527,0,0,0,0,0,0,0,0,true,200,,windows-amd64-20261006222440
run-01632,sample-docx,aes-192-cbc,22,false,8196,8208,8527,0,0,0,0,0,0,0,0,true,200,,windows-amd64-20261006222440
run-01633,sample-docx,aes-192-cbc,23,false,8196,8208,8527,0,0,1000000,0,0,0,0,1000700,true,200,,windows-amd64-20261006222440
run-01634,sample-docx,aes-192-cbc,24,false,8196,8208,8527,0,0,0,0,0,0,0,1000000,true,200,,windows-amd64-20261006222440
run-01635,sample-docx,aes-192-cbc,25,false,8196,8208,8527,0,0,0,0,0,0,0,0,true,200,,windows-amd64-20261006222440
run-01636,sample-docx,aes-192-cbc,26,false,8196,8208,8527,0,0,0,0,0,0,0,0,true,200,,windows-amd64-20261006222440
run-01637,sample-docx,aes-192-cbc,27,false,8196,8208,8527,0,0,0,0,0,0,0,0,true,200,,windows-amd64-20261006222440
run-01638,sample-docx,aes-192-cbc,28,false,8196,8208,8527,0,0,0,0,0,0,0,0,true,200,,windows-amd64-20261006222440
run-01639,sample-docx,aes-192-cbc,29,false,8196,8208,8527,0,0,0,1006000,0,0,1006000,1006100,true,200,,windows-amd64-20261006222440
run-01640,sample-docx,aes-192-cbc,30,false,8196,8208,8527,0,0,0,0,0,0,0,0,true,200,,windows-amd64-20261006222440
run-01641,sample-docx,aes-192-cbc,31,false,8196,8208,8527,0,0,0,0,0,0,0,1001600,true,200,,windows-amd64-20261006222440
run-01642,sample-docx,aes-192-cbc,32,false,8196,8208,8527,0,0,0,0,0,0,0,0,true,200,,windows-amd64-20261006222440
run-01643,sample-docx,aes-192-cbc,33,false,8196,8208,8527,0,0,0,0,0,0,0,0,true,200,,windows-amd64-20261006222440
run-01644,sample-docx,aes-192-cbc,34,false,8196,8208,8527,0,0,0,0,0,0,0,1038900,true,200,,windows-amd64-20261006222440
run-01645,sample-docx,aes-192-cbc,35,false,8196,8208,8527,0,0,0,0,0,0,0,0,true,200,,windows-amd64-20261006222440
run-01646,sample-docx,aes-192-cfb128,1,true,8196,8196,8518,0,999800,0,0,0,0,0,0,true,200,,windows-amd64-20261006222440
run-01647,sample-docx,aes-192-cfb128,2,true,8196,8196,8518,0,999800,0,0,0,0,0,0,true,200,,windows-amd64-20261006222440
run-01648,sample-docx,aes-192-cfb128,3,true,8196,8196,8518,0,999800,0,0,0,0,0,999200,true,200,,windows-amd64-20261006222440
run-01649,sample-docx,aes-192-cfb128,4,true,8196,8196,8518,0,999800,0,0,0,0,0,1001700,true,200,,windows-amd64-20261006222440
run-01650,sample-docx,aes-192-cfb128,5,true,8196,8196,8518,0,999800,0,0,0,0,0,2003900,true,200,,windows-amd64-20261006222440
run-01651,sample-docx,aes-192-cfb128,6,false,8196,8196,8518,0,999800,0,0,0,0,0,997900,true,200,,windows-amd64-20261006222440
run-01652,sample-docx,aes-192-cfb128,7,false,8196,8196,8518,0,999800,0,0,0,0,0,0,true,200,,windows-amd64-20261006222440
run-01653,sample-docx,aes-192-cfb128,8,false,8196,8196,8518,0,999800,0,0,0,0,0,997700,true,200,,windows-amd64-20261006222440
run-01654,sample-docx,aes-192-cfb128,9,false,8196,8196,8518,0,999800,0,0,0,0,0,0,true,200,,windows-amd64-20261006222440
run-01655,sample-docx,aes-192-cfb128,10,false,8196,8196,8518,0,999800,1055000,0,0,0,0,1055500,true,200,,windows-amd64-20261006222440
run-01656,sample-docx,aes-192-cfb128,11,false,8196,8196,8518,0,999800,0,0,0,0,0,0,true,200,,windows-amd64-20261006222440
run-01657,sample-docx,aes-192-cfb128,12,false,8196,8196,8518,0,999800,0,0,0,0,0,0,true,200,,windows-amd64-20261006222440
run-01658,sample-docx,aes-192-cfb128,13,false,8196,8196,8518,0,999800,0,0,0,0,0,1000600,true,200,,windows-amd64-20261006222440
run-01659,sample-docx,aes-192-cfb128,14,false,8196,8196,8518,0,999800,0,0,0,0,0,0,true,200,,windows-amd64-20261006222440
run-01660,sample-docx,aes-192-cfb128,15,false,8196,8196,8518,0,999800,0,0,0,0,0,1029000,true,200,,windows-amd64-20261006222440
run-01661,sample-docx,aes-192-cfb128,16,false,8196,8196,8518,0,999800,0,0,0,0,0,0,true,200,,windows-amd64-20261006222440
run-01662,sample-docx,aes-192-cfb128,17,false,8196,8196,8518,0,999800,0,0,0,0,0,0,true,200,,windows-amd64-20261006222440
run-01663,sample-docx,aes-192-cfb128,18,false,8196,8196,8518,0,999800,0,0,0,0,0,999800,true,200,,windows-amd64-20261006222440
run-01664,sample-docx,aes-192-cfb128,19,false,8196,8196,8518,0,999800,0,0,0,0,0,0,true,200,,windows-amd64-20261006222440
run-01665,sample-docx,aes-192-cfb128,20,false,8196,8196,8518,0,999800,0,0,0,0,0,0,true,200,,windows-amd64-20261006222440
run-01666,sample-docx,aes-192-cfb128,21,false,8196,8196,8518,0,999800,0,0,0,0,0,1000200,true,200,,windows-amd64-20261006222440
run-01667,sample-docx,aes-192-cfb128,22,false,8196,8196,8518,0,999800,0,0,0,0,0,0,true,200,,windows-amd64-20261006222440
run-01668,sample-docx,aes-192-cfb128,23,false,8196,8196,8518,0,999800,0,0,0,0,0,0,true,200,,windows-amd64-20261006222440
run-01669,sample-docx,aes-192-cfb128,24,false,8196,8196,8518,0,999800,0,0,0,0,0,999800,true,200,,windows-amd64-20261006222440
run-01670,sample-docx,aes-192-cfb128,25,false,8196,8196,8518,0,999800,0,0,0,0,0,999600,true,200,,windows-amd64-20261006222440
run-01671,sample-docx,aes-192-cfb128,26,false,8196,8196,8518,0,999800,0,0,0,0,0,0,true,200,,windows-amd64-20261006222440
run-01672,sample-docx,aes-192-cfb128,27,false,8196,8196,8518,0,999800,0,0,0,0,0,999800,true,200,,windows-amd64-20261006222440
run-01673,sample-docx,aes-192-cfb128,28,false,8196,8196,8518,0,999800,0,0,0,0,0,0,true,200,,windows-amd64-20261006222440
run-01674,sample-docx,aes-192-cfb128,29,false,8196,8196,8518,0,999800,0,0,1000999,0,1000999,1001100,true,200,,windows-amd64-20261006222440
run-01675,sample-docx,aes-192-cfb128,30,false,8196,8196,8518,0,999800,0,0,0,0,0,0,true,200,,windows-amd64-20261006222440
run-01676,sample-docx,aes-192-cfb128,31,false,8196,8196,8518,0,999800,0,0,0,0,0,0,true,200,,windows-amd64-20261006222440
run-01677,sample-docx,aes-192-cfb128,32,false,8196,8196,8518,0,999800,0,0,0,0,0,999400,true,200,,windows-amd64-20261006222440
run-01678,sample-docx,aes-192-cfb128,33,false,8196,8196,8518,0,999800,0,0,0,0,0,0,true,200,,windows-amd64-20261006222440
run-01679,sample-docx,aes-192-cfb128,34,false,8196,8196,8518,0,999800,0,0,0,0,0,0,true,200,,windows-amd64-20261006222440
run-01680,sample-docx,aes-192-cfb128,35,false,8196,8196,8518,0,999800,0,1212000,0,0,1212000,1212700,true,200,,windows-amd64-20261006222440
run-01681,sample-docx,aes-192-ofb,1,true,8196,8196,8515,0,0,0,0,0,0,0,504800,true,200,,windows-amd64-20261006222440
run-01682,sample-docx,aes-192-ofb,2,true,8196,8196,8515,0,0,1022999,0,0,0,0,1023500,true,200,,windows-amd64-20261006222440
run-01683,sample-docx,aes-192-ofb,3,true,8196,8196,8515,0,0,0,0,0,0,0,0,true,200,,windows-amd64-20261006222440
run-01684,sample-docx,aes-192-ofb,4,true,8196,8196,8515,0,0,0,0,0,0,0,983500,true,200,,windows-amd64-20261006222440
run-01685,sample-docx,aes-192-ofb,5,true,8196,8196,8515,0,0,0,0,0,0,0,0,true,200,,windows-amd64-20261006222440
run-01686,sample-docx,aes-192-ofb,6,false,8196,8196,8515,0,0,0,0,0,0,0,999200,true,200,,windows-amd64-20261006222440
run-01687,sample-docx,aes-192-ofb,7,false,8196,8196,8515,0,0,0,0,0,0,0,0,true,200,,windows-amd64-20261006222440
run-01688,sample-docx,aes-192-ofb,8,false,8196,8196,8515,0,0,0,0,0,0,1000000,1000700,true,200,,windows-amd64-20261006222440
run-01689,sample-docx,aes-192-ofb,9,false,8196,8196,8515,0,0,0,0,0,0,0,998700,true,200,,windows-amd64-20261006222440
run-01690,sample-docx,aes-192-ofb,10,false,8196,8196,8515,0,0,0,0,0,0,0,0,true,200,,windows-amd64-20261006222440
run-01691,sample-docx,aes-192-ofb,11,false,8196,8196,8515,0,0,0,0,0,0,0,0,true,200,,windows-amd64-20261006222440
run-01692,sample-docx,aes-192-ofb,12,false,8196,8196,8515,0,0,0,0,0,0,0,1001600,true,200,,windows-amd64-20261006222440
run-01693,sample-docx,aes-192-ofb,13,false,8196,8196,8515,0,0,0,0,0,0,0,0,true,200,,windows-amd64-20261006222440
run-01694,sample-docx,aes-192-ofb,14,false,8196,8196,8515,0,0,0,0,0,0,0,0,true,200,,windows-amd64-20261006222440
run-01695,sample-docx,aes-192-ofb,15,false,8196,8196,8515,0,0,0,0,0,0,0,999400,true,200,,windows-amd64-20261006222440
run-01696,sample-docx,aes-192-ofb,16,false,8196,8196,8515,0,0,0,0,0,0,0,0,true,200,,windows-amd64-20261006222440
run-01697,sample-docx,aes-192-ofb,17,false,8196,8196,8515,0,0,0,0,0,0,0,0,true,200,,windows-amd64-20261006222440
run-01698,sample-docx,aes-192-ofb,18,false,8196,8196,8515,0,0,0,0,0,0,0,0,true,200,,windows-amd64-20261006222440
run-01699,sample-docx,aes-192-ofb,19,false,8196,8196,8515,0,0,0,0,0,0,1505000,1505300,true,200,,windows-amd64-20261006222440
run-01700,sample-docx,aes-192-ofb,20,false,8196,8196,8515,0,0,0,0,0,0,0,0,true,200,,windows-amd64-20261006222440
run-01701,sample-docx,aes-192-ofb,21,false,8196,8196,8515,0,0,0,0,0,0,0,0,true,200,,windows-amd64-20261006222440
run-01702,sample-docx,aes-192-ofb,22,false,8196,8196,8515,0,0,0,0,0,0,0,0,true,200,,windows-amd64-20261006222440
run-01703,sample-docx,aes-192-ofb,23,false,8196,8196,8515,0,0,0,1526000,0,0,1526000,1526800,true,200,,windows-amd64-20261006222440
run-01704,sample-docx,aes-192-ofb,24,false,8196,8196,8515,0,0,0,0,0,0,0,0,true,200,,windows-amd64-20261006222440
run-01705,sample-docx,aes-192-ofb,25,false,8196,8196,8515,0,0,0,0,0,0,0,0,true,200,,windows-amd64-20261006222440
run-01706,sample-docx,aes-192-ofb,26,false,8196,8196,8515,0,0,0,0,0,0,0,1005600,true,200,,windows-amd64-20261006222440
run-01707,sample-docx,aes-192-ofb,27,false,8196,8196,8515,0,0,0,0,0,0,0,0,true,200,,windows-amd64-20261006222440
run-01708,sample-docx,aes-192-ofb,28,false,8196,8196,8515,0,0,0,0,0,1000000,1000000,1000800,true,200,,windows-amd64-20261006222440
run-01709,sample-docx,aes-192-ofb,29,false,8196,8196,8515,0,0,0,0,0,0,0,0,true,200,,windows-amd64-20261006222440
run-01710,sample-docx,aes-192-ofb,30,false,8196,8196,8515,0,0,0,0,0,0,0,1000600,true,200,,windows-amd64-20261006222440
run-01711,sample-docx,aes-192-ofb,31,false,8196,8196,8515,0,0,0,0,0,0,0,0,true,200,,windows-amd64-20261006222440
run-01712,sample-docx,aes-192-ofb,32,false,8196,8196,8515,0,0,0,0,0,0,0,0,true,200,,windows-amd64-20261006222440
run-01713,sample-docx,aes-192-ofb,33,false,8196,8196,8515,0,0,0,0,0,0,0,1000400,true,200,,windows-amd64-20261006222440
run-01714,sample-docx,aes-192-ofb,34,false,8196,8196,8515,0,0,0,0,0,0,0,0,true,200,,windows-amd64-20261006222440
run-01715,sample-docx,aes-192-ofb,35,false,8196,8196,8515,0,0,997000,0,0,0,0,997900,true,200,,windows-amd64-20261006222440
run-01716,sample-docx,aes-192-ctr,1,true,8196,8196,8515,0,0,0,0,0,0,0,0,true,200,,windows-amd64-20261006222440
run-01717,sample-docx,aes-192-ctr,2,true,8196,8196,8515,0,0,0,0,0,0,0,1001500,true,200,,windows-amd64-20261006222440
run-01718,sample-docx,aes-192-ctr,3,true,8196,8196,8515,0,0,1000999,0,0,0,0,1001800,true,200,,windows-amd64-20261006222440
run-01719,sample-docx,aes-192-ctr,4,true,8196,8196,8515,0,0,0,0,0,0,0,0,true,200,,windows-amd64-20261006222440
run-01720,sample-docx,aes-192-ctr,5,true,8196,8196,8515,0,0,0,0,0,0,0,999000,true,200,,windows-amd64-20261006222440
run-01721,sample-docx,aes-192-ctr,6,false,8196,8196,8515,0,0,0,0,0,0,0,998900,true,200,,windows-amd64-20261006222440
run-01722,sample-docx,aes-192-ctr,7,false,8196,8196,8515,0,0,0,0,1046999,0,1046999,1047200,true,200,,windows-amd64-20261006222440
run-01723,sample-docx,aes-192-ctr,8,false,8196,8196,8515,0,0,0,0,0,0,0,1006300,true,200,,windows-amd64-20261006222440
run-01724,sample-docx,aes-192-ctr,9,false,8196,8196,8515,0,0,0,0,0,0,0,0,true,200,,windows-amd64-20261006222440
run-01725,sample-docx,aes-192-ctr,10,false,8196,8196,8515,0,0,0,0,0,0,0,1002200,true,200,,windows-amd64-20261006222440
run-01726,sample-docx,aes-192-ctr,11,false,8196,8196,8515,0,0,0,0,0,0,0,999300,true,200,,windows-amd64-20261006222440
run-01727,sample-docx,aes-192-ctr,12,false,8196,8196,8515,0,0,999000,0,0,0,0,999500,true,200,,windows-amd64-20261006222440
run-01728,sample-docx,aes-192-ctr,13,false,8196,8196,8515,0,0,0,1000000,0,0,1000000,1000700,true,200,,windows-amd64-20261006222440
run-01729,sample-docx,aes-192-ctr,14,false,8196,8196,8515,0,0,0,0,0,0,0,0,true,200,,windows-amd64-20261006222440
run-01730,sample-docx,aes-192-ctr,15,false,8196,8196,8515,0,0,0,0,0,0,0,999300,true,200,,windows-amd64-20261006222440
run-01731,sample-docx,aes-192-ctr,16,false,8196,8196,8515,0,0,0,0,0,0,0,0,true,200,,windows-amd64-20261006222440
run-01732,sample-docx,aes-192-ctr,17,false,8196,8196,8515,0,0,0,0,0,0,0,999300,true,200,,windows-amd64-20261006222440
run-01733,sample-docx,aes-192-ctr,18,false,8196,8196,8515,0,0,999000,0,0,0,0,999500,true,200,,windows-amd64-20261006222440
run-01734,sample-docx,aes-192-ctr,19,false,8196,8196,8515,0,0,0,0,0,0,0,0,true,200,,windows-amd64-20261006222440
run-01735,sample-docx,aes-192-ctr,20,false,8196,8196,8515,0,0,0,0,0,0,0,1000500,true,200,,windows-amd64-20261006222440
run-01736,sample-docx,aes-192-ctr,21,false,8196,8196,8515,0,0,0,0,0,0,0,1041400,true,200,,windows-amd64-20261006222440
run-01737,sample-docx,aes-192-ctr,22,false,8196,8196,8515,0,0,1006000,0,0,0,0,1006200,true,200,,windows-amd64-20261006222440
run-01738,sample-docx,aes-192-ctr,23,false,8196,8196,8515,0,0,0,0,0,0,0,0,true,200,,windows-amd64-20261006222440
run-01739,sample-docx,aes-192-ctr,24,false,8196,8196,8515,0,0,0,0,0,0,0,1001400,true,200,,windows-amd64-20261006222440
run-01740,sample-docx,aes-192-ctr,25,false,8196,8196,8515,0,0,0,0,0,0,0,0,true,200,,windows-amd64-20261006222440
run-01741,sample-docx,aes-192-ctr,26,false,8196,8196,8515,0,0,0,0,0,0,0,999200,true,200,,windows-amd64-20261006222440
run-01742,sample-docx,aes-192-ctr,27,false,8196,8196,8515,0,0,0,0,0,0,0,0,true,200,,windows-amd64-20261006222440
run-01743,sample-docx,aes-192-ctr,28,false,8196,8196,8515,0,0,0,0,0,0,0,0,true,200,,windows-amd64-20261006222440
run-01744,sample-docx,aes-192-ctr,29,false,8196,8196,8515,0,0,0,0,0,0,0,1000500,true,200,,windows-amd64-20261006222440
run-01745,sample-docx,aes-192-ctr,30,false,8196,8196,8515,0,0,0,0,0,0,0,1001100,true,200,,windows-amd64-20261006222440
run-01746,sample-docx,aes-192-ctr,31,false,8196,8196,8515,0,0,0,0,0,0,0,1000000,true,200,,windows-amd64-20261006222440
run-01747,sample-docx,aes-192-ctr,32,false,8196,8196,8515,0,0,0,0,0,0,0,0,true,200,,windows-amd64-20261006222440
run-01748,sample-docx,aes-192-ctr,33,false,8196,8196,8515,0,0,0,0,0,0,0,998200,true,200,,windows-amd64-20261006222440
run-01749,sample-docx,aes-192-ctr,34,false,8196,8196,8515,0,0,0,0,0,0,0,0,true,200,,windows-amd64-20261006222440
run-01750,sample-docx,aes-192-ctr,35,false,8196,8196,8515,0,0,0,0,0,0,0,0,true,200,,windows-amd64-20261006222440
run-01751,sample-docx,aes-256-cbc,1,true,8196,8208,8527,0,0,0,0,0,0,0,1000500,true,200,,windows-amd64-20261006222440
run-01752,sample-docx,aes-256-cbc,2,true,8196,8208,8527,0,0,0,0,0,0,0,0,true,200,,windows-amd64-20261006222440
run-01753,sample-docx,aes-256-cbc,3,true,8196,8208,8527,0,0,0,0,0,0,0,1000600,true,200,,windows-amd64-20261006222440
run-01754,sample-docx,aes-256-cbc,4,true,8196,8208,8527,0,0,0,0,0,0,0,0,true,200,,windows-amd64-20261006222440
run-01755,sample-docx,aes-256-cbc,5,true,8196,8208,8527,0,0,0,0,0,0,0,0,true,200,,windows-amd64-20261006222440
run-01756,sample-docx,aes-256-cbc,6,false,8196,8208,8527,0,0,0,0,0,0,0,1145600,true,200,,windows-amd64-20261006222440
run-01757,sample-docx,aes-256-cbc,7,false,8196,8208,8527,0,0,1010000,0,0,0,0,2305400,true,200,,windows-amd64-20261006222440
run-01758,sample-docx,aes-256-cbc,8,false,8196,8208,8527,0,0,0,0,0,0,0,999200,true,200,,windows-amd64-20261006222440
run-01759,sample-docx,aes-256-cbc,9,false,8196,8208,8527,0,0,0,0,0,0,0,0,true,200,,windows-amd64-20261006222440
run-01760,sample-docx,aes-256-cbc,10,false,8196,8208,8527,0,0,0,0,0,0,0,997700,true,200,,windows-amd64-20261006222440
run-01761,sample-docx,aes-256-cbc,11,false,8196,8208,8527,0,0,0,0,0,0,0,0,true,200,,windows-amd64-20261006222440
run-01762,sample-docx,aes-256-cbc,12,false,8196,8208,8527,0,0,0,0,0,0,0,999600,true,200,,windows-amd64-20261006222440
run-01763,sample-docx,aes-256-cbc,13,false,8196,8208,8527,0,0,0,0,0,0,0,0,true,200,,windows-amd64-20261006222440
run-01764,sample-docx,aes-256-cbc,14,false,8196,8208,8527,0,0,0,0,0,0,0,1999900,true,200,,windows-amd64-20261006222440
run-01765,sample-docx,aes-256-cbc,15,false,8196,8208,8527,0,0,0,0,0,0,0,0,true,200,,windows-amd64-20261006222440
run-01766,sample-docx,aes-256-cbc,16,false,8196,8208,8527,0,0,0,0,0,0,0,1000700,true,200,,windows-amd64-20261006222440
run-01767,sample-docx,aes-256-cbc,17,false,8196,8208,8527,0,0,0,0,0,0,0,0,true,200,,windows-amd64-20261006222440
run-01768,sample-docx,aes-256-cbc,18,false,8196,8208,8527,0,0,0,0,0,0,0,0,true,200,,windows-amd64-20261006222440
run-01769,sample-docx,aes-256-cbc,19,false,8196,8208,8527,0,0,0,0,0,0,0,999700,true,200,,windows-amd64-20261006222440
run-01770,sample-docx,aes-256-cbc,20,false,8196,8208,8527,0,0,0,0,0,0,0,0,true,200,,windows-amd64-20261006222440
run-01771,sample-docx,aes-256-cbc,21,false,8196,8208,8527,0,0,0,0,0,0,0,1001200,true,200,,windows-amd64-20261006222440
run-01772,sample-docx,aes-256-cbc,22,false,8196,8208,8527,0,0,0,0,506000,0,506000,506300,true,200,,windows-amd64-20261006222440
run-01773,sample-docx,aes-256-cbc,23,false,8196,8208,8527,0,0,0,0,0,0,0,1007600,true,200,,windows-amd64-20261006222440
run-01774,sample-docx,aes-256-cbc,24,false,8196,8208,8527,0,0,0,0,0,0,0,1002600,true,200,,windows-amd64-20261006222440
run-01775,sample-docx,aes-256-cbc,25,false,8196,8208,8527,0,0,0,0,0,0,0,997900,true,200,,windows-amd64-20261006222440
run-01776,sample-docx,aes-256-cbc,26,false,8196,8208,8527,0,0,0,0,0,0,0,0,true,200,,windows-amd64-20261006222440
run-01777,sample-docx,aes-256-cbc,27,false,8196,8208,8527,0,0,0,0,0,0,0,1000000,true,200,,windows-amd64-20261006222440
run-01778,sample-docx,aes-256-cbc,28,false,8196,8208,8527,0,0,0,0,0,0,0,0,true,200,,windows-amd64-20261006222440
run-01779,sample-docx,aes-256-cbc,29,false,8196,8208,8527,0,0,0,0,0,0,0,999800,true,200,,windows-amd64-20261006222440
run-01780,sample-docx,aes-256-cbc,30,false,8196,8208,8527,0,0,0,0,0,0,0,1130200,true,200,,windows-amd64-20261006222440
run-01781,sample-docx,aes-256-cbc,31,false,8196,8208,8527,0,0,0,0,0,0,0,0,true,200,,windows-amd64-20261006222440
run-01782,sample-docx,aes-256-cbc,32,false,8196,8208,8527,0,0,0,0,0,0,0,2004300,true,200,,windows-amd64-20261006222440
run-01783,sample-docx,aes-256-cbc,33,false,8196,8208,8527,0,0,0,0,0,0,0,512300,true,200,,windows-amd64-20261006222440
run-01784,sample-docx,aes-256-cbc,34,false,8196,8208,8527,0,0,1008999,0,0,0,0,2557900,true,200,,windows-amd64-20261006222440
run-01785,sample-docx,aes-256-cbc,35,false,8196,8208,8527,0,0,0,0,0,0,0,997800,true,200,,windows-amd64-20261006222440
run-01786,sample-docx,aes-256-cfb128,1,true,8196,8196,8518,0,0,0,0,0,0,0,0,true,200,,windows-amd64-20261006222440
run-01787,sample-docx,aes-256-cfb128,2,true,8196,8196,8518,0,0,0,0,0,0,0,1000800,true,200,,windows-amd64-20261006222440
run-01788,sample-docx,aes-256-cfb128,3,true,8196,8196,8518,0,0,0,0,0,0,0,0,true,200,,windows-amd64-20261006222440
run-01789,sample-docx,aes-256-cfb128,4,true,8196,8196,8518,0,0,0,0,0,0,0,0,true,200,,windows-amd64-20261006222440
run-01790,sample-docx,aes-256-cfb128,5,true,8196,8196,8518,0,0,0,0,0,0,0,1000100,true,200,,windows-amd64-20261006222440
run-01791,sample-docx,aes-256-cfb128,6,false,8196,8196,8518,0,0,0,0,0,0,0,0,true,200,,windows-amd64-20261006222440
run-01792,sample-docx,aes-256-cfb128,7,false,8196,8196,8518,0,0,0,0,0,0,0,645800,true,200,,windows-amd64-20261006222440
run-01793,sample-docx,aes-256-cfb128,8,false,8196,8196,8518,0,0,0,0,0,0,0,1007400,true,200,,windows-amd64-20261006222440
run-01794,sample-docx,aes-256-cfb128,9,false,8196,8196,8518,0,0,0,0,0,0,0,0,true,200,,windows-amd64-20261006222440
run-01795,sample-docx,aes-256-cfb128,10,false,8196,8196,8518,0,0,0,0,0,0,0,999600,true,200,,windows-amd64-20261006222440
run-01796,sample-docx,aes-256-cfb128,11,false,8196,8196,8518,0,0,0,0,0,0,0,0,true,200,,windows-amd64-20261006222440
run-01797,sample-docx,aes-256-cfb128,12,false,8196,8196,8518,0,0,1000000,0,0,0,0,1000200,true,200,,windows-amd64-20261006222440
run-01798,sample-docx,aes-256-cfb128,13,false,8196,8196,8518,0,0,0,0,0,0,0,0,true,200,,windows-amd64-20261006222440
run-01799,sample-docx,aes-256-cfb128,14,false,8196,8196,8518,0,0,0,0,0,0,0,1000000,true,200,,windows-amd64-20261006222440
run-01800,sample-docx,aes-256-cfb128,15,false,8196,8196,8518,0,0,0,0,0,0,0,0,true,200,,windows-amd64-20261006222440
run-01801,sample-docx,aes-256-cfb128,16,false,8196,8196,8518,0,0,0,0,0,0,0,1308200,true,200,,windows-amd64-20261006222440
run-01802,sample-docx,aes-256-cfb128,17,false,8196,8196,8518,0,0,0,0,0,0,0,0,true,200,,windows-amd64-20261006222440
run-01803,sample-docx,aes-256-cfb128,18,false,8196,8196,8518,0,0,0,0,0,0,0,0,true,200,,windows-amd64-20261006222440
run-01804,sample-docx,aes-256-cfb128,19,false,8196,8196,8518,0,0,0,0,0,0,0,1003400,true,200,,windows-amd64-20261006222440
run-01805,sample-docx,aes-256-cfb128,20,false,8196,8196,8518,0,0,0,0,0,0,0,997200,true,200,,windows-amd64-20261006222440
run-01806,sample-docx,aes-256-cfb128,21,false,8196,8196,8518,0,0,0,0,0,0,0,0,true,200,,windows-amd64-20261006222440
run-01807,sample-docx,aes-256-cfb128,22,false,8196,8196,8518,0,0,0,0,0,0,0,0,true,200,,windows-amd64-20261006222440
run-01808,sample-docx,aes-256-cfb128,23,false,8196,8196,8518,0,0,0,0,0,0,0,998900,true,200,,windows-amd64-20261006222440
run-01809,sample-docx,aes-256-cfb128,24,false,8196,8196,8518,0,0,0,0,0,0,0,0,true,200,,windows-amd64-20261006222440
run-01810,sample-docx,aes-256-cfb128,25,false,8196,8196,8518,0,0,0,0,0,0,0,1003200,true,200,,windows-amd64-20261006222440
run-01811,sample-docx,aes-256-cfb128,26,false,8196,8196,8518,0,0,0,0,0,0,0,0,true,200,,windows-amd64-20261006222440
run-01812,sample-docx,aes-256-cfb128,27,false,8196,8196,8518,0,0,0,0,0,0,0,997000,true,200,,windows-amd64-20261006222440
run-01813,sample-docx,aes-256-cfb128,28,false,8196,8196,8518,0,0,0,0,0,0,0,999100,true,200,,windows-amd64-20261006222440
run-01814,sample-docx,aes-256-cfb128,29,false,8196,8196,8518,0,0,0,0,0,0,0,0,true,200,,windows-amd64-20261006222440
run-01815,sample-docx,aes-256-cfb128,30,false,8196,8196,8518,0,0,0,0,0,0,0,1000600,true,200,,windows-amd64-20261006222440
run-01816,sample-docx,aes-256-cfb128,31,false,8196,8196,8518,0,0,0,0,0,0,0,1397000,true,200,,windows-amd64-20261006222440
run-01817,sample-docx,aes-256-cfb128,32,false,8196,8196,8518,0,0,0,0,0,0,0,999300,true,200,,windows-amd64-20261006222440
run-01818,sample-docx,aes-256-cfb128,33,false,8196,8196,8518,0,0,0,0,0,0,0,998600,true,200,,windows-amd64-20261006222440
run-01819,sample-docx,aes-256-cfb128,34,false,8196,8196,8518,0,0,0,0,1000999,0,1000999,1001000,true,200,,windows-amd64-20261006222440
run-01820,sample-docx,aes-256-cfb128,35,false,8196,8196,8518,0,0,0,0,0,0,0,0,true,200,,windows-amd64-20261006222440
run-01821,sample-docx,aes-256-ofb,1,true,8196,8196,8515,0,0,0,0,0,0,0,1000100,true,200,,windows-amd64-20261006222440
run-01822,sample-docx,aes-256-ofb,2,true,8196,8196,8515,0,0,0,0,0,0,0,0,true,200,,windows-amd64-20261006222440
run-01823,sample-docx,aes-256-ofb,3,true,8196,8196,8515,0,0,0,0,0,0,0,1000300,true,200,,windows-amd64-20261006222440
run-01824,sample-docx,aes-256-ofb,4,true,8196,8196,8515,0,0,0,0,0,999000,999000,999600,true,200,,windows-amd64-20261006222440
run-01825,sample-docx,aes-256-ofb,5,true,8196,8196,8515,0,0,0,0,0,0,0,0,true,200,,windows-amd64-20261006222440
run-01826,sample-docx,aes-256-ofb,6,false,8196,8196,8515,0,0,0,0,0,0,0,0,true,200,,windows-amd64-20261006222440
run-01827,sample-docx,aes-256-ofb,7,false,8196,8196,8515,0,0,0,0,0,0,0,1000800,true,200,,windows-amd64-20261006222440
run-01828,sample-docx,aes-256-ofb,8,false,8196,8196,8515,0,0,0,0,0,0,0,0,true,200,,windows-amd64-20261006222440
run-01829,sample-docx,aes-256-ofb,9,false,8196,8196,8515,0,0,0,0,0,0,0,1509600,true,200,,windows-amd64-20261006222440
run-01830,sample-docx,aes-256-ofb,10,false,8196,8196,8515,0,0,0,0,0,556000,556000,1090100,true,200,,windows-amd64-20261006222440
run-01831,sample-docx,aes-256-ofb,11,false,8196,8196,8515,0,0,0,0,0,0,0,542900,true,200,,windows-amd64-20261006222440
run-01832,sample-docx,aes-256-ofb,12,false,8196,8196,8515,0,0,0,0,533000,0,533000,1078100,true,200,,windows-amd64-20261006222440
run-01833,sample-docx,aes-256-ofb,13,false,8196,8196,8515,0,0,517000,0,0,0,0,517800,true,200,,windows-amd64-20261006222440
run-01834,sample-docx,aes-256-ofb,14,false,8196,8196,8515,0,0,0,0,0,0,0,537700,true,200,,windows-amd64-20261006222440
run-01835,sample-docx,aes-256-ofb,15,false,8196,8196,8515,0,0,0,0,0,0,0,532400,true,200,,windows-amd64-20261006222440
run-01836,sample-docx,aes-256-ofb,16,false,8196,8196,8515,0,0,0,0,0,0,0,1143600,true,200,,windows-amd64-20261006222440
run-01837,sample-docx,aes-256-ofb,17,false,8196,8196,8515,0,0,0,0,0,0,0,0,true,200,,windows-amd64-20261006222440
run-01838,sample-docx,aes-256-ofb,18,false,8196,8196,8515,0,0,0,0,0,0,0,1100200,true,200,,windows-amd64-20261006222440
run-01839,sample-docx,aes-256-ofb,19,false,8196,8196,8515,0,0,0,0,0,0,0,1094600,true,200,,windows-amd64-20261006222440
run-01840,sample-docx,aes-256-ofb,20,false,8196,8196,8515,0,0,0,0,0,0,0,530300,true,200,,windows-amd64-20261006222440
run-01841,sample-docx,aes-256-ofb,21,false,8196,8196,8515,0,0,0,0,0,0,0,547300,true,200,,windows-amd64-20261006222440
run-01842,sample-docx,aes-256-ofb,22,false,8196,8196,8515,0,0,0,0,0,0,0,1056700,true,200,,windows-amd64-20261006222440
run-01843,sample-docx,aes-256-ofb,23,false,8196,8196,8515,0,0,0,0,0,0,0,527300,true,200,,windows-amd64-20261006222440
run-01844,sample-docx,aes-256-ofb,24,false,8196,8196,8515,0,0,0,0,0,0,0,1169000,true,200,,windows-amd64-20261006222440
run-01845,sample-docx,aes-256-ofb,25,false,8196,8196,8515,0,0,0,0,0,575000,575000,575900,true,200,,windows-amd64-20261006222440
run-01846,sample-docx,aes-256-ofb,26,false,8196,8196,8515,0,0,0,0,0,0,0,544900,true,200,,windows-amd64-20261006222440
run-01847,sample-docx,aes-256-ofb,27,false,8196,8196,8515,0,0,0,0,0,0,0,0,true,200,,windows-amd64-20261006222440
run-01848,sample-docx,aes-256-ofb,28,false,8196,8196,8515,0,0,0,0,0,0,0,555400,true,200,,windows-amd64-20261006222440
run-01849,sample-docx,aes-256-ofb,29,false,8196,8196,8515,0,0,0,0,0,0,0,526600,true,200,,windows-amd64-20261006222440
run-01850,sample-docx,aes-256-ofb,30,false,8196,8196,8515,0,0,0,0,0,0,0,548900,true,200,,windows-amd64-20261006222440
run-01851,sample-docx,aes-256-ofb,31,false,8196,8196,8515,0,0,0,0,0,0,0,0,true,200,,windows-amd64-20261006222440
run-01852,sample-docx,aes-256-ofb,32,false,8196,8196,8515,0,0,0,0,0,0,0,548500,true,200,,windows-amd64-20261006222440
run-01853,sample-docx,aes-256-ofb,33,false,8196,8196,8515,0,0,0,0,0,0,0,530700,true,200,,windows-amd64-20261006222440
run-01854,sample-docx,aes-256-ofb,34,false,8196,8196,8515,0,0,0,0,0,0,0,1090300,true,200,,windows-amd64-20261006222440
run-01855,sample-docx,aes-256-ofb,35,false,8196,8196,8515,0,0,0,0,0,0,0,1398700,true,200,,windows-amd64-20261006222440
run-01856,sample-docx,aes-256-ctr,1,true,8196,8196,8515,0,0,0,0,0,0,0,1694600,true,200,,windows-amd64-20261006222440
run-01857,sample-docx,aes-256-ctr,2,true,8196,8196,8515,0,0,0,0,0,0,0,634800,true,200,,windows-amd64-20261006222440
run-01858,sample-docx,aes-256-ctr,3,true,8196,8196,8515,0,0,0,0,0,0,0,1085500,true,200,,windows-amd64-20261006222440
run-01859,sample-docx,aes-256-ctr,4,true,8196,8196,8515,0,0,0,0,0,0,0,1615300,true,200,,windows-amd64-20261006222440
run-01860,sample-docx,aes-256-ctr,5,true,8196,8196,8515,0,0,0,0,0,0,0,530800,true,200,,windows-amd64-20261006222440
run-01861,sample-docx,aes-256-ctr,6,false,8196,8196,8515,0,0,0,0,0,0,0,1069600,true,200,,windows-amd64-20261006222440
run-01862,sample-docx,aes-256-ctr,7,false,8196,8196,8515,0,0,0,0,0,0,0,527800,true,200,,windows-amd64-20261006222440
run-01863,sample-docx,aes-256-ctr,8,false,8196,8196,8515,0,0,0,0,0,0,0,522300,true,200,,windows-amd64-20261006222440
run-01864,sample-docx,aes-256-ctr,9,false,8196,8196,8515,0,0,0,0,0,0,0,1061100,true,200,,windows-amd64-20261006222440
run-01865,sample-docx,aes-256-ctr,10,false,8196,8196,8515,0,0,0,0,0,0,0,528400,true,200,,windows-amd64-20261006222440
run-01866,sample-docx,aes-256-ctr,11,false,8196,8196,8515,0,0,0,0,0,0,0,531600,true,200,,windows-amd64-20261006222440
run-01867,sample-docx,aes-256-ctr,12,false,8196,8196,8515,0,0,0,0,0,0,0,1055000,true,200,,windows-amd64-20261006222440
run-01868,sample-docx,aes-256-ctr,13,false,8196,8196,8515,0,0,0,0,0,0,0,590500,true,200,,windows-amd64-20261006222440
run-01869,sample-docx,aes-256-ctr,14,false,8196,8196,8515,0,0,0,0,0,0,0,528400,true,200,,windows-amd64-20261006222440
run-01870,sample-docx,aes-256-ctr,15,false,8196,8196,8515,0,0,0,0,0,0,0,1106900,true,200,,windows-amd64-20261006222440
run-01871,sample-docx,aes-256-ctr,16,false,8196,8196,8515,0,0,0,0,0,0,0,544800,true,200,,windows-amd64-20261006222440
run-01872,sample-docx,aes-256-ctr,17,false,8196,8196,8515,0,0,0,0,0,0,0,1061700,true,200,,windows-amd64-20261006222440
run-01873,sample-docx,aes-256-ctr,18,false,8196,8196,8515,0,0,0,0,0,0,0,1078500,true,200,,windows-amd64-20261006222440
run-01874,sample-docx,aes-256-ctr,19,false,8196,8196,8515,0,0,555000,0,0,0,0,555000,true,200,,windows-amd64-20261006222440
run-01875,sample-docx,aes-256-ctr,20,false,8196,8196,8515,0,0,0,0,0,0,0,532400,true,200,,windows-amd64-20261006222440
run-01876,sample-docx,aes-256-ctr,21,false,8196,8196,8515,0,0,0,0,0,0,0,778500,true,200,,windows-amd64-20261006222440
run-01877,sample-docx,aes-256-ctr,22,false,8196,8196,8515,0,0,0,0,0,0,0,539200,true,200,,windows-amd64-20261006222440
run-01878,sample-docx,aes-256-ctr,23,false,8196,8196,8515,0,0,0,0,0,0,0,529800,true,200,,windows-amd64-20261006222440
run-01879,sample-docx,aes-256-ctr,24,false,8196,8196,8515,0,0,0,0,0,0,0,534700,true,200,,windows-amd64-20261006222440
run-01880,sample-docx,aes-256-ctr,25,false,8196,8196,8515,0,0,0,0,0,0,0,537600,true,200,,windows-amd64-20261006222440
run-01881,sample-docx,aes-256-ctr,26,false,8196,8196,8515,0,0,0,0,0,0,0,529300,true,200,,windows-amd64-20261006222440
run-01882,sample-docx,aes-256-ctr,27,false,8196,8196,8515,0,0,0,0,0,0,0,544000,true,200,,windows-amd64-20261006222440
run-01883,sample-docx,aes-256-ctr,28,false,8196,8196,8515,0,0,0,0,0,0,0,0,true,200,,windows-amd64-20261006222440
run-01884,sample-docx,aes-256-ctr,29,false,8196,8196,8515,0,0,0,0,0,0,0,962900,true,200,,windows-amd64-20261006222440
run-01885,sample-docx,aes-256-ctr,30,false,8196,8196,8515,0,0,0,0,0,0,540000,540800,true,200,,windows-amd64-20261006222440
run-01886,sample-docx,aes-256-ctr,31,false,8196,8196,8515,0,0,0,0,0,0,0,532000,true,200,,windows-amd64-20261006222440
run-01887,sample-docx,aes-256-ctr,32,false,8196,8196,8515,0,0,0,0,0,0,0,0,true,200,,windows-amd64-20261006222440
run-01888,sample-docx,aes-256-ctr,33,false,8196,8196,8515,0,0,0,0,0,0,0,527500,true,200,,windows-amd64-20261006222440
run-01889,sample-docx,aes-256-ctr,34,false,8196,8196,8515,0,0,0,0,0,0,0,529500,true,200,,windows-amd64-20261006222440
run-01890,sample-docx,aes-256-ctr,35,false,8196,8196,8515,0,0,0,0,0,0,0,0,true,200,,windows-amd64-20261006222440
run-01891,sample-docx,des-cbc,1,true,8196,8200,8503,534900,534900,0,0,0,0,0,0,true,200,,windows-amd64-20261006222440
run-01892,sample-docx,des-cbc,2,true,8196,8200,8503,534900,534900,0,0,0,0,0,526900,true,200,,windows-amd64-20261006222440
run-01893,sample-docx,des-cbc,3,true,8196,8200,8503,534900,534900,0,0,0,0,0,522300,true,200,,windows-amd64-20261006222440
run-01894,sample-docx,des-cbc,4,true,8196,8200,8503,534900,534900,0,0,0,0,0,530200,true,200,,windows-amd64-20261006222440
run-01895,sample-docx,des-cbc,5,true,8196,8200,8503,534900,534900,0,0,0,0,0,528800,true,200,,windows-amd64-20261006222440
run-01896,sample-docx,des-cbc,6,false,8196,8200,8503,534900,534900,527000,0,0,0,0,527600,true,200,,windows-amd64-20261006222440
run-01897,sample-docx,des-cbc,7,false,8196,8200,8503,534900,534900,0,0,0,524000,524000,524100,true,200,,windows-amd64-20261006222440
run-01898,sample-docx,des-cbc,8,false,8196,8200,8503,534900,534900,0,0,0,553000,553000,553600,true,200,,windows-amd64-20261006222440
run-01899,sample-docx,des-cbc,9,false,8196,8200,8503,534900,534900,0,0,0,0,0,521900,true,200,,windows-amd64-20261006222440
run-01900,sample-docx,des-cbc,10,false,8196,8200,8503,534900,534900,0,0,0,0,0,0,true,200,,windows-amd64-20261006222440
run-01901,sample-docx,des-cbc,11,false,8196,8200,8503,534900,534900,0,0,0,0,0,525900,true,200,,windows-amd64-20261006222440
run-01902,sample-docx,des-cbc,12,false,8196,8200,8503,534900,534900,0,0,0,0,0,526300,true,200,,windows-amd64-20261006222440
run-01903,sample-docx,des-cbc,13,false,8196,8200,8503,534900,534900,0,533000,0,0,533000,1726700,true,200,,windows-amd64-20261006222440
run-01904,sample-docx,des-cbc,14,false,8196,8200,8503,534900,534900,508000,0,0,0,0,2205000,true,200,,windows-amd64-20261006222440
run-01905,sample-docx,des-cbc,15,false,8196,8200,8503,534900,534900,0,0,0,0,0,1731700,true,200,,windows-amd64-20261006222440
run-01906,sample-docx,des-cbc,16,false,8196,8200,8503,534900,534900,0,0,0,0,0,546000,true,200,,windows-amd64-20261006222440
run-01907,sample-docx,des-cbc,17,false,8196,8200,8503,534900,534900,0,0,0,0,0,536000,true,200,,windows-amd64-20261006222440
run-01908,sample-docx,des-cbc,18,false,8196,8200,8503,534900,534900,0,0,0,529000,529000,1067000,true,200,,windows-amd64-20261006222440
run-01909,sample-docx,des-cbc,19,false,8196,8200,8503,534900,534900,0,0,0,0,0,560100,true,200,,windows-amd64-20261006222440
run-01910,sample-docx,des-cbc,20,false,8196,8200,8503,534900,534900,0,0,0,535000,535000,1067000,true,200,,windows-amd64-20261006222440
run-01911,sample-docx,des-cbc,21,false,8196,8200,8503,534900,534900,0,0,0,0,0,1078700,true,200,,windows-amd64-20261006222440
run-01912,sample-docx,des-cbc,22,false,8196,8200,8503,534900,534900,0,535000,0,0,535000,535400,true,200,,windows-amd64-20261006222440
run-01913,sample-docx,des-cbc,23,false,8196,8200,8503,534900,534900,0,0,0,0,0,1048700,true,200,,windows-amd64-20261006222440
run-01914,sample-docx,des-cbc,24,false,8196,8200,8503,534900,534900,0,0,0,541000,541000,541000,true,200,,windows-amd64-20261006222440
run-01915,sample-docx,des-cbc,25,false,8196,8200,8503,534900,534900,0,0,0,0,0,574300,true,200,,windows-amd64-20261006222440
run-01916,sample-docx,des-cbc,26,false,8196,8200,8503,534900,534900,0,0,0,0,0,536300,true,200,,windows-amd64-20261006222440
run-01917,sample-docx,des-cbc,27,false,8196,8200,8503,534900,534900,0,0,0,0,0,1008300,true,200,,windows-amd64-20261006222440
run-01918,sample-docx,des-cbc,28,false,8196,8200,8503,534900,534900,0,0,0,0,0,0,true,200,,windows-amd64-20261006222440
run-01919,sample-docx,des-cbc,29,false,8196,8200,8503,534900,534900,0,0,0,1818000,1818000,1818300,true,200,,windows-amd64-20261006222440
run-01920,sample-docx,des-cbc,30,false,8196,8200,8503,534900,534900,0,0,0,0,0,0,true,200,,windows-amd64-20261006222440
run-01921,sample-docx,des-cbc,31,false,8196,8200,8503,534900,534900,0,0,0,0,0,1678500,true,200,,windows-amd64-20261006222440
run-01922,sample-docx,des-cbc,32,false,8196,8200,8503,534900,534900,0,0,0,0,0,0,true,200,,windows-amd64-20261006222440
run-01923,sample-docx,des-cbc,33,false,8196,8200,8503,534900,534900,0,0,0,0,0,0,true,200,,windows-amd64-20261006222440
run-01924,sample-docx,des-cbc,34,false,8196,8200,8503,534900,534900,0,0,0,0,0,1115400,true,200,,windows-amd64-20261006222440
run-01925,sample-docx,des-cbc,35,false,8196,8200,8503,534900,534900,0,0,0,0,0,0,true,200,,windows-amd64-20261006222440
run-01926,sample-docx,rc4-256,1,true,8196,8196,8487,0,0,0,1006000,0,0,1006000,2565800,true,200,,windows-amd64-20261006222440
run-01927,sample-docx,rc4-256,2,true,8196,8196,8487,0,0,0,0,0,0,0,0,true,200,,windows-amd64-20261006222440
run-01928,sample-docx,rc4-256,3,true,8196,8196,8487,0,0,1510000,0,0,0,0,1510900,true,200,,windows-amd64-20261006222440
run-01929,sample-docx,rc4-256,4,true,8196,8196,8487,0,0,0,0,0,0,0,0,true,200,,windows-amd64-20261006222440
run-01930,sample-docx,rc4-256,5,true,8196,8196,8487,0,0,0,0,0,0,0,1007200,true,200,,windows-amd64-20261006222440
run-01931,sample-docx,rc4-256,6,false,8196,8196,8487,0,0,0,0,0,0,0,0,true,200,,windows-amd64-20261006222440
run-01932,sample-docx,rc4-256,7,false,8196,8196,8487,0,0,0,0,0,0,0,1001100,true,200,,windows-amd64-20261006222440
run-01933,sample-docx,rc4-256,8,false,8196,8196,8487,0,0,0,0,0,0,0,0,true,200,,windows-amd64-20261006222440
run-01934,sample-docx,rc4-256,9,false,8196,8196,8487,0,0,0,0,0,0,0,999400,true,200,,windows-amd64-20261006222440
run-01935,sample-docx,rc4-256,10,false,8196,8196,8487,0,0,0,0,0,0,0,0,true,200,,windows-amd64-20261006222440
run-01936,sample-docx,rc4-256,11,false,8196,8196,8487,0,0,0,0,0,0,0,1004300,true,200,,windows-amd64-20261006222440
run-01937,sample-docx,rc4-256,12,false,8196,8196,8487,0,0,0,0,0,0,0,0,true,200,,windows-amd64-20261006222440
run-01938,sample-docx,rc4-256,13,false,8196,8196,8487,0,0,0,0,0,0,0,997900,true,200,,windows-amd64-20261006222440
run-01939,sample-docx,rc4-256,14,false,8196,8196,8487,0,0,0,0,0,0,0,998000,true,200,,windows-amd64-20261006222440
run-01940,sample-docx,rc4-256,15,false,8196,8196,8487,0,0,0,0,0,0,0,0,true,200,,windows-amd64-20261006222440
run-01941,sample-docx,rc4-256,16,false,8196,8196,8487,0,0,0,0,0,0,0,0,true,200,,windows-amd64-20261006222440
run-01942,sample-docx,rc4-256,17,false,8196,8196,8487,0,0,0,0,0,0,0,1506200,true,200,,windows-amd64-20261006222440
run-01943,sample-docx,rc4-256,18,false,8196,8196,8487,0,0,0,0,0,0,0,0,true,200,,windows-amd64-20261006222440
run-01944,sample-docx,rc4-256,19,false,8196,8196,8487,0,0,0,0,0,0,0,1009500,true,200,,windows-amd64-20261006222440
run-01945,sample-docx,rc4-256,20,false,8196,8196,8487,0,0,0,0,0,0,0,998700,true,200,,windows-amd64-20261006222440
run-01946,sample-docx,rc4-256,21,false,8196,8196,8487,0,0,0,0,0,0,0,999200,true,200,,windows-amd64-20261006222440
run-01947,sample-docx,rc4-256,22,false,8196,8196,8487,0,0,0,0,0,0,0,1272100,true,200,,windows-amd64-20261006222440
run-01948,sample-docx,rc4-256,23,false,8196,8196,8487,0,0,0,0,0,0,0,0,true,200,,windows-amd64-20261006222440
run-01949,sample-docx,rc4-256,24,false,8196,8196,8487,0,0,0,0,0,0,0,0,true,200,,windows-amd64-20261006222440
run-01950,sample-docx,rc4-256,25,false,8196,8196,8487,0,0,0,0,0,0,0,995700,true,200,,windows-amd64-20261006222440
run-01951,sample-docx,rc4-256,26,false,8196,8196,8487,0,0,0,0,0,0,0,0,true,200,,windows-amd64-20261006222440
run-01952,sample-docx,rc4-256,27,false,8196,8196,8487,0,0,0,0,0,0,0,999700,true,200,,windows-amd64-20261006222440
run-01953,sample-docx,rc4-256,28,false,8196,8196,8487,0,0,0,0,0,0,0,0,true,200,,windows-amd64-20261006222440
run-01954,sample-docx,rc4-256,29,false,8196,8196,8487,0,0,0,1002999,0,0,1002999,1003300,true,200,,windows-amd64-20261006222440
run-01955,sample-docx,rc4-256,30,false,8196,8196,8487,0,0,0,0,0,0,0,0,true,200,,windows-amd64-20261006222440
run-01956,sample-docx,rc4-256,31,false,8196,8196,8487,0,0,0,0,0,0,0,997200,true,200,,windows-amd64-20261006222440
run-01957,sample-docx,rc4-256,32,false,8196,8196,8487,0,0,0,0,0,0,0,0,true,200,,windows-amd64-20261006222440
run-01958,sample-docx,rc4-256,33,false,8196,8196,8487,0,0,0,0,0,0,0,0,true,200,,windows-amd64-20261006222440
run-01959,sample-docx,rc4-256,34,false,8196,8196,8487,0,0,0,0,1507000,0,1507000,1507200,true,200,,windows-amd64-20261006222440
run-01960,sample-docx,rc4-256,35,false,8196,8196,8487,0,0,0,0,0,0,0,0,true,200,,windows-amd64-20261006222440
run-01961,sample-mp4,aes-128-cbc,1,true,32780,32784,33104,0,0,0,0,0,0,0,1006300,true,200,,windows-amd64-20261006222440
run-01962,sample-mp4,aes-128-cbc,2,true,32780,32784,33104,0,0,0,0,0,0,0,1003100,true,200,,windows-amd64-20261006222440
run-01963,sample-mp4,aes-128-cbc,3,true,32780,32784,33104,0,0,0,0,0,0,0,1508800,true,200,,windows-amd64-20261006222440
run-01964,sample-mp4,aes-128-cbc,4,true,32780,32784,33104,0,0,0,0,0,0,0,1007300,true,200,,windows-amd64-20261006222440
run-01965,sample-mp4,aes-128-cbc,5,true,32780,32784,33104,0,0,0,0,0,0,0,1000700,true,200,,windows-amd64-20261006222440
run-01966,sample-mp4,aes-128-cbc,6,false,32780,32784,33104,0,0,0,0,0,0,0,0,true,200,,windows-amd64-20261006222440
run-01967,sample-mp4,aes-128-cbc,7,false,32780,32784,33104,0,0,0,0,0,0,0,1000200,true,200,,windows-amd64-20261006222440
run-01968,sample-mp4,aes-128-cbc,8,false,32780,32784,33104,0,0,0,0,0,0,0,998000,true,200,,windows-amd64-20261006222440
run-01969,sample-mp4,aes-128-cbc,9,false,32780,32784,33104,0,0,0,0,0,0,0,1507200,true,200,,windows-amd64-20261006222440
run-01970,sample-mp4,aes-128-cbc,10,false,32780,32784,33104,0,0,0,0,0,0,0,1008700,true,200,,windows-amd64-20261006222440
run-01971,sample-mp4,aes-128-cbc,11,false,32780,32784,33104,0,0,1002999,0,0,0,0,1003500,true,200,,windows-amd64-20261006222440
run-01972,sample-mp4,aes-128-cbc,12,false,32780,32784,33104,0,0,0,0,0,0,0,998000,true,200,,windows-amd64-20261006222440
run-01973,sample-mp4,aes-128-cbc,13,false,32780,32784,33104,0,0,0,0,0,0,0,998600,true,200,,windows-amd64-20261006222440
run-01974,sample-mp4,aes-128-cbc,14,false,32780,32784,33104,0,0,0,0,0,0,0,2457000,true,200,,windows-amd64-20261006222440
run-01975,sample-mp4,aes-128-cbc,15,false,32780,32784,33104,0,0,0,0,0,0,0,998800,true,200,,windows-amd64-20261006222440
run-01976,sample-mp4,aes-128-cbc,16,false,32780,32784,33104,0,0,0,0,0,0,0,1001000,true,200,,windows-amd64-20261006222440
run-01977,sample-mp4,aes-128-cbc,17,false,32780,32784,33104,0,0,0,0,0,0,0,0,true,200,,windows-amd64-20261006222440
run-01978,sample-mp4,aes-128-cbc,18,false,32780,32784,33104,0,0,0,0,0,0,0,0,true,200,,windows-amd64-20261006222440
run-01979,sample-mp4,aes-128-cbc,19,false,32780,32784,33104,0,0,0,0,0,0,0,2515200,true,200,,windows-amd64-20261006222440
run-01980,sample-mp4,aes-128-cbc,20,false,32780,32784,33104,0,0,0,0,0,0,0,1001200,true,200,,windows-amd64-20261006222440
run-01981,sample-mp4,aes-128-cbc,21,false,32780,32784,33104,0,0,0,0,0,0,0,1001200,true,200,,windows-amd64-20261006222440
run-01982,sample-mp4,aes-128-cbc,22,false,32780,32784,33104,0,0,0,0,0,0,0,1507100,true,200,,windows-amd64-20261006222440
run-01983,sample-mp4,aes-128-cbc,23,false,32780,32784,33104,0,0,0,0,0,0,0,0,true,200,,windows-amd64-20261006222440
run-01984,sample-mp4,aes-128-cbc,24,false,32780,32784,33104,0,0,0,0,0,0,0,1009300,true,200,,windows-amd64-20261006222440
run-01985,sample-mp4,aes-128-cbc,25,false,32780,32784,33104,0,0,0,0,999000,0,999000,2001400,true,200,,windows-amd64-20261006222440
run-01986,sample-mp4,aes-128-cbc,26,false,32780,32784,33104,0,0,1000000,0,0,0,0,1000600,true,200,,windows-amd64-20261006222440
run-01987,sample-mp4,aes-128-cbc,27,false,32780,32784,33104,0,0,0,0,0,0,0,0,true,200,,windows-amd64-20261006222440
run-01988,sample-mp4,aes-128-cbc,28,false,32780,32784,33104,0,0,0,0,0,0,0,1782600,true,200,,windows-amd64-20261006222440
run-01989,sample-mp4,aes-128-cbc,29,false,32780,32784,33104,0,0,1008000,0,0,0,0,1008600,true,200,,windows-amd64-20261006222440
run-01990,sample-mp4,aes-128-cbc,30,false,32780,32784,33104,0,0,0,0,0,0,0,1000300,true,200,,windows-amd64-20261006222440
run-01991,sample-mp4,aes-128-cbc,31,false,32780,32784,33104,0,0,0,0,0,0,0,998400,true,200,,windows-amd64-20261006222440
run-01992,sample-mp4,aes-128-cbc,32,false,32780,32784,33104,0,0,0,0,0,0,0,0,true,200,,windows-amd64-20261006222440
run-01993,sample-mp4,aes-128-cbc,33,false,32780,32784,33104,0,0,0,0,0,0,0,1506800,true,200,,windows-amd64-20261006222440
run-01994,sample-mp4,aes-128-cbc,34,false,32780,32784,33104,0,0,0,0,1004999,0,1004999,1005900,true,200,,windows-amd64-20261006222440
run-01995,sample-mp4,aes-128-cbc,35,false,32780,32784,33104,0,0,0,0,0,0,0,999300,true,200,,windows-amd64-20261006222440
run-01996,sample-mp4,aes-128-cfb128,1,true,32780,32780,33103,0,0,0,0,0,0,0,644700,true,200,,windows-amd64-20261006222440
run-01997,sample-mp4,aes-128-cfb128,2,true,32780,32780,33103,0,0,1008000,0,0,0,0,1008200,true,200,,windows-amd64-20261006222440
run-01998,sample-mp4,aes-128-cfb128,3,true,32780,32780,33103,0,0,0,0,0,0,0,1507800,true,200,,windows-amd64-20261006222440
run-01999,sample-mp4,aes-128-cfb128,4,true,32780,32780,33103,0,0,0,0,0,0,0,1012100,true,200,,windows-amd64-20261006222440
run-02000,sample-mp4,aes-128-cfb128,5,true,32780,32780,33103,0,0,0,0,0,0,0,0,true,200,,windows-amd64-20261006222440
run-02001,sample-mp4,aes-128-cfb128,6,false,32780,32780,33103,0,0,0,0,0,0,0,995200,true,200,,windows-amd64-20261006222440
run-02002,sample-mp4,aes-128-cfb128,7,false,32780,32780,33103,0,0,0,0,0,0,0,1001100,true,200,,windows-amd64-20261006222440
run-02003,sample-mp4,aes-128-cfb128,8,false,32780,32780,33103,0,0,1004999,0,0,0,0,1005400,true,200,,windows-amd64-20261006222440
run-02004,sample-mp4,aes-128-cfb128,9,false,32780,32780,33103,0,0,1510000,0,0,0,0,1510100,true,200,,windows-amd64-20261006222440
run-02005,sample-mp4,aes-128-cfb128,10,false,32780,32780,33103,0,0,0,0,0,0,0,1008700,true,200,,windows-amd64-20261006222440
run-02006,sample-mp4,aes-128-cfb128,11,false,32780,32780,33103,0,0,992000,0,0,0,0,992900,true,200,,windows-amd64-20261006222440
run-02007,sample-mp4,aes-128-cfb128,12,false,32780,32780,33103,0,0,0,0,0,0,0,0,true,200,,windows-amd64-20261006222440
run-02008,sample-mp4,aes-128-cfb128,13,false,32780,32780,33103,0,0,0,0,0,0,0,1507400,true,200,,windows-amd64-20261006222440
run-02009,sample-mp4,aes-128-cfb128,14,false,32780,32780,33103,0,0,0,0,0,0,0,1008000,true,200,,windows-amd64-20261006222440
run-02010,sample-mp4,aes-128-cfb128,15,false,32780,32780,33103,0,0,0,0,0,0,0,1000800,true,200,,windows-amd64-20261006222440
run-02011,sample-mp4,aes-128-cfb128,16,false,32780,32780,33103,0,0,0,0,0,0,0,1000700,true,200,,windows-amd64-20261006222440
run-02012,sample-mp4,aes-128-cfb128,17,false,32780,32780,33103,0,0,0,0,0,0,0,999700,true,200,,windows-amd64-20261006222440
run-02013,sample-mp4,aes-128-cfb128,18,false,32780,32780,33103,0,0,0,0,0,0,0,0,true,200,,windows-amd64-20261006222440
run-02014,sample-mp4,aes-128-cfb128,19,false,32780,32780,33103,0,0,0,0,0,0,0,1511200,true,200,,windows-amd64-20261006222440
run-02015,sample-mp4,aes-128-cfb128,20,false,32780,32780,33103,0,0,0,0,0,0,0,1007700,true,200,,windows-amd64-20261006222440
run-02016,sample-mp4,aes-128-cfb128,21,false,32780,32780,33103,0,0,0,0,0,0,0,999000,true,200,,windows-amd64-20261006222440
run-02017,sample-mp4,aes-128-cfb128,22,false,32780,32780,33103,0,0,0,0,0,0,0,1005700,true,200,,windows-amd64-20261006222440
run-02018,sample-mp4,aes-128-cfb128,23,false,32780,32780,33103,0,0,0,0,0,0,0,1507600,true,200,,windows-amd64-20261006222440
run-02019,sample-mp4,aes-128-cfb128,24,false,32780,32780,33103,0,0,0,0,0,0,0,1009700,true,200,,windows-amd64-20261006222440
run-02020,sample-mp4,aes-128-cfb128,25,false,32780,32780,33103,0,0,999000,0,0,0,0,999800,true,200,,windows-amd64-20261006222440
run-02021,sample-mp4,aes-128-cfb128,26,false,32780,32780,33103,0,0,0,0,0,0,0,0,true,200,,windows-amd64-20261006222440
run-02022,sample-mp4,aes-128-cfb128,27,false,32780,32780,33103,0,0,0,0,0,0,0,1002500,true,200,,windows-amd64-20261006222440
run-02023,sample-mp4,aes-128-cfb128,28,false,32780,32780,33103,0,0,997000,0,0,0,0,997800,true,200,,windows-amd64-20261006222440
run-02024,sample-mp4,aes-128-cfb128,29,false,32780,32780,33103,0,0,0,0,0,0,0,998600,true,200,,windows-amd64-20261006222440
run-02025,sample-mp4,aes-128-cfb128,30,false,32780,32780,33103,0,0,0,0,0,0,0,999600,true,200,,windows-amd64-20261006222440
run-02026,sample-mp4,aes-128-cfb128,31,false,32780,32780,33103,0,0,0,0,0,0,0,2202600,true,200,,windows-amd64-20261006222440
run-02027,sample-mp4,aes-128-cfb128,32,false,32780,32780,33103,0,0,0,0,0,0,0,0,true,200,,windows-amd64-20261006222440
run-02028,sample-mp4,aes-128-cfb128,33,false,32780,32780,33103,0,0,0,0,0,0,0,1000000,true,200,,windows-amd64-20261006222440
run-02029,sample-mp4,aes-128-cfb128,34,false,32780,32780,33103,0,0,0,0,0,0,0,0,true,200,,windows-amd64-20261006222440
run-02030,sample-mp4,aes-128-cfb128,35,false,32780,32780,33103,0,0,0,0,0,0,0,2070000,true,200,,windows-amd64-20261006222440
run-02031,sample-mp4,aes-128-ofb,1,true,32780,32780,33100,0,0,0,0,0,0,0,997000,true,200,,windows-amd64-20261006222440
run-02032,sample-mp4,aes-128-ofb,2,true,32780,32780,33100,0,0,0,0,0,0,0,0,true,200,,windows-amd64-20261006222440
run-02033,sample-mp4,aes-128-ofb,3,true,32780,32780,33100,0,0,0,0,0,0,0,1001400,true,200,,windows-amd64-20261006222440
run-02034,sample-mp4,aes-128-ofb,4,true,32780,32780,33100,0,0,1000000,0,0,0,0,1000700,true,200,,windows-amd64-20261006222440
run-02035,sample-mp4,aes-128-ofb,5,true,32780,32780,33100,0,0,0,0,0,0,0,0,true,200,,windows-amd64-20261006222440
run-02036,sample-mp4,aes-128-ofb,6,false,32780,32780,33100,0,0,0,0,0,0,0,1686800,true,200,,windows-amd64-20261006222440
run-02037,sample-mp4,aes-128-ofb,7,false,32780,32780,33100,0,0,0,0,0,0,528000,1049200,true,200,,windows-amd64-20261006222440
run-02038,sample-mp4,aes-128-ofb,8,false,32780,32780,33100,0,0,0,517000,0,0,517000,1060200,true,200,,windows-amd64-20261006222440
run-02039,sample-mp4,aes-128-ofb,9,false,32780,32780,33100,0,0,0,0,0,0,0,1088800,true,200,,windows-amd64-20261006222440
run-02040,sample-mp4,aes-128-ofb,10,false,32780,32780,33100,0,0,0,539000,0,0,539000,539500,true,200,,windows-amd64-20261006222440
run-02041,sample-mp4,aes-128-ofb,11,false,32780,32780,33100,0,0,539000,0,0,0,0,1155900,true,200,,windows-amd64-20261006222440
run-02042,sample-mp4,aes-128-ofb,12,false,32780,32780,33100,0,0,0,0,0,520000,520000,1633300,true,200,,windows-amd64-20261006222440
run-02043,sample-mp4,aes-128-ofb,13,false,32780,32780,33100,0,0,541000,0,0,0,0,1164800,true,200,,windows-amd64-20261006222440
run-02044,sample-mp4,aes-128-ofb,14,false,32780,32780,33100,0,0,0,0,0,0,0,1621900,true,200,,windows-amd64-20261006222440
run-02045,sample-mp4,aes-128-ofb,15,false,32780,32780,33100,0,0,0,0,0,0,0,582500,true,200,,windows-amd64-20261006222440
run-02046,sample-mp4,aes-128-ofb,16,false,32780,32780,33100,0,0,533000,0,0,0,0,1075900,true,200,,windows-amd64-20261006222440
run-02047,sample-mp4,aes-128-ofb,17,false,32780,32780,33100,0,0,0,0,0,0,0,518700,true,200,,windows-amd64-20261006222440
run-02048,sample-mp4,aes-128-ofb,18,false,32780,32780,33100,0,0,0,0,0,0,0,1088100,true,200,,windows-amd64-20261006222440
run-02049,sample-mp4,aes-128-ofb,19,false,32780,32780,33100,0,0,0,0,0,0,0,1061500,true,200,,windows-amd64-20261006222440
run-02050,sample-mp4,aes-128-ofb,20,false,32780,32780,33100,0,0,0,0,0,535000,535000,1588800,true,200,,windows-amd64-20261006222440
run-02051,sample-mp4,aes-128-ofb,21,false,32780,32780,33100,0,0,0,0,0,0,0,555700,true,200,,windows-amd64-20261006222440
run-02052,sample-mp4,aes-128-ofb,22,false,32780,32780,33100,0,0,0,0,0,542000,542000,1819600,true,200,,windows-amd64-20261006222440
run-02053,sample-mp4,aes-128-ofb,23,false,32780,32780,33100,0,0,748000,0,0,0,0,1934100,true,200,,windows-amd64-20261006222440
run-02054,sample-mp4,aes-128-ofb,24,false,32780,32780,33100,0,0,0,0,0,0,0,1239000,true,200,,windows-amd64-20261006222440
run-02055,sample-mp4,aes-128-ofb,25,false,32780,32780,33100,0,0,520000,0,0,0,0,1069100,true,200,,windows-amd64-20261006222440
run-02056,sample-mp4,aes-128-ofb,26,false,32780,32780,33100,0,0,0,0,0,0,0,1229100,true,200,,windows-amd64-20261006222440
run-02057,sample-mp4,aes-128-ofb,27,false,32780,32780,33100,0,0,0,0,0,0,0,1086700,true,200,,windows-amd64-20261006222440
run-02058,sample-mp4,aes-128-ofb,28,false,32780,32780,33100,0,0,0,0,0,0,0,659400,true,200,,windows-amd64-20261006222440
run-02059,sample-mp4,aes-128-ofb,29,false,32780,32780,33100,0,0,0,0,0,0,0,592100,true,200,,windows-amd64-20261006222440
run-02060,sample-mp4,aes-128-ofb,30,false,32780,32780,33100,0,0,0,0,0,0,0,548800,true,200,,windows-amd64-20261006222440
run-02061,sample-mp4,aes-128-ofb,31,false,32780,32780,33100,0,0,0,0,0,0,0,532900,true,200,,windows-amd64-20261006222440
run-02062,sample-mp4,aes-128-ofb,32,false,32780,32780,33100,0,0,0,0,528000,0,528000,1068000,true,200,,windows-amd64-20261006222440
run-02063,sample-mp4,aes-128-ofb,33,false,32780,32780,33100,0,0,570000,0,0,0,0,570100,true,200,,windows-amd64-20261006222440
run-02064,sample-mp4,aes-128-ofb,34,false,32780,32780,33100,0,0,520000,0,0,0,0,1160000,true,200,,windows-amd64-20261006222440
run-02065,sample-mp4,aes-128-ofb,35,false,32780,32780,33100,0,0,0,0,0,0,570000,2260400,true,200,,windows-amd64-20261006222440
run-02066,sample-mp4,aes-128-ctr,1,true,32780,32780,33100,0,0,0,0,0,0,0,1634500,true,200,,windows-amd64-20261006222440
run-02067,sample-mp4,aes-128-ctr,2,true,32780,32780,33100,0,0,0,0,0,0,0,1921500,true,200,,windows-amd64-20261006222440
run-02068,sample-mp4,aes-128-ctr,3,true,32780,32780,33100,0,0,0,0,0,0,0,520700,true,200,,windows-amd64-20261006222440
run-02069,sample-mp4,aes-128-ctr,4,true,32780,32780,33100,0,0,0,0,0,0,0,539500,true,200,,windows-amd64-20261006222440
run-02070,sample-mp4,aes-128-ctr,5,true,32780,32780,33100,0,0,0,0,0,0,0,1083200,true,200,,windows-amd64-20261006222440
run-02071,sample-mp4,aes-128-ctr,6,false,32780,32780,33100,0,0,0,0,0,0,0,1190300,true,200,,windows-amd64-20261006222440
run-02072,sample-mp4,aes-128-ctr,7,false,32780,32780,33100,0,0,0,0,0,0,0,617500,true,200,,windows-amd64-20261006222440
run-02073,sample-mp4,aes-128-ctr,8,false,32780,32780,33100,0,0,0,0,0,0,0,547000,true,200,,windows-amd64-20261006222440
run-02074,sample-mp4,aes-128-ctr,9,false,32780,32780,33100,0,0,0,0,0,0,0,615600,true,200,,windows-amd64-20261006222440
run-02075,sample-mp4,aes-128-ctr,10,false,32780,32780,33100,0,0,0,0,0,0,0,532900,true,200,,windows-amd64-20261006222440
run-02076,sample-mp4,aes-128-ctr,11,false,32780,32780,33100,0,0,0,0,0,0,0,542300,true,200,,windows-amd64-20261006222440
run-02077,sample-mp4,aes-128-ctr,12,false,32780,32780,33100,0,0,0,0,0,0,0,1139900,true,200,,windows-amd64-20261006222440
run-02078,sample-mp4,aes-128-ctr,13,false,32780,32780,33100,0,0,0,0,0,0,550000,1622300,true,200,,windows-amd64-20261006222440
run-02079,sample-mp4,aes-128-ctr,14,false,32780,32780,33100,0,0,0,0,0,0,0,1677100,true,200,,windows-amd64-20261006222440
run-02080,sample-mp4,aes-128-ctr,15,false,32780,32780,33100,0,0,0,0,0,0,0,1128800,true,200,,windows-amd64-20261006222440
run-02081,sample-mp4,aes-128-ctr,16,false,32780,32780,33100,0,0,555000,0,0,0,0,555400,true,200,,windows-amd64-20261006222440
run-02082,sample-mp4,aes-128-ctr,17,false,32780,32780,33100,0,0,548000,0,0,0,0,1087700,true,200,,windows-amd64-20261006222440
run-02083,sample-mp4,aes-128-ctr,18,false,32780,32780,33100,0,0,560000,0,0,0,0,1731200,true,200,,windows-amd64-20261006222440
run-02084,sample-mp4,aes-128-ctr,19,false,32780,32780,33100,0,0,561000,0,0,0,0,2281400,true,200,,windows-amd64-20261006222440
run-02085,sample-mp4,aes-128-ctr,20,false,32780,32780,33100,0,0,0,0,0,0,0,555200,true,200,,windows-amd64-20261006222440
run-02086,sample-mp4,aes-128-ctr,21,false,32780,32780,33100,0,0,0,0,0,0,0,556300,true,200,,windows-amd64-20261006222440
run-02087,sample-mp4,aes-128-ctr,22,false,32780,32780,33100,0,0,0,0,0,0,0,546400,true,200,,windows-amd64-20261006222440
run-02088,sample-mp4,aes-128-ctr,23,false,32780,32780,33100,0,0,0,0,0,0,0,540800,true,200,,windows-amd64-20261006222440
run-02089,sample-mp4,aes-128-ctr,24,false,32780,32780,33100,0,0,0,0,532000,0,532000,1066700,true,200,,windows-amd64-20261006222440
run-02090,sample-mp4,aes-128-ctr,25,false,32780,32780,33100,0,0,0,0,0,0,0,537500,true,200,,windows-amd64-20261006222440
run-02091,sample-mp4,aes-128-ctr,26,false,32780,32780,33100,0,0,0,0,538000,0,538000,1077000,true,200,,windows-amd64-20261006222440
run-02092,sample-mp4,aes-128-ctr,27,false,32780,32780,33100,0,0,0,0,0,0,0,1079200,true,200,,windows-amd64-20261006222440
run-02093,sample-mp4,aes-128-ctr,28,false,32780,32780,33100,0,0,569000,0,0,0,0,569000,true,200,,windows-amd64-20261006222440
run-02094,sample-mp4,aes-128-ctr,29,false,32780,32780,33100,0,0,0,0,0,0,0,1066600,true,200,,windows-amd64-20261006222440
run-02095,sample-mp4,aes-128-ctr,30,false,32780,32780,33100,0,0,0,0,0,0,0,535500,true,200,,windows-amd64-20261006222440
run-02096,sample-mp4,aes-128-ctr,31,false,32780,32780,33100,0,0,0,0,0,0,0,1063100,true,200,,windows-amd64-20261006222440
run-02097,sample-mp4,aes-128-ctr,32,false,32780,32780,33100,0,0,532000,0,0,0,0,532500,true,200,,windows-amd64-20261006222440
run-02098,sample-mp4,aes-128-ctr,33,false,32780,32780,33100,0,0,506000,0,0,0,0,2470700,true,200,,windows-amd64-20261006222440
run-02099,sample-mp4,aes-128-ctr,34,false,32780,32780,33100,0,0,0,0,0,0,0,1096800,true,200,,windows-amd64-20261006222440
run-02100,sample-mp4,aes-128-ctr,35,false,32780,32780,33100,0,0,0,0,0,0,0,537500,true,200,,windows-amd64-20261006222440
run-02101,sample-mp4,aes-192-cbc,1,true,32780,32784,33104,0,0,0,0,0,0,0,1063800,true,200,,windows-amd64-20261006222440
run-02102,sample-mp4,aes-192-cbc,2,true,32780,32784,33104,0,0,534000,0,0,0,0,534800,true,200,,windows-amd64-20261006222440
run-02103,sample-mp4,aes-192-cbc,3,true,32780,32784,33104,0,0,0,0,0,0,0,540200,true,200,,windows-amd64-20261006222440
run-02104,sample-mp4,aes-192-cbc,4,true,32780,32784,33104,0,0,0,0,0,0,0,540800,true,200,,windows-amd64-20261006222440
run-02105,sample-mp4,aes-192-cbc,5,true,32780,32784,33104,0,0,0,0,596000,0,596000,1666300,true,200,,windows-amd64-20261006222440
run-02106,sample-mp4,aes-192-cbc,6,false,32780,32784,33104,0,0,0,0,0,0,0,1089300,true,200,,windows-amd64-20261006222440
run-02107,sample-mp4,aes-192-cbc,7,false,32780,32784,33104,0,0,0,0,0,0,0,1092500,true,200,,windows-amd64-20261006222440
run-02108,sample-mp4,aes-192-cbc,8,false,32780,32784,33104,0,0,0,0,0,0,0,539800,true,200,,windows-amd64-20261006222440
run-02109,sample-mp4,aes-192-cbc,9,false,32780,32784,33104,0,0,531000,0,0,0,0,531700,true,200,,windows-amd64-20261006222440
run-02110,sample-mp4,aes-192-cbc,10,false,32780,32784,33104,0,0,0,0,0,0,0,572600,true,200,,windows-amd64-20261006222440
run-02111,sample-mp4,aes-192-cbc,11,false,32780,32784,33104,0,0,558000,0,0,0,0,2161900,true,200,,windows-amd64-20261006222440
run-02112,sample-mp4,aes-192-cbc,12,false,32780,32784,33104,0,0,0,0,0,531000,531000,1583400,true,200,,windows-amd64-20261006222440
run-02113,sample-mp4,aes-192-cbc,13,false,32780,32784,33104,0,0,0,0,0,0,0,1660600,true,200,,windows-amd64-20261006222440
run-02114,sample-mp4,aes-192-cbc,14,false,32780,32784,33104,0,0,0,0,0,0,0,1095600,true,200,,windows-amd64-20261006222440
run-02115,sample-mp4,aes-192-cbc,15,false,32780,32784,33104,0,0,0,0,0,0,0,529000,true,200,,windows-amd64-20261006222440
run-02116,sample-mp4,aes-192-cbc,16,false,32780,32784,33104,0,0,533000,0,0,0,0,533500,true,200,,windows-amd64-20261006222440
run-02117,sample-mp4,aes-192-cbc,17,false,32780,32784,33104,0,0,0,0,0,0,0,1075000,true,200,,windows-amd64-20261006222440
run-02118,sample-mp4,aes-192-cbc,18,false,32780,32784,33104,0,0,0,0,0,0,0,1232200,true,200,,windows-amd64-20261006222440
run-02119,sample-mp4,aes-192-cbc,19,false,32780,32784,33104,0,0,0,0,0,0,0,1069900,true,200,,windows-amd64-20261006222440
run-02120,sample-mp4,aes-192-cbc,20,false,32780,32784,33104,0,0,0,0,0,0,541000,541300,true,200,,windows-amd64-20261006222440
run-02121,sample-mp4,aes-192-cbc,21,false,32780,32784,33104,0,0,0,0,0,0,0,1073600,true,200,,windows-amd64-20261006222440
run-02122,sample-mp4,aes-192-cbc,22,false,32780,32784,33104,0,0,0,0,0,0,0,1059500,true,200,,windows-amd64-20261006222440
run-02123,sample-mp4,aes-192-cbc,23,false,32780,32784,33104,0,0,535000,0,0,0,0,535000,true,200,,windows-amd64-20261006222440
run-02124,sample-mp4,aes-192-cbc,24,false,32780,32784,33104,0,0,0,0,0,542000,542000,1090400,true,200,,windows-amd64-20261006222440
run-02125,sample-mp4,aes-192-cbc,25,false,32780,32784,33104,0,0,0,0,0,0,0,1823300,true,200,,windows-amd64-20261006222440
run-02126,sample-mp4,aes-192-cbc,26,false,32780,32784,33104,0,0,0,0,0,521000,521000,1086600,true,200,,windows-amd64-20261006222440
run-02127,sample-mp4,aes-192-cbc,27,false,32780,32784,33104,0,0,0,0,0,538000,538000,1072100,true,200,,windows-amd64-20261006222440
run-02128,sample-mp4,aes-192-cbc,28,false,32780,32784,33104,0,0,567000,0,0,0,0,1712300,true,200,,windows-amd64-20261006222440
run-02129,sample-mp4,aes-192-cbc,29,false,32780,32784,33104,0,0,0,0,0,0,0,1085500,true,200,,windows-amd64-20261006222440
run-02130,sample-mp4,aes-192-cbc,30,false,32780,32784,33104,0,0,0,0,0,521000,521000,1065700,true,200,,windows-amd64-20261006222440
run-02131,sample-mp4,aes-192-cbc,31,false,32780,32784,33104,0,0,0,0,535000,0,535000,1711700,true,200,,windows-amd64-20261006222440
run-02132,sample-mp4,aes-192-cbc,32,false,32780,32784,33104,0,0,0,0,0,0,0,1069100,true,200,,windows-amd64-20261006222440
run-02133,sample-mp4,aes-192-cbc,33,false,32780,32784,33104,0,0,0,0,0,0,0,1098600,true,200,,windows-amd64-20261006222440
run-02134,sample-mp4,aes-192-cbc,34,false,32780,32784,33104,0,0,528000,0,0,0,0,528300,true,200,,windows-amd64-20261006222440
run-02135,sample-mp4,aes-192-cbc,35,false,32780,32784,33104,0,0,0,0,0,0,0,1078000,true,200,,windows-amd64-20261006222440
run-02136,sample-mp4,aes-192-cfb128,1,true,32780,32780,33103,0,0,0,0,0,0,0,1128900,true,200,,windows-amd64-20261006222440
run-02137,sample-mp4,aes-192-cfb128,2,true,32780,32780,33103,0,0,0,0,0,0,0,1082100,true,200,,windows-amd64-20261006222440
run-02138,sample-mp4,aes-192-cfb128,3,true,32780,32780,33103,0,0,0,0,0,0,0,1842100,true,200,,windows-amd64-20261006222440
run-02139,sample-mp4,aes-192-cfb128,4,true,32780,32780,33103,0,0,0,0,0,0,0,1069100,true,200,,windows-amd64-20261006222440
run-02140,sample-mp4,aes-192-cfb128,5,true,32780,32780,33103,0,0,0,0,0,0,0,536500,true,200,,windows-amd64-20261006222440
run-02141,sample-mp4,aes-192-cfb128,6,false,32780,32780,33103,0,0,600000,0,0,0,0,2221600,true,200,,windows-amd64-20261006222440
run-02142,sample-mp4,aes-192-cfb128,7,false,32780,32780,33103,0,0,0,0,0,0,0,1086200,true,200,,windows-amd64-20261006222440
run-02143,sample-mp4,aes-192-cfb128,8,false,32780,32780,33103,0,0,535000,0,0,0,0,1065600,true,200,,windows-amd64-20261006222440
run-02144,sample-mp4,aes-192-cfb128,9,false,32780,32780,33103,0,0,537000,0,0,0,0,1621000,true,200,,windows-amd64-20261006222440
run-02145,sample-mp4,aes-192-cfb128,10,false,32780,32780,33103,0,0,0,0,0,0,0,1105600,true,200,,windows-amd64-20261006222440
run-02146,sample-mp4,aes-192-cfb128,11,false,32780,32780,33103,0,0,0,0,0,0,0,1087700,true,200,,windows-amd64-20261006222440
run-02147,sample-mp4,aes-192-cfb128,12,false,32780,32780,33103,0,0,0,0,0,0,0,516600,true,200,,windows-amd64-20261006222440
run-02148,sample-mp4,aes-192-cfb128,13,false,32780,32780,33103,0,0,570000,0,0,0,0,1114800,true,200,,windows-amd64-20261006222440
run-02149,sample-mp4,aes-192-cfb128,14,false,32780,32780,33103,0,0,0,0,0,0,0,2416100,true,200,,windows-amd64-20261006222440
run-02150,sample-mp4,aes-192-cfb128,15,false,32780,32780,33103,0,0,509000,0,0,0,0,1432100,true,200,,windows-amd64-20261006222440
run-02151,sample-mp4,aes-192-cfb128,16,false,32780,32780,33103,0,0,0,0,0,0,0,1613400,true,200,,windows-amd64-20261006222440
run-02152,sample-mp4,aes-192-cfb128,17,false,32780,32780,33103,0,0,0,0,0,0,0,545700,true,200,,windows-amd64-20261006222440
run-02153,sample-mp4,aes-192-cfb128,18,false,32780,32780,33103,0,0,0,0,0,0,0,1112500,true,200,,windows-amd64-20261006222440
run-02154,sample-mp4,aes-192-cfb128,19,false,32780,32780,33103,0,0,0,0,0,0,0,1627400,true,200,,windows-amd64-20261006222440
run-02155,sample-mp4,aes-192-cfb128,20,false,32780,32780,33103,0,0,0,0,0,0,0,2526300,true,200,,windows-amd64-20261006222440
run-02156,sample-mp4,aes-192-cfb128,21,false,32780,32780,33103,0,0,0,0,0,0,0,1119200,true,200,,windows-amd64-20261006222440
run-02157,sample-mp4,aes-192-cfb128,22,false,32780,32780,33103,0,0,537000,0,0,0,0,1099700,true,200,,windows-amd64-20261006222440
run-02158,sample-mp4,aes-192-cfb128,23,false,32780,32780,33103,0,0,0,0,0,0,535000,1066200,true,200,,windows-amd64-20261006222440
run-02159,sample-mp4,aes-192-cfb128,24,false,32780,32780,33103,0,0,560000,0,0,0,0,1647000,true,200,,windows-amd64-20261006222440
run-02160,sample-mp4,aes-192-cfb128,25,false,32780,32780,33103,0,0,0,0,0,0,0,1085900,true,200,,windows-amd64-20261006222440
run-02161,sample-mp4,aes-192-cfb128,26,false,32780,32780,33103,0,0,0,0,0,0,0,1153000,true,200,,windows-amd64-20261006222440
run-02162,sample-mp4,aes-192-cfb128,27,false,32780,32780,33103,0,0,0,0,0,0,0,1056300,true,200,,windows-amd64-20261006222440
run-02163,sample-mp4,aes-192-cfb128,28,false,32780,32780,33103,0,0,0,0,0,0,0,1087900,true,200,,windows-amd64-20261006222440
run-02164,sample-mp4,aes-192-cfb128,29,false,32780,32780,33103,0,0,0,0,0,0,0,573700,true,200,,windows-amd64-20261006222440
run-02165,sample-mp4,aes-192-cfb128,30,false,32780,32780,33103,0,0,0,0,0,0,0,527100,true,200,,windows-amd64-20261006222440
run-02166,sample-mp4,aes-192-cfb128,31,false,32780,32780,33103,0,0,546000,0,0,531000,531000,1611600,true,200,,windows-amd64-20261006222440
run-02167,sample-mp4,aes-192-cfb128,32,false,32780,32780,33103,0,0,0,0,0,0,0,1115900,true,200,,windows-amd64-20261006222440
run-02168,sample-mp4,aes-192-cfb128,33,false,32780,32780,33103,0,0,0,0,0,0,0,543300,true,200,,windows-amd64-20261006222440
run-02169,sample-mp4,aes-192-cfb128,34,false,32780,32780,33103,0,0,0,0,533000,0,533000,1059800,true,200,,windows-amd64-20261006222440
run-02170,sample-mp4,aes-192-cfb128,35,false,32780,32780,33103,0,0,0,0,0,0,0,1065900,true,200,,windows-amd64-20261006222440
run-02171,sample-mp4,aes-192-ofb,1,true,32780,32780,33100,0,0,0,0,0,0,0,541000,true,200,,windows-amd64-20261006222440
run-02172,sample-mp4,aes-192-ofb,2,true,32780,32780,33100,0,0,0,0,0,0,0,2053100,true,200,,windows-amd64-20261006222440
run-02173,sample-mp4,aes-192-ofb,3,true,32780,32780,33100,0,0,0,0,0,0,0,1747000,true,200,,windows-amd64-20261006222440
run-02174,sample-mp4,aes-192-ofb,4,true,32780,32780,33100,0,0,0,0,0,0,0,1062600,true,200,,windows-amd64-20261006222440
run-02175,sample-mp4,aes-192-ofb,5,true,32780,32780,33100,0,0,0,0,0,0,0,1238000,true,200,,windows-amd64-20261006222440
run-02176,sample-mp4,aes-192-ofb,6,false,32780,32780,33100,0,0,0,0,0,0,0,1108200,true,200,,windows-amd64-20261006222440
run-02177,sample-mp4,aes-192-ofb,7,false,32780,32780,33100,0,0,0,0,0,0,0,1108300,true,200,,windows-amd64-20261006222440
run-02178,sample-mp4,aes-192-ofb,8,false,32780,32780,33100,0,0,0,0,0,0,553000,1117800,true,200,,windows-amd64-20261006222440
run-02179,sample-mp4,aes-192-ofb,9,false,32780,32780,33100,0,0,0,0,0,547000,547000,1216900,true,200,,windows-amd64-20261006222440
run-02180,sample-mp4,aes-192-ofb,10,false,32780,32780,33100,0,0,563000,0,0,0,0,1126200,true,200,,windows-amd64-20261006222440
run-02181,sample-mp4,aes-192-ofb,11,false,32780,32780,33100,0,0,0,0,0,556000,556000,1093400,true,200,,windows-amd64-20261006222440
run-02182,sample-mp4,aes-192-ofb,12,false,32780,32780,33100,0,0,0,0,0,0,0,1645200,true,200,,windows-amd64-20261006222440
run-02183,sample-mp4,aes-192-ofb,13,false,32780,32780,33100,0,0,0,0,0,0,0,1110700,true,200,,windows-amd64-20261006222440
run-02184,sample-mp4,aes-192-ofb,14,false,32780,32780,33100,0,0,0,0,0,544000,544000,544900,true,200,,windows-amd64-20261006222440
run-02185,sample-mp4,aes-192-ofb,15,false,32780,32780,33100,0,0,0,0,0,565000,565000,1639600,true,200,,windows-amd64-20261006222440
run-02186,sample-mp4,aes-192-ofb,16,false,32780,32780,33100,0,0,0,0,0,0,0,545500,true,200,,windows-amd64-20261006222440
run-02187,sample-mp4,aes-192-ofb,17,false,32780,32780,33100,0,0,0,0,533000,0,533000,1066800,true,200,,windows-amd64-20261006222440
run-02188,sample-mp4,aes-192-ofb,18,false,32780,32780,33100,0,0,0,0,0,0,0,915200,true,200,,windows-amd64-20261006222440
run-02189,sample-mp4,aes-192-ofb,19,false,32780,32780,33100,0,0,534000,0,0,0,0,534800,true,200,,windows-amd64-20261006222440
run-02190,sample-mp4,aes-192-ofb,20,false,32780,32780,33100,0,0,0,544000,0,0,544000,1076000,true,200,,windows-amd64-20261006222440
run-02191,sample-mp4,aes-192-ofb,21,false,32780,32780,33100,0,0,0,0,0,0,0,1315400,true,200,,windows-amd64-20261006222440
run-02192,sample-mp4,aes-192-ofb,22,false,32780,32780,33100,0,0,0,0,0,0,0,537400,true,200,,windows-amd64-20261006222440
run-02193,sample-mp4,aes-192-ofb,23,false,32780,32780,33100,0,0,0,0,0,545000,545000,545700,true,200,,windows-amd64-20261006222440
run-02194,sample-mp4,aes-192-ofb,24,false,32780,32780,33100,0,0,0,0,0,533000,533000,533100,true,200,,windows-amd64-20261006222440
run-02195,sample-mp4,aes-192-ofb,25,false,32780,32780,33100,0,0,0,0,0,0,0,538200,true,200,,windows-amd64-20261006222440
run-02196,sample-mp4,aes-192-ofb,26,false,32780,32780,33100,0,0,0,582000,0,0,582000,1160300,true,200,,windows-amd64-20261006222440
run-02197,sample-mp4,aes-192-ofb,27,false,32780,32780,33100,0,0,0,0,0,0,0,539400,true,200,,windows-amd64-20261006222440
run-02198,sample-mp4,aes-192-ofb,28,false,32780,32780,33100,0,0,0,0,539000,0,539000,1083100,true,200,,windows-amd64-20261006222440
run-02199,sample-mp4,aes-192-ofb,29,false,32780,32780,33100,0,0,0,0,0,0,0,1071400,true,200,,windows-amd64-20261006222440
run-02200,sample-mp4,aes-192-ofb,30,false,32780,32780,33100,0,0,0,0,553000,0,553000,1668600,true,200,,windows-amd64-20261006222440
run-02201,sample-mp4,aes-192-ofb,31,false,32780,32780,33100,0,0,0,0,0,0,0,1578400,true,200,,windows-amd64-20261006222440
run-02202,sample-mp4,aes-192-ofb,32,false,32780,32780,33100,0,0,0,0,0,0,0,0,true,200,,windows-amd64-20261006222440
run-02203,sample-mp4,aes-192-ofb,33,false,32780,32780,33100,0,0,0,0,1672000,0,1672000,1672600,true,200,,windows-amd64-20261006222440
run-02204,sample-mp4,aes-192-ofb,34,false,32780,32780,33100,0,0,1012000,0,0,0,0,1012000,true,200,,windows-amd64-20261006222440
run-02205,sample-mp4,aes-192-ofb,35,false,32780,32780,33100,0,0,0,0,0,1000000,1000000,1000900,true,200,,windows-amd64-20261006222440
run-02206,sample-mp4,aes-192-ctr,1,true,32780,32780,33100,0,0,0,0,0,0,0,0,true,200,,windows-amd64-20261006222440
run-02207,sample-mp4,aes-192-ctr,2,true,32780,32780,33100,0,0,0,0,0,0,0,996500,true,200,,windows-amd64-20261006222440
run-02208,sample-mp4,aes-192-ctr,3,true,32780,32780,33100,0,0,0,0,0,0,0,1054500,true,200,,windows-amd64-20261006222440
run-02209,sample-mp4,aes-192-ctr,4,true,32780,32780,33100,0,0,0,0,0,0,0,1505600,true,200,,windows-amd64-20261006222440
run-02210,sample-mp4,aes-192-ctr,5,true,32780,32780,33100,0,0,0,0,0,0,0,1006400,true,200,,windows-amd64-20261006222440
run-02211,sample-mp4,aes-192-ctr,6,false,32780,32780,33100,0,0,1000000,0,0,0,0,1000400,true,200,,windows-amd64-20261006222440
run-02212,sample-mp4,aes-192-ctr,7,false,32780,32780,33100,0,0,0,0,0,0,0,1001100,true,200,,windows-amd64-20261006222440
run-02213,sample-mp4,aes-192-ctr,8,false,32780,32780,33100,0,0,0,0,0,0,0,1036800,true,200,,windows-amd64-20261006222440
run-02214,sample-mp4,aes-192-ctr,9,false,32780,32780,33100,0,0,0,0,0,0,0,999300,true,200,,windows-amd64-20261006222440
run-02215,sample-mp4,aes-192-ctr,10,false,32780,32780,33100,0,0,0,0,0,720000,720000,720300,true,200,,windows-amd64-20261006222440
run-02216,sample-mp4,aes-192-ctr,11,false,32780,32780,33100,0,0,0,0,0,0,0,1010000,true,200,,windows-amd64-20261006222440
run-02217,sample-mp4,aes-192-ctr,12,false,32780,32780,33100,0,0,0,0,0,0,0,1511600,true,200,,windows-amd64-20261006222440
run-02218,sample-mp4,aes-192-ctr,13,false,32780,32780,33100,0,0,0,0,0,0,0,0,true,200,,windows-amd64-20261006222440
run-02219,sample-mp4,aes-192-ctr,14,false,32780,32780,33100,0,0,0,0,0,0,0,1551600,true,200,,windows-amd64-20261006222440
run-02220,sample-mp4,aes-192-ctr,15,false,32780,32780,33100,0,0,0,0,0,0,0,1014800,true,200,,windows-amd64-20261006222440
run-02221,sample-mp4,aes-192-ctr,16,false,32780,32780,33100,0,0,0,0,0,0,0,999400,true,200,,windows-amd64-20261006222440
run-02222,sample-mp4,aes-192-ctr,17,false,32780,32780,33100,0,0,0,0,0,0,0,1511500,true,200,,windows-amd64-20261006222440
run-02223,sample-mp4,aes-192-ctr,18,false,32780,32780,33100,0,0,0,0,0,0,0,0,true,200,,windows-amd64-20261006222440
run-02224,sample-mp4,aes-192-ctr,19,false,32780,32780,33100,0,0,0,0,0,0,0,1010400,true,200,,windows-amd64-20261006222440
run-02225,sample-mp4,aes-192-ctr,20,false,32780,32780,33100,0,0,0,0,0,0,0,1037600,true,200,,windows-amd64-20261006222440
run-02226,sample-mp4,aes-192-ctr,21,false,32780,32780,33100,0,0,0,0,0,0,0,0,true,200,,windows-amd64-20261006222440
run-02227,sample-mp4,aes-192-ctr,22,false,32780,32780,33100,0,0,0,0,0,0,0,0,true,200,,windows-amd64-20261006222440
run-02228,sample-mp4,aes-192-ctr,23,false,32780,32780,33100,0,0,0,0,0,0,0,1008200,true,200,,windows-amd64-20261006222440
run-02229,sample-mp4,aes-192-ctr,24,false,32780,32780,33100,0,0,0,0,0,0,0,999700,true,200,,windows-amd64-20261006222440
run-02230,sample-mp4,aes-192-ctr,25,false,32780,32780,33100,0,0,0,0,0,0,0,998400,true,200,,windows-amd64-20261006222440
run-02231,sample-mp4,aes-192-ctr,26,false,32780,32780,33100,0,0,0,0,0,0,0,0,true,200,,windows-amd64-20261006222440
run-02232,sample-mp4,aes-192-ctr,27,false,32780,32780,33100,0,0,0,0,0,0,0,0,true,200,,windows-amd64-20261006222440
run-02233,sample-mp4,aes-192-ctr,28,false,32780,32780,33100,0,0,1509000,0,0,0,0,1509600,true,200,,windows-amd64-20261006222440
run-02234,sample-mp4,aes-192-ctr,29,false,32780,32780,33100,0,0,0,0,0,0,0,0,true,200,,windows-amd64-20261006222440
run-02235,sample-mp4,aes-192-ctr,30,false,32780,32780,33100,0,0,0,0,0,1006999,1006999,1007500,true,200,,windows-amd64-20261006222440
run-02236,sample-mp4,aes-192-ctr,31,false,32780,32780,33100,0,0,0,0,0,0,0,999700,true,200,,windows-amd64-20261006222440
run-02237,sample-mp4,aes-192-ctr,32,false,32780,32780,33100,0,0,0,0,0,0,0,0,true,200,,windows-amd64-20261006222440
run-02238,sample-mp4,aes-192-ctr,33,false,32780,32780,33100,0,0,0,0,0,0,0,0,true,200,,windows-amd64-20261006222440
run-02239,sample-mp4,aes-192-ctr,34,false,32780,32780,33100,0,0,0,0,0,0,0,1506500,true,200,,windows-amd64-20261006222440
run-02240,sample-mp4,aes-192-ctr,35,false,32780,32780,33100,0,0,0,0,0,0,0,0,true,200,,windows-amd64-20261006222440
run-02241,sample-mp4,aes-256-cbc,1,true,32780,32784,33104,0,1010000,0,0,0,0,0,1001300,true,200,,windows-amd64-20261006222440
run-02242,sample-mp4,aes-256-cbc,2,true,32780,32784,33104,0,1010000,0,0,0,0,0,998700,true,200,,windows-amd64-20261006222440
run-02243,sample-mp4,aes-256-cbc,3,true,32780,32784,33104,0,1010000,0,0,0,0,0,0,true,200,,windows-amd64-20261006222440
run-02244,sample-mp4,aes-256-cbc,4,true,32780,32784,33104,0,1010000,0,0,0,0,0,1001900,true,200,,windows-amd64-20261006222440
run-02245,sample-mp4,aes-256-cbc,5,true,32780,32784,33104,0,1010000,0,0,0,0,0,0,true,200,,windows-amd64-20261006222440
run-02246,sample-mp4,aes-256-cbc,6,false,32780,32784,33104,0,1010000,0,0,0,0,0,0,true,200,,windows-amd64-20261006222440
run-02247,sample-mp4,aes-256-cbc,7,false,32780,32784,33104,0,1010000,0,0,0,0,0,2521900,true,200,,windows-amd64-20261006222440
run-02248,sample-mp4,aes-256-cbc,8,false,32780,32784,33104,0,1010000,0,0,0,0,0,0,true,200,,windows-amd64-20261006222440
run-02249,sample-mp4,aes-256-cbc,9,false,32780,32784,33104,0,1010000,999000,0,0,0,0,999300,true,200,,windows-amd64-20261006222440
run-02250,sample-mp4,aes-256-cbc,10,false,32780,32784,33104,0,1010000,0,0,0,0,0,0,true,200,,windows-amd64-20261006222440
run-02251,sample-mp4,aes-256-cbc,11,false,32780,32784,33104,0,1010000,0,0,0,0,0,999400,true,200,,windows-amd64-20261006222440
run-02252,sample-mp4,aes-256-cbc,12,false,32780,32784,33104,0,1010000,0,0,0,0,0,999500,true,200,,windows-amd64-20261006222440
run-02253,sample-mp4,aes-256-cbc,13,false,32780,32784,33104,0,1010000,0,0,0,0,0,0,true,200,,windows-amd64-20261006222440
run-02254,sample-mp4,aes-256-cbc,14,false,32780,32784,33104,0,1010000,0,0,0,0,0,1048400,true,200,,windows-amd64-20261006222440
run-02255,sample-mp4,aes-256-cbc,15,false,32780,32784,33104,0,1010000,0,0,0,0,0,0,true,200,,windows-amd64-20261006222440
run-02256,sample-mp4,aes-256-cbc,16,false,32780,32784,33104,0,1010000,0,0,0,0,0,997700,true,200,,windows-amd64-20261006222440
run-02257,sample-mp4,aes-256-cbc,17,false,32780,32784,33104,0,1010000,0,0,0,0,0,0,true,200,,windows-amd64-20261006222440
run-02258,sample-mp4,aes-256-cbc,18,false,32780,32784,33104,0,1010000,0,0,0,0,0,1001400,true,200,,windows-amd64-20261006222440
run-02259,sample-mp4,aes-256-cbc,19,false,32780,32784,33104,0,1010000,0,0,0,0,0,0,true,200,,windows-amd64-20261006222440
run-02260,sample-mp4,aes-256-cbc,20,false,32780,32784,33104,0,1010000,0,0,0,0,0,1000500,true,200,,windows-amd64-20261006222440
run-02261,sample-mp4,aes-256-cbc,21,false,32780,32784,33104,0,1010000,0,0,0,0,0,998400,true,200,,windows-amd64-20261006222440
run-02262,sample-mp4,aes-256-cbc,22,false,32780,32784,33104,0,1010000,0,0,0,0,0,0,true,200,,windows-amd64-20261006222440
run-02263,sample-mp4,aes-256-cbc,23,false,32780,32784,33104,0,1010000,0,0,0,0,0,1002200,true,200,,windows-amd64-20261006222440
run-02264,sample-mp4,aes-256-cbc,24,false,32780,32784,33104,0,1010000,1502000,0,0,0,0,1502300,true,200,,windows-amd64-20261006222440
run-02265,sample-mp4,aes-256-cbc,25,false,32780,32784,33104,0,1010000,1000000,0,0,0,0,1000700,true,200,,windows-amd64-20261006222440
run-02266,sample-mp4,aes-256-cbc,26,false,32780,32784,33104,0,1010000,998000,0,0,0,0,998500,true,200,,windows-amd64-20261006222440
run-02267,sample-mp4,aes-256-cbc,27,false,32780,32784,33104,0,1010000,0,0,0,0,0,999400,true,200,,windows-amd64-20261006222440
run-02268,sample-mp4,aes-256-cbc,28,false,32780,32784,33104,0,1010000,0,0,0,0,0,0,true,200,,windows-amd64-20261006222440
run-02269,sample-mp4,aes-256-cbc,29,false,32780,32784,33104,0,1010000,0,0,0,0,0,1052000,true,200,,windows-amd64-20261006222440
run-02270,sample-mp4,aes-256-cbc,30,false,32780,32784,33104,0,1010000,0,0,0,0,0,0,true,200,,windows-amd64-20261006222440
run-02271,sample-mp4,aes-256-cbc,31,false,32780,32784,33104,0,1010000,998000,0,0,0,0,998600,true,200,,windows-amd64-20261006222440
run-02272,sample-mp4,aes-256-cbc,32,false,32780,32784,33104,0,1010000,0,0,0,0,0,0,true,200,,windows-amd64-20261006222440
run-02273,sample-mp4,aes-256-cbc,33,false,32780,32784,33104,0,1010000,0,0,0,0,0,1000700,true,200,,windows-amd64-20261006222440
run-02274,sample-mp4,aes-256-cbc,34,false,32780,32784,33104,0,1010000,0,0,0,1000000,1000000,1000200,true,200,,windows-amd64-20261006222440
run-02275,sample-mp4,aes-256-cbc,35,false,32780,32784,33104,0,1010000,0,0,0,0,0,0,true,200,,windows-amd64-20261006222440
run-02276,sample-mp4,aes-256-cfb128,1,true,32780,32780,33103,0,0,0,0,0,0,0,0,true,200,,windows-amd64-20261006222440
run-02277,sample-mp4,aes-256-cfb128,2,true,32780,32780,33103,0,0,1505000,0,0,0,0,1505900,true,200,,windows-amd64-20261006222440
run-02278,sample-mp4,aes-256-cfb128,3,true,32780,32780,33103,0,0,0,0,0,0,0,0,true,200,,windows-amd64-20261006222440
run-02279,sample-mp4,aes-256-cfb128,4,true,32780,32780,33103,0,0,0,0,0,0,0,2006800,true,200,,windows-amd64-20261006222440
run-02280,sample-mp4,aes-256-cfb128,5,true,32780,32780,33103,0,0,0,0,0,0,0,0,true,200,,windows-amd64-20261006222440
run-02281,sample-mp4,aes-256-cfb128,6,false,32780,32780,33103,0,0,0,0,0,0,0,999000,true,200,,windows-amd64-20261006222440
run-02282,sample-mp4,aes-256-cfb128,7,false,32780,32780,33103,0,0,0,0,0,0,0,0,true,200,,windows-amd64-20261006222440
run-02283,sample-mp4,aes-256-cfb128,8,false,32780,32780,33103,0,0,1000999,0,0,0,0,1001400,true,200,,windows-amd64-20261006222440
run-02284,sample-mp4,aes-256-cfb128,9,false,32780,32780,33103,0,0,0,0,0,0,0,0,true,200,,windows-amd64-20261006222440
run-02285,sample-mp4,aes-256-cfb128,10,false,32780,32780,33103,0,0,0,0,0,1060000,1060000,1060000,true,200,,windows-amd64-20261006222440
run-02286,sample-mp4,aes-256-cfb128,11,false,32780,32780,33103,0,0,1000999,0,0,0,0,1001400,true,200,,windows-amd64-20261006222440
run-02287,sample-mp4,aes-256-cfb128,12,false,32780,32780,33103,0,0,0,0,0,0,0,1001100,true,200,,windows-amd64-20261006222440
run-02288,sample-mp4,aes-256-cfb128,13,false,32780,32780,33103,0,0,0,0,0,0,0,1000000,true,200,,windows-amd64-20261006222440
run-02289,sample-mp4,aes-256-cfb128,14,false,32780,32780,33103,0,0,0,0,0,0,0,0,true,200,,windows-amd64-20261006222440
run-02290,sample-mp4,aes-256-cfb128,15,false,32780,32780,33103,0,0,0,0,0,0,0,2055700,true,200,,windows-amd64-20261006222440
run-02291,sample-mp4,aes-256-cfb128,16,false,32780,32780,33103,0,0,0,0,0,0,0,1000700,true,200,,windows-amd64-20261006222440
run-02292,sample-mp4,aes-256-cfb128,17,false,32780,32780,33103,0,0,998000,0,0,0,0,998600,true,200,,windows-amd64-20261006222440
run-02293,sample-mp4,aes-256-cfb128,18,false,32780,32780,33103,0,0,0,0,0,0,0,0,true,200,,windows-amd64-20261006222440
run-02294,sample-mp4,aes-256-cfb128,19,false,32780,32780,33103,0,0,0,0,0,999000,999000,999900,true,200,,windows-amd64-20261006222440
run-02295,sample-mp4,aes-256-cfb128,20,false,32780,32780,33103,0,0,0,0,0,0,0,0,true,200,,windows-amd64-20261006222440
run-02296,sample-mp4,aes-256-cfb128,21,false,32780,32780,33103,0,0,0,0,0,0,0,1001600,true,200,,windows-amd64-20261006222440
run-02297,sample-mp4,aes-256-cfb128,22,false,32780,32780,33103,0,0,1136000,0,0,0,0,1136200,true,200,,windows-amd64-20261006222440
run-02298,sample-mp4,aes-256-cfb128,23,false,32780,32780,33103,0,0,0,0,0,0,0,0,true,200,,windows-amd64-20261006222440
run-02299,sample-mp4,aes-256-cfb128,24,false,32780,32780,33103,0,0,0,0,0,0,0,998800,true,200,,windows-amd64-20261006222440
run-02300,sample-mp4,aes-256-cfb128,25,false,32780,32780,33103,0,0,0,0,0,0,0,999600,true,200,,windows-amd64-20261006222440
run-02301,sample-mp4,aes-256-cfb128,26,false,32780,32780,33103,0,0,0,0,0,0,0,0,true,200,,windows-amd64-20261006222440
run-02302,sample-mp4,aes-256-cfb128,27,false,32780,32780,33103,0,0,0,0,1507000,0,1507000,1507800,true,200,,windows-amd64-20261006222440
run-02303,sample-mp4,aes-256-cfb128,28,false,32780,32780,33103,0,0,0,0,0,0,0,0,true,200,,windows-amd64-20261006222440
run-02304,sample-mp4,aes-256-cfb128,29,false,32780,32780,33103,0,0,0,0,0,0,0,1007400,true,200,,windows-amd64-20261006222440
run-02305,sample-mp4,aes-256-cfb128,30,false,32780,32780,33103,0,0,0,0,0,0,0,0,true,200,,windows-amd64-20261006222440
run-02306,sample-mp4,aes-256-cfb128,31,false,32780,32780,33103,0,0,0,0,0,0,0,1001300,true,200,,windows-amd64-20261006222440
run-02307,sample-mp4,aes-256-cfb128,32,false,32780,32780,33103,0,0,0,0,0,0,0,3516100,true,200,,windows-amd64-20261006222440
run-02308,sample-mp4,aes-256-cfb128,33,false,32780,32780,33103,0,0,0,0,0,0,0,999200,true,200,,windows-amd64-20261006222440
run-02309,sample-mp4,aes-256-cfb128,34,false,32780,32780,33103,0,0,0,0,0,0,0,0,true,200,,windows-amd64-20261006222440
run-02310,sample-mp4,aes-256-cfb128,35,false,32780,32780,33103,0,0,0,0,0,0,0,0,true,200,,windows-amd64-20261006222440
run-02311,sample-mp4,aes-256-ofb,1,true,32780,32780,33100,0,0,0,0,0,0,0,1505700,true,200,,windows-amd64-20261006222440
run-02312,sample-mp4,aes-256-ofb,2,true,32780,32780,33100,0,0,0,0,0,0,0,0,true,200,,windows-amd64-20261006222440
run-02313,sample-mp4,aes-256-ofb,3,true,32780,32780,33100,0,0,0,0,0,0,0,1018400,true,200,,windows-amd64-20261006222440
run-02314,sample-mp4,aes-256-ofb,4,true,32780,32780,33100,0,0,0,0,0,0,0,992000,true,200,,windows-amd64-20261006222440
run-02315,sample-mp4,aes-256-ofb,5,true,32780,32780,33100,0,0,0,0,0,0,0,995600,true,200,,windows-amd64-20261006222440
run-02316,sample-mp4,aes-256-ofb,6,false,32780,32780,33100,0,0,0,0,0,0,0,0,true,200,,windows-amd64-20261006222440
run-02317,sample-mp4,aes-256-ofb,7,false,32780,32780,33100,0,0,0,0,0,0,0,0,true,200,,windows-amd64-20261006222440
run-02318,sample-mp4,aes-256-ofb,8,false,32780,32780,33100,0,0,0,0,0,0,0,0,true,200,,windows-amd64-20261006222440
run-02319,sample-mp4,aes-256-ofb,9,false,32780,32780,33100,0,0,0,0,0,0,0,997300,true,200,,windows-amd64-20261006222440
run-02320,sample-mp4,aes-256-ofb,10,false,32780,32780,33100,0,0,0,0,0,0,0,0,true,200,,windows-amd64-20261006222440
run-02321,sample-mp4,aes-256-ofb,11,false,32780,32780,33100,0,0,0,0,0,0,0,1000000,true,200,,windows-amd64-20261006222440
run-02322,sample-mp4,aes-256-ofb,12,false,32780,32780,33100,0,0,0,0,0,0,0,0,true,200,,windows-amd64-20261006222440
run-02323,sample-mp4,aes-256-ofb,13,false,32780,32780,33100,0,0,0,0,0,0,0,0,true,200,,windows-amd64-20261006222440
run-02324,sample-mp4,aes-256-ofb,14,false,32780,32780,33100,0,0,0,0,1004000,0,1004000,2440600,true,200,,windows-amd64-20261006222440
run-02325,sample-mp4,aes-256-ofb,15,false,32780,32780,33100,0,0,1012000,0,0,0,0,2523500,true,200,,windows-amd64-20261006222440
run-02326,sample-mp4,aes-256-ofb,16,false,32780,32780,33100,0,0,0,0,0,0,0,1991700,true,200,,windows-amd64-20261006222440
run-02327,sample-mp4,aes-256-ofb,17,false,32780,32780,33100,0,0,0,0,0,1000999,1000999,1001700,true,200,,windows-amd64-20261006222440
run-02328,sample-mp4,aes-256-ofb,18,false,32780,32780,33100,0,0,0,0,0,0,0,0,true,200,,windows-amd64-20261006222440
run-02329,sample-mp4,aes-256-ofb,19,false,32780,32780,33100,0,0,0,0,0,0,0,1507300,true,200,,windows-amd64-20261006222440
run-02330,sample-mp4,aes-256-ofb,20,false,32780,32780,33100,0,0,1008999,0,998000,0,998000,2007600,true,200,,windows-amd64-20261006222440
run-02331,sample-mp4,aes-256-ofb,21,false,32780,32780,33100,0,0,0,0,0,0,0,1508700,true,200,,windows-amd64-20261006222440
run-02332,sample-mp4,aes-256-ofb,22,false,32780,32780,33100,0,0,0,0,0,0,0,1010800,true,200,,windows-amd64-20261006222440
run-02333,sample-mp4,aes-256-ofb,23,false,32780,32780,33100,0,0,999000,0,0,0,0,2006100,true,200,,windows-amd64-20261006222440
run-02334,sample-mp4,aes-256-ofb,24,false,32780,32780,33100,0,0,994000,0,0,0,0,994300,true,200,,windows-amd64-20261006222440
run-02335,sample-mp4,aes-256-ofb,25,false,32780,32780,33100,0,0,0,0,0,0,0,1503600,true,200,,windows-amd64-20261006222440
run-02336,sample-mp4,aes-256-ofb,26,false,32780,32780,33100,0,0,0,0,0,0,0,1512300,true,200,,windows-amd64-20261006222440
run-02337,sample-mp4,aes-256-ofb,27,false,32780,32780,33100,0,0,0,0,0,0,0,3133500,true,200,,windows-amd64-20261006222440
run-02338,sample-mp4,aes-256-ofb,28,false,32780,32780,33100,0,0,0,0,0,0,0,1009800,true,200,,windows-amd64-20261006222440
run-02339,sample-mp4,aes-256-ofb,29,false,32780,32780,33100,0,0,0,0,0,0,0,1001400,true,200,,windows-amd64-20261006222440
run-02340,sample-mp4,aes-256-ofb,30,false,32780,32780,33100,0,0,0,0,0,0,0,1002600,true,200,,windows-amd64-20261006222440
run-02341,sample-mp4,aes-256-ofb,31,false,32780,32780,33100,0,0,0,0,0,998000,998000,3000700,true,200,,windows-amd64-20261006222440
run-02342,sample-mp4,aes-256-ofb,32,false,32780,32780,33100,0,0,0,0,1010999,0,1010999,1524300,true,200,,windows-amd64-20261006222440
run-02343,sample-mp4,aes-256-ofb,33,false,32780,32780,33100,0,0,1012000,0,0,0,0,1629100,true,200,,windows-amd64-20261006222440
run-02344,sample-mp4,aes-256-ofb,34,false,32780,32780,33100,0,0,0,0,0,0,0,2088700,true,200,,windows-amd64-20261006222440
run-02345,sample-mp4,aes-256-ofb,35,false,32780,32780,33100,0,0,1000999,0,0,0,0,1001700,true,200,,windows-amd64-20261006222440
run-02346,sample-mp4,aes-256-ctr,1,true,32780,32780,33100,0,1000400,0,0,0,0,0,2999200,true,200,,windows-amd64-20261006222440
run-02347,sample-mp4,aes-256-ctr,2,true,32780,32780,33100,0,1000400,1012999,0,0,0,0,1523800,true,200,,windows-amd64-20261006222440
run-02348,sample-mp4,aes-256-ctr,3,true,32780,32780,33100,0,1000400,0,0,0,527000,527000,1526100,true,200,,windows-amd64-20261006222440
run-02349,sample-mp4,aes-256-ctr,4,true,32780,32780,33100,0,1000400,0,0,0,0,0,1001900,true,200,,windows-amd64-20261006222440
run-02350,sample-mp4,aes-256-ctr,5,true,32780,32780,33100,0,1000400,0,0,0,0,0,1992800,true,200,,windows-amd64-20261006222440
run-02351,sample-mp4,aes-256-ctr,6,false,32780,32780,33100,0,1000400,0,0,0,0,0,0,true,200,,windows-amd64-20261006222440
run-02352,sample-mp4,aes-256-ctr,7,false,32780,32780,33100,0,1000400,0,0,0,0,0,2000700,true,200,,windows-amd64-20261006222440
run-02353,sample-mp4,aes-256-ctr,8,false,32780,32780,33100,0,1000400,0,0,0,0,0,0,true,200,,windows-amd64-20261006222440
run-02354,sample-mp4,aes-256-ctr,9,false,32780,32780,33100,0,1000400,0,0,0,0,0,0,true,200,,windows-amd64-20261006222440
run-02355,sample-mp4,aes-256-ctr,10,false,32780,32780,33100,0,1000400,0,0,0,0,0,1506300,true,200,,windows-amd64-20261006222440
run-02356,sample-mp4,aes-256-ctr,11,false,32780,32780,33100,0,1000400,0,0,0,0,0,0,true,200,,windows-amd64-20261006222440
run-02357,sample-mp4,aes-256-ctr,12,false,32780,32780,33100,0,1000400,0,0,0,0,0,1008200,true,200,,windows-amd64-20261006222440
run-02358,sample-mp4,aes-256-ctr,13,false,32780,32780,33100,0,1000400,1107000,0,0,0,0,2112300,true,200,,windows-amd64-20261006222440
run-02359,sample-mp4,aes-256-ctr,14,false,32780,32780,33100,0,1000400,0,0,0,0,0,990700,true,200,,windows-amd64-20261006222440
run-02360,sample-mp4,aes-256-ctr,15,false,32780,32780,33100,0,1000400,0,0,0,0,0,998600,true,200,,windows-amd64-20261006222440
run-02361,sample-mp4,aes-256-ctr,16,false,32780,32780,33100,0,1000400,0,0,0,0,0,0,true,200,,windows-amd64-20261006222440
run-02362,sample-mp4,aes-256-ctr,17,false,32780,32780,33100,0,1000400,0,0,0,0,0,1004200,true,200,,windows-amd64-20261006222440
run-02363,sample-mp4,aes-256-ctr,18,false,32780,32780,33100,0,1000400,0,0,0,0,0,0,true,200,,windows-amd64-20261006222440
run-02364,sample-mp4,aes-256-ctr,19,false,32780,32780,33100,0,1000400,0,0,0,0,0,993700,true,200,,windows-amd64-20261006222440
run-02365,sample-mp4,aes-256-ctr,20,false,32780,32780,33100,0,1000400,0,0,0,0,0,1000500,true,200,,windows-amd64-20261006222440
run-02366,sample-mp4,aes-256-ctr,21,false,32780,32780,33100,0,1000400,0,0,0,0,0,1003800,true,200,,windows-amd64-20261006222440
run-02367,sample-mp4,aes-256-ctr,22,false,32780,32780,33100,0,1000400,0,0,0,0,0,519900,true,200,,windows-amd64-20261006222440
run-02368,sample-mp4,aes-256-ctr,23,false,32780,32780,33100,0,1000400,0,0,0,0,0,0,true,200,,windows-amd64-20261006222440
run-02369,sample-mp4,aes-256-ctr,24,false,32780,32780,33100,0,1000400,0,0,1505000,0,1505000,1505300,true,200,,windows-amd64-20261006222440
run-02370,sample-mp4,aes-256-ctr,25,false,32780,32780,33100,0,1000400,0,0,0,1018000,1018000,1018400,true,200,,windows-amd64-20261006222440
run-02371,sample-mp4,aes-256-ctr,26,false,32780,32780,33100,0,1000400,994000,0,0,0,0,2993400,true,200,,windows-amd64-20261006222440
run-02372,sample-mp4,aes-256-ctr,27,false,32780,32780,33100,0,1000400,0,0,0,0,0,1002200,true,200,,windows-amd64-20261006222440
run-02373,sample-mp4,aes-256-ctr,28,false,32780,32780,33100,0,1000400,0,0,0,0,0,996100,true,200,,windows-amd64-20261006222440
run-02374,sample-mp4,aes-256-ctr,29,false,32780,32780,33100,0,1000400,0,0,0,0,0,1515600,true,200,,windows-amd64-20261006222440
run-02375,sample-mp4,aes-256-ctr,30,false,32780,32780,33100,0,1000400,0,0,0,0,0,1562200,true,200,,windows-amd64-20261006222440
run-02376,sample-mp4,aes-256-ctr,31,false,32780,32780,33100,0,1000400,0,0,0,0,0,1021500,true,200,,windows-amd64-20261006222440
run-02377,sample-mp4,aes-256-ctr,32,false,32780,32780,33100,0,1000400,0,0,0,0,0,994500,true,200,,windows-amd64-20261006222440
run-02378,sample-mp4,aes-256-ctr,33,false,32780,32780,33100,0,1000400,0,0,994000,0,994000,994100,true,200,,windows-amd64-20261006222440
run-02379,sample-mp4,aes-256-ctr,34,false,32780,32780,33100,0,1000400,1000000,0,0,0,0,1000600,true,200,,windows-amd64-20261006222440
run-02380,sample-mp4,aes-256-ctr,35,false,32780,32780,33100,0,1000400,0,0,0,0,0,0,true,200,,windows-amd64-20261006222440
run-02381,sample-mp4,des-cbc,1,true,32780,32784,33088,998500,998500,0,0,0,1000000,1000000,1000400,true,200,,windows-amd64-20261006222440
run-02382,sample-mp4,des-cbc,2,true,32780,32784,33088,998500,998500,1000999,0,0,0,0,1001100,true,200,,windows-amd64-20261006222440
run-02383,sample-mp4,des-cbc,3,true,32780,32784,33088,998500,998500,0,0,0,1526000,1526000,1526800,true,200,,windows-amd64-20261006222440
run-02384,sample-mp4,des-cbc,4,true,32780,32784,33088,998500,998500,0,0,0,1545000,1545000,1545300,true,200,,windows-amd64-20261006222440
run-02385,sample-mp4,des-cbc,5,true,32780,32784,33088,998500,998500,0,0,0,1008000,1008000,1008000,true,200,,windows-amd64-20261006222440
run-02386,sample-mp4,des-cbc,6,false,32780,32784,33088,998500,998500,0,0,0,0,0,1003800,true,200,,windows-amd64-20261006222440
run-02387,sample-mp4,des-cbc,7,false,32780,32784,33088,998500,998500,0,0,0,0,0,0,true,200,,windows-amd64-20261006222440
run-02388,sample-mp4,des-cbc,8,false,32780,32784,33088,998500,998500,0,0,0,0,0,0,true,200,,windows-amd64-20261006222440
run-02389,sample-mp4,des-cbc,9,false,32780,32784,33088,998500,998500,0,0,0,0,0,998600,true,200,,windows-amd64-20261006222440
run-02390,sample-mp4,des-cbc,10,false,32780,32784,33088,998500,998500,0,0,0,0,0,1000200,true,200,,windows-amd64-20261006222440
run-02391,sample-mp4,des-cbc,11,false,32780,32784,33088,998500,998500,0,0,0,999000,999000,2000900,true,200,,windows-amd64-20261006222440
run-02392,sample-mp4,des-cbc,12,false,32780,32784,33088,998500,998500,0,0,0,1000000,1000000,1000600,true,200,,windows-amd64-20261006222440
run-02393,sample-mp4,des-cbc,13,false,32780,32784,33088,998500,998500,0,0,0,999000,999000,999800,true,200,,windows-amd64-20261006222440
run-02394,sample-mp4,des-cbc,14,false,32780,32784,33088,998500,998500,0,0,0,0,0,0,true,200,,windows-amd64-20261006222440
run-02395,sample-mp4,des-cbc,15,false,32780,32784,33088,998500,998500,0,0,0,1006000,1006000,2155200,true,200,,windows-amd64-20261006222440
run-02396,sample-mp4,des-cbc,16,false,32780,32784,33088,998500,998500,998000,0,0,0,0,998500,true,200,,windows-amd64-20261006222440
run-02397,sample-mp4,des-cbc,17,false,32780,32784,33088,998500,998500,0,0,0,999000,999000,999300,true,200,,windows-amd64-20261006222440
run-02398,sample-mp4,des-cbc,18,false,32780,32784,33088,998500,998500,0,0,0,1004000,1004000,1004500,true,200,,windows-amd64-20261006222440
run-02399,sample-mp4,des-cbc,19,false,32780,32784,33088,998500,998500,0,0,0,0,0,995800,true,200,,windows-amd64-20261006222440
run-02400,sample-mp4,des-cbc,20,false,32780,32784,33088,998500,998500,0,0,0,0,0,1003900,true,200,,windows-amd64-20261006222440
run-02401,sample-mp4,des-cbc,21,false,32780,32784,33088,998500,998500,0,0,996000,0,996000,996200,true,200,,windows-amd64-20261006222440
run-02402,sample-mp4,des-cbc,22,false,32780,32784,33088,998500,998500,0,0,0,1000000,1000000,1000800,true,200,,windows-amd64-20261006222440
run-02403,sample-mp4,des-cbc,23,false,32780,32784,33088,998500,998500,0,0,0,0,0,0,true,200,,windows-amd64-20261006222440
run-02404,sample-mp4,des-cbc,24,false,32780,32784,33088,998500,998500,0,0,0,0,0,1506000,true,200,,windows-amd64-20261006222440
run-02405,sample-mp4,des-cbc,25,false,32780,32784,33088,998500,998500,0,0,0,0,0,3010800,true,200,,windows-amd64-20261006222440
run-02406,sample-mp4,des-cbc,26,false,32780,32784,33088,998500,998500,0,0,0,0,0,0,true,200,,windows-amd64-20261006222440
run-02407,sample-mp4,des-cbc,27,false,32780,32784,33088,998500,998500,0,0,0,0,0,998100,true,200,,windows-amd64-20261006222440
run-02408,sample-mp4,des-cbc,28,false,32780,32784,33088,998500,998500,0,0,0,0,0,999100,true,200,,windows-amd64-20261006222440
run-02409,sample-mp4,des-cbc,29,false,32780,32784,33088,998500,998500,0,0,0,0,0,999400,true,200,,windows-amd64-20261006222440
run-02410,sample-mp4,des-cbc,30,false,32780,32784,33088,998500,998500,0,0,0,1530000,1530000,1530000,true,200,,windows-amd64-20261006222440
run-02411,sample-mp4,des-cbc,31,false,32780,32784,33088,998500,998500,0,798000,0,545000,1344000,1344300,true,200,,windows-amd64-20261006222440
run-02412,sample-mp4,des-cbc,32,false,32780,32784,33088,998500,998500,0,0,0,535000,535000,1107100,true,200,,windows-amd64-20261006222440
run-02413,sample-mp4,des-cbc,33,false,32780,32784,33088,998500,998500,0,0,0,0,0,538200,true,200,,windows-amd64-20261006222440
run-02414,sample-mp4,des-cbc,34,false,32780,32784,33088,998500,998500,0,0,0,0,0,0,true,200,,windows-amd64-20261006222440
run-02415,sample-mp4,des-cbc,35,false,32780,32784,33088,998500,998500,0,0,0,0,0,1001400,true,200,,windows-amd64-20261006222440
run-02416,sample-mp4,rc4-256,1,true,32780,32780,33072,0,0,0,0,0,0,0,998900,true,200,,windows-amd64-20261006222440
run-02417,sample-mp4,rc4-256,2,true,32780,32780,33072,0,0,0,0,0,0,0,0,true,200,,windows-amd64-20261006222440
run-02418,sample-mp4,rc4-256,3,true,32780,32780,33072,0,0,0,0,0,0,0,1505500,true,200,,windows-amd64-20261006222440
run-02419,sample-mp4,rc4-256,4,true,32780,32780,33072,0,0,0,0,0,0,0,0,true,200,,windows-amd64-20261006222440
run-02420,sample-mp4,rc4-256,5,true,32780,32780,33072,0,0,0,0,0,0,0,1007500,true,200,,windows-amd64-20261006222440
run-02421,sample-mp4,rc4-256,6,false,32780,32780,33072,0,0,1000000,0,0,0,0,1000100,true,200,,windows-amd64-20261006222440
run-02422,sample-mp4,rc4-256,7,false,32780,32780,33072,0,0,0,0,0,0,0,0,true,200,,windows-amd64-20261006222440
run-02423,sample-mp4,rc4-256,8,false,32780,32780,33072,0,0,1506000,0,0,0,0,1506300,true,200,,windows-amd64-20261006222440
run-02424,sample-mp4,rc4-256,9,false,32780,32780,33072,0,0,0,0,0,0,0,0,true,200,,windows-amd64-20261006222440
run-02425,sample-mp4,rc4-256,10,false,32780,32780,33072,0,0,0,0,0,1538000,1538000,1538900,true,200,,windows-amd64-20261006222440
run-02426,sample-mp4,rc4-256,11,false,32780,32780,33072,0,0,0,0,0,0,0,526400,true,200,,windows-amd64-20261006222440
run-02427,sample-mp4,rc4-256,12,false,32780,32780,33072,0,0,0,0,0,0,0,1624900,true,200,,windows-amd64-20261006222440
run-02428,sample-mp4,rc4-256,13,false,32780,32780,33072,0,0,0,0,0,1008000,1008000,1008000,true,200,,windows-amd64-20261006222440
run-02429,sample-mp4,rc4-256,14,false,32780,32780,33072,0,0,0,0,0,0,0,0,true,200,,windows-amd64-20261006222440
run-02430,sample-mp4,rc4-256,15,false,32780,32780,33072,0,0,0,0,0,0,0,997600,true,200,,windows-amd64-20261006222440
run-02431,sample-mp4,rc4-256,16,false,32780,32780,33072,0,0,0,0,0,0,0,0,true,200,,windows-amd64-20261006222440
run-02432,sample-mp4,rc4-256,17,false,32780,32780,33072,0,0,0,0,0,0,0,999700,true,200,,windows-amd64-20261006222440
run-02433,sample-mp4,rc4-256,18,false,32780,32780,33072,0,0,0,0,0,0,0,1000100,true,200,,windows-amd64-20261006222440
run-02434,sample-mp4,rc4-256,19,false,32780,32780,33072,0,0,0,0,0,0,0,1000900,true,200,,windows-amd64-20261006222440
run-02435,sample-mp4,rc4-256,20,false,32780,32780,33072,0,0,0,0,0,0,0,0,true,200,,windows-amd64-20261006222440
run-02436,sample-mp4,rc4-256,21,false,32780,32780,33072,0,0,0,0,0,0,0,1000300,true,200,,windows-amd64-20261006222440
run-02437,sample-mp4,rc4-256,22,false,32780,32780,33072,0,0,0,0,0,0,0,0,true,200,,windows-amd64-20261006222440
run-02438,sample-mp4,rc4-256,23,false,32780,32780,33072,0,0,998000,0,0,0,0,998400,true,200,,windows-amd64-20261006222440
run-02439,sample-mp4,rc4-256,24,false,32780,32780,33072,0,0,0,0,0,0,0,0,true,200,,windows-amd64-20261006222440
run-02440,sample-mp4,rc4-256,25,false,32780,32780,33072,0,0,0,0,0,0,0,1505500,true,200,,windows-amd64-20261006222440
run-02441,sample-mp4,rc4-256,26,false,32780,32780,33072,0,0,0,1004999,0,0,1004999,1005300,true,200,,windows-amd64-20261006222440
run-02442,sample-mp4,rc4-256,27,false,32780,32780,33072,0,0,0,0,0,0,0,0,true,200,,windows-amd64-20261006222440
run-02443,sample-mp4,rc4-256,28,false,32780,32780,33072,0,0,0,0,0,0,0,1000100,true,200,,windows-amd64-20261006222440
run-02444,sample-mp4,rc4-256,29,false,32780,32780,33072,0,0,0,0,0,1000000,1000000,1000100,true,200,,windows-amd64-20261006222440
run-02445,sample-mp4,rc4-256,30,false,32780,32780,33072,0,0,0,0,0,0,0,0,true,200,,windows-amd64-20261006222440
run-02446,sample-mp4,rc4-256,31,false,32780,32780,33072,0,0,0,0,0,0,0,1000400,true,200,,windows-amd64-20261006222440
run-02447,sample-mp4,rc4-256,32,false,32780,32780,33072,0,0,0,0,0,0,0,1000300,true,200,,windows-amd64-20261006222440
run-02448,sample-mp4,rc4-256,33,false,32780,32780,33072,0,0,0,0,0,0,0,0,true,200,,windows-amd64-20261006222440
run-02449,sample-mp4,rc4-256,34,false,32780,32780,33072,0,0,0,0,0,0,0,999800,true,200,,windows-amd64-20261006222440
run-02450,sample-mp4,rc4-256,35,false,32780,32780,33072,0,0,0,0,0,1000999,1000999,1001500,true,200,,windows-amd64-20261006222440
run-02451,binary-1kib,aes-128-cbc,1,true,1024,1040,1359,0,0,0,0,0,0,0,0,true,200,,windows-amd64-20261006222440
run-02452,binary-1kib,aes-128-cbc,2,true,1024,1040,1359,0,0,0,0,0,0,0,0,true,200,,windows-amd64-20261006222440
run-02453,binary-1kib,aes-128-cbc,3,true,1024,1040,1359,0,0,0,0,0,0,0,998100,true,200,,windows-amd64-20261006222440
run-02454,binary-1kib,aes-128-cbc,4,true,1024,1040,1359,0,0,0,0,0,0,0,0,true,200,,windows-amd64-20261006222440
run-02455,binary-1kib,aes-128-cbc,5,true,1024,1040,1359,0,0,0,0,0,0,0,0,true,200,,windows-amd64-20261006222440
run-02456,binary-1kib,aes-128-cbc,6,false,1024,1040,1359,0,0,0,0,0,0,0,1506800,true,200,,windows-amd64-20261006222440
run-02457,binary-1kib,aes-128-cbc,7,false,1024,1040,1359,0,0,0,0,0,0,0,0,true,200,,windows-amd64-20261006222440
run-02458,binary-1kib,aes-128-cbc,8,false,1024,1040,1359,0,0,0,0,0,0,0,0,true,200,,windows-amd64-20261006222440
run-02459,binary-1kib,aes-128-cbc,9,false,1024,1040,1359,0,0,0,0,0,0,0,1007000,true,200,,windows-amd64-20261006222440
run-02460,binary-1kib,aes-128-cbc,10,false,1024,1040,1359,0,0,0,0,0,0,0,0,true,200,,windows-amd64-20261006222440
run-02461,binary-1kib,aes-128-cbc,11,false,1024,1040,1359,0,0,0,0,0,0,0,0,true,200,,windows-amd64-20261006222440
run-02462,binary-1kib,aes-128-cbc,12,false,1024,1040,1359,0,0,0,0,0,0,0,1209000,true,200,,windows-amd64-20261006222440
run-02463,binary-1kib,aes-128-cbc,13,false,1024,1040,1359,0,0,0,0,0,0,0,0,true,200,,windows-amd64-20261006222440
run-02464,binary-1kib,aes-128-cbc,14,false,1024,1040,1359,0,0,0,0,0,0,0,999800,true,200,,windows-amd64-20261006222440
run-02465,binary-1kib,aes-128-cbc,15,false,1024,1040,1359,0,0,0,0,0,0,0,0,true,200,,windows-amd64-20261006222440
run-02466,binary-1kib,aes-128-cbc,16,false,1024,1040,1359,0,0,0,0,0,0,0,0,true,200,,windows-amd64-20261006222440
run-02467,binary-1kib,aes-128-cbc,17,false,1024,1040,1359,0,0,0,0,0,0,0,0,true,200,,windows-amd64-20261006222440
run-02468,binary-1kib,aes-128-cbc,18,false,1024,1040,1359,0,0,0,0,0,0,0,999800,true,200,,windows-amd64-20261006222440
run-02469,binary-1kib,aes-128-cbc,19,false,1024,1040,1359,0,0,0,0,0,0,0,0,true,200,,windows-amd64-20261006222440
run-02470,binary-1kib,aes-128-cbc,20,false,1024,1040,1359,0,0,0,0,0,0,0,0,true,200,,windows-amd64-20261006222440
run-02471,binary-1kib,aes-128-cbc,21,false,1024,1040,1359,0,0,0,0,0,0,0,0,true,200,,windows-amd64-20261006222440
run-02472,binary-1kib,aes-128-cbc,22,false,1024,1040,1359,0,0,0,0,0,0,0,0,true,200,,windows-amd64-20261006222440
run-02473,binary-1kib,aes-128-cbc,23,false,1024,1040,1359,0,0,0,0,0,0,0,1000300,true,200,,windows-amd64-20261006222440
run-02474,binary-1kib,aes-128-cbc,24,false,1024,1040,1359,0,0,0,0,0,0,0,0,true,200,,windows-amd64-20261006222440
run-02475,binary-1kib,aes-128-cbc,25,false,1024,1040,1359,0,0,0,0,0,0,0,0,true,200,,windows-amd64-20261006222440
run-02476,binary-1kib,aes-128-cbc,26,false,1024,1040,1359,0,0,0,0,0,0,0,0,true,200,,windows-amd64-20261006222440
run-02477,binary-1kib,aes-128-cbc,27,false,1024,1040,1359,0,0,0,0,0,0,0,999100,true,200,,windows-amd64-20261006222440
run-02478,binary-1kib,aes-128-cbc,28,false,1024,1040,1359,0,0,0,0,0,0,0,0,true,200,,windows-amd64-20261006222440
run-02479,binary-1kib,aes-128-cbc,29,false,1024,1040,1359,0,0,0,0,0,0,0,0,true,200,,windows-amd64-20261006222440
run-02480,binary-1kib,aes-128-cbc,30,false,1024,1040,1359,0,0,0,0,0,0,0,0,true,200,,windows-amd64-20261006222440
run-02481,binary-1kib,aes-128-cbc,31,false,1024,1040,1359,0,0,0,0,0,0,0,1000400,true,200,,windows-amd64-20261006222440
run-02482,binary-1kib,aes-128-cbc,32,false,1024,1040,1359,0,0,0,0,0,0,0,0,true,200,,windows-amd64-20261006222440
run-02483,binary-1kib,aes-128-cbc,33,false,1024,1040,1359,0,0,0,0,0,0,0,0,true,200,,windows-amd64-20261006222440
run-02484,binary-1kib,aes-128-cbc,34,false,1024,1040,1359,0,0,0,0,0,0,0,0,true,200,,windows-amd64-20261006222440
run-02485,binary-1kib,aes-128-cbc,35,false,1024,1040,1359,0,0,0,0,0,0,0,999800,true,200,,windows-amd64-20261006222440
run-02486,binary-1kib,aes-128-cfb128,1,true,1024,1024,1346,0,0,0,0,0,0,0,0,true,200,,windows-amd64-20261006222440
run-02487,binary-1kib,aes-128-cfb128,2,true,1024,1024,1346,0,0,0,0,0,0,0,0,true,200,,windows-amd64-20261006222440
run-02488,binary-1kib,aes-128-cfb128,3,true,1024,1024,1346,0,0,0,0,0,0,0,0,true,200,,windows-amd64-20261006222440
run-02489,binary-1kib,aes-128-cfb128,4,true,1024,1024,1346,0,0,0,0,0,0,0,0,true,200,,windows-amd64-20261006222440
run-02490,binary-1kib,aes-128-cfb128,5,true,1024,1024,1346,0,0,0,0,0,0,0,1506600,true,200,,windows-amd64-20261006222440
run-02491,binary-1kib,aes-128-cfb128,6,false,1024,1024,1346,0,0,0,0,0,0,0,0,true,200,,windows-amd64-20261006222440
run-02492,binary-1kib,aes-128-cfb128,7,false,1024,1024,1346,0,0,0,0,0,0,0,0,true,200,,windows-amd64-20261006222440
run-02493,binary-1kib,aes-128-cfb128,8,false,1024,1024,1346,0,0,0,0,0,0,0,0,true,200,,windows-amd64-20261006222440
run-02494,binary-1kib,aes-128-cfb128,9,false,1024,1024,1346,0,0,0,0,0,0,0,1528300,true,200,,windows-amd64-20261006222440
run-02495,binary-1kib,aes-128-cfb128,10,false,1024,1024,1346,0,0,0,0,0,0,0,1010700,true,200,,windows-amd64-20261006222440
run-02496,binary-1kib,aes-128-cfb128,11,false,1024,1024,1346,0,0,0,0,0,0,0,0,true,200,,windows-amd64-20261006222440
run-02497,binary-1kib,aes-128-cfb128,12,false,1024,1024,1346,0,0,0,0,0,0,0,1001200,true,200,,windows-amd64-20261006222440
run-02498,binary-1kib,aes-128-cfb128,13,false,1024,1024,1346,0,0,0,0,0,0,0,997700,true,200,,windows-amd64-20261006222440
run-02499,binary-1kib,aes-128-cfb128,14,false,1024,1024,1346,0,0,0,0,0,0,0,0,true,200,,windows-amd64-20261006222440
run-02500,binary-1kib,aes-128-cfb128,15,false,1024,1024,1346,0,0,0,0,0,0,0,0,true,200,,windows-amd64-20261006222440
run-02501,binary-1kib,aes-128-cfb128,16,false,1024,1024,1346,0,0,0,0,0,0,0,0,true,200,,windows-amd64-20261006222440
run-02502,binary-1kib,aes-128-cfb128,17,false,1024,1024,1346,0,0,0,0,0,0,0,1999500,true,200,,windows-amd64-20261006222440
run-02503,binary-1kib,aes-128-cfb128,18,false,1024,1024,1346,0,0,0,0,0,0,0,0,true,200,,windows-amd64-20261006222440
run-02504,binary-1kib,aes-128-cfb128,19,false,1024,1024,1346,0,0,0,0,0,0,0,0,true,200,,windows-amd64-20261006222440
run-02505,binary-1kib,aes-128-cfb128,20,false,1024,1024,1346,0,0,0,0,0,0,0,1020400,true,200,,windows-amd64-20261006222440
run-02506,binary-1kib,aes-128-cfb128,21,false,1024,1024,1346,0,0,0,0,0,0,0,0,true,200,,windows-amd64-20261006222440
run-02507,binary-1kib,aes-128-cfb128,22,false,1024,1024,1346,0,0,0,0,0,0,0,978500,true,200,,windows-amd64-20261006222440
run-02508,binary-1kib,aes-128-cfb128,23,false,1024,1024,1346,0,0,0,0,0,0,0,0,true,200,,windows-amd64-20261006222440
run-02509,binary-1kib,aes-128-cfb128,24,false,1024,1024,1346,0,0,0,0,0,0,0,0,true,200,,windows-amd64-20261006222440
run-02510,binary-1kib,aes-128-cfb128,25,false,1024,1024,1346,0,0,0,0,0,0,0,0,true,200,,windows-amd64-20261006222440
run-02511,binary-1kib,aes-128-cfb128,26,false,1024,1024,1346,0,0,0,0,0,0,0,0,true,200,,windows-amd64-20261006222440
run-02512,binary-1kib,aes-128-cfb128,27,false,1024,1024,1346,0,0,0,0,0,0,0,1504400,true,200,,windows-amd64-20261006222440
run-02513,binary-1kib,aes-128-cfb128,28,false,1024,1024,1346,0,0,0,0,0,0,0,0,true,200,,windows-amd64-20261006222440
run-02514,binary-1kib,aes-128-cfb128,29,false,1024,1024,1346,0,0,0,0,0,0,0,0,true,200,,windows-amd64-20261006222440
run-02515,binary-1kib,aes-128-cfb128,30,false,1024,1024,1346,0,0,0,0,0,0,0,1004900,true,200,,windows-amd64-20261006222440
run-02516,binary-1kib,aes-128-cfb128,31,false,1024,1024,1346,0,0,0,0,0,0,0,0,true,200,,windows-amd64-20261006222440
run-02517,binary-1kib,aes-128-cfb128,32,false,1024,1024,1346,0,0,1000999,0,0,0,0,1001300,true,200,,windows-amd64-20261006222440
run-02518,binary-1kib,aes-128-cfb128,33,false,1024,1024,1346,0,0,0,0,0,0,0,0,true,200,,windows-amd64-20261006222440
run-02519,binary-1kib,aes-128-cfb128,34,false,1024,1024,1346,0,0,0,0,0,0,0,0,true,200,,windows-amd64-20261006222440
run-02520,binary-1kib,aes-128-cfb128,35,false,1024,1024,1346,0,0,0,0,0,0,0,1053900,true,200,,windows-amd64-20261006222440
run-02521,binary-1kib,aes-128-ofb,1,true,1024,1024,1343,0,0,0,0,0,0,0,0,true,200,,windows-amd64-20261006222440
run-02522,binary-1kib,aes-128-ofb,2,true,1024,1024,1343,0,0,0,0,0,0,0,0,true,200,,windows-amd64-20261006222440
run-02523,binary-1kib,aes-128-ofb,3,true,1024,1024,1343,0,0,0,0,0,0,0,999300,true,200,,windows-amd64-20261006222440
run-02524,binary-1kib,aes-128-ofb,4,true,1024,1024,1343,0,0,0,0,0,0,0,0,true,200,,windows-amd64-20261006222440
run-02525,binary-1kib,aes-128-ofb,5,true,1024,1024,1343,0,0,0,0,0,0,0,0,true,200,,windows-amd64-20261006222440
run-02526,binary-1kib,aes-128-ofb,6,false,1024,1024,1343,0,0,0,0,0,0,0,1001400,true,200,,windows-amd64-20261006222440
run-02527,binary-1kib,aes-128-ofb,7,false,1024,1024,1343,0,0,0,0,0,0,0,0,true,200,,windows-amd64-20261006222440
run-02528,binary-1kib,aes-128-ofb,8,false,1024,1024,1343,0,0,997000,0,0,0,0,997700,true,200,,windows-amd64-20261006222440
run-02529,binary-1kib,aes-128-ofb,9,false,1024,1024,1343,0,0,0,0,0,0,0,0,true,200,,windows-amd64-20261006222440
run-02530,binary-1kib,aes-128-ofb,10,false,1024,1024,1343,0,0,0,0,0,0,0,0,true,200,,windows-amd64-20261006222440
run-02531,binary-1kib,aes-128-ofb,11,false,1024,1024,1343,0,0,0,0,0,0,0,1000900,true,200,,windows-amd64-20261006222440
run-02532,binary-1kib,aes-128-ofb,12,false,1024,1024,1343,0,0,0,0,0,0,0,0,true,200,,windows-amd64-20261006222440
run-02533,binary-1kib,aes-128-ofb,13,false,1024,1024,1343,0,0,0,0,0,0,0,0,true,200,,windows-amd64-20261006222440
run-02534,binary-1kib,aes-128-ofb,14,false,1024,1024,1343,0,0,0,0,0,0,0,0,true,200,,windows-amd64-20261006222440
run-02535,binary-1kib,aes-128-ofb,15,false,1024,1024,1343,0,0,1506000,0,0,0,0,1506200,true,200,,windows-amd64-20261006222440
run-02536,binary-1kib,aes-128-ofb,16,false,1024,1024,1343,0,0,0,0,0,0,0,621300,true,200,,windows-amd64-20261006222440
run-02537,binary-1kib,aes-128-ofb,17,false,1024,1024,1343,0,0,0,0,0,0,0,0,true,200,,windows-amd64-20261006222440
run-02538,binary-1kib,aes-128-ofb,18,false,1024,1024,1343,0,0,0,0,0,0,0,1007800,true,200,,windows-amd64-20261006222440
run-02539,binary-1kib,aes-128-ofb,19,false,1024,1024,1343,0,0,0,0,0,0,0,0,true,200,,windows-amd64-20261006222440
run-02540,binary-1kib,aes-128-ofb,20,false,1024,1024,1343,0,0,0,0,0,0,0,0,true,200,,windows-amd64-20261006222440
run-02541,binary-1kib,aes-128-ofb,21,false,1024,1024,1343,0,0,0,0,0,0,0,0,true,200,,windows-amd64-20261006222440
run-02542,binary-1kib,aes-128-ofb,22,false,1024,1024,1343,0,0,0,0,0,0,0,0,true,200,,windows-amd64-20261006222440
run-02543,binary-1kib,aes-128-ofb,23,false,1024,1024,1343,0,0,0,0,0,0,0,0,true,200,,windows-amd64-20261006222440
run-02544,binary-1kib,aes-128-ofb,24,false,1024,1024,1343,0,0,0,0,0,0,0,1000200,true,200,,windows-amd64-20261006222440
run-02545,binary-1kib,aes-128-ofb,25,false,1024,1024,1343,0,0,0,0,0,0,0,0,true,200,,windows-amd64-20261006222440
run-02546,binary-1kib,aes-128-ofb,26,false,1024,1024,1343,0,0,0,0,0,0,0,0,true,200,,windows-amd64-20261006222440
run-02547,binary-1kib,aes-128-ofb,27,false,1024,1024,1343,0,0,0,0,0,0,0,1109000,true,200,,windows-amd64-20261006222440
run-02548,binary-1kib,aes-128-ofb,28,false,1024,1024,1343,0,0,0,0,0,0,0,0,true,200,,windows-amd64-20261006222440
run-02549,binary-1kib,aes-128-ofb,29,false,1024,1024,1343,0,0,0,0,0,0,0,1000100,true,200,,windows-amd64-20261006222440
run-02550,binary-1kib,aes-128-ofb,30,false,1024,1024,1343,0,0,0,0,0,0,0,0,true,200,,windows-amd64-20261006222440
run-02551,binary-1kib,aes-128-ofb,31,false,1024,1024,1343,0,0,0,0,0,0,0,0,true,200,,windows-amd64-20261006222440
run-02552,binary-1kib,aes-128-ofb,32,false,1024,1024,1343,0,0,0,0,0,0,0,1000200,true,200,,windows-amd64-20261006222440
run-02553,binary-1kib,aes-128-ofb,33,false,1024,1024,1343,0,0,0,0,0,0,0,0,true,200,,windows-amd64-20261006222440
run-02554,binary-1kib,aes-128-ofb,34,false,1024,1024,1343,0,0,999000,0,0,0,0,999800,true,200,,windows-amd64-20261006222440
run-02555,binary-1kib,aes-128-ofb,35,false,1024,1024,1343,0,0,0,0,0,0,0,0,true,200,,windows-amd64-20261006222440
run-02556,binary-1kib,aes-128-ctr,1,true,1024,1024,1343,0,0,0,0,0,0,0,0,true,200,,windows-amd64-20261006222440
run-02557,binary-1kib,aes-128-ctr,2,true,1024,1024,1343,0,0,0,0,0,0,0,1000500,true,200,,windows-amd64-20261006222440
run-02558,binary-1kib,aes-128-ctr,3,true,1024,1024,1343,0,0,0,0,0,0,0,0,true,200,,windows-amd64-20261006222440
run-02559,binary-1kib,aes-128-ctr,4,true,1024,1024,1343,0,0,0,0,0,0,0,0,true,200,,windows-amd64-20261006222440
run-02560,binary-1kib,aes-128-ctr,5,true,1024,1024,1343,0,0,0,0,0,0,0,0,true,200,,windows-amd64-20261006222440
run-02561,binary-1kib,aes-128-ctr,6,false,1024,1024,1343,0,0,0,0,0,0,0,999200,true,200,,windows-amd64-20261006222440
run-02562,binary-1kib,aes-128-ctr,7,false,1024,1024,1343,0,0,0,0,0,0,0,0,true,200,,windows-amd64-20261006222440
run-02563,binary-1kib,aes-128-ctr,8,false,1024,1024,1343,0,0,0,0,0,0,0,0,true,200,,windows-amd64-20261006222440
run-02564,binary-1kib,aes-128-ctr,9,false,1024,1024,1343,0,0,0,0,0,0,0,0,true,200,,windows-amd64-20261006222440
run-02565,binary-1kib,aes-128-ctr,10,false,1024,1024,1343,0,0,0,0,0,0,0,0,true,200,,windows-amd64-20261006222440
run-02566,binary-1kib,aes-128-ctr,11,false,1024,1024,1343,0,0,0,0,0,0,0,0,true,200,,windows-amd64-20261006222440
run-02567,binary-1kib,aes-128-ctr,12,false,1024,1024,1343,0,0,0,0,0,0,0,1505200,true,200,,windows-amd64-20261006222440
run-02568,binary-1kib,aes-128-ctr,13,false,1024,1024,1343,0,0,0,0,0,0,0,0,true,200,,windows-amd64-20261006222440
run-02569,binary-1kib,aes-128-ctr,14,false,1024,1024,1343,0,0,0,0,0,0,0,0,true,200,,windows-amd64-20261006222440
run-02570,binary-1kib,aes-128-ctr,15,false,1024,1024,1343,0,0,0,0,0,0,0,0,true,200,,windows-amd64-20261006222440
run-02571,binary-1kib,aes-128-ctr,16,false,1024,1024,1343,0,0,0,0,0,0,0,1007000,true,200,,windows-amd64-20261006222440
run-02572,binary-1kib,aes-128-ctr,17,false,1024,1024,1343,0,0,0,0,0,0,0,0,true,200,,windows-amd64-20261006222440
run-02573,binary-1kib,aes-128-ctr,18,false,1024,1024,1343,0,0,0,0,0,0,0,0,true,200,,windows-amd64-20261006222440
run-02574,binary-1kib,aes-128-ctr,19,false,1024,1024,1343,0,0,0,0,0,0,0,0,true,200,,windows-amd64-20261006222440
run-02575,binary-1kib,aes-128-ctr,20,false,1024,1024,1343,0,0,0,0,0,0,0,1505800,true,200,,windows-amd64-20261006222440
run-02576,binary-1kib,aes-128-ctr,21,false,1024,1024,1343,0,0,0,0,0,0,0,0,true,200,,windows-amd64-20261006222440
run-02577,binary-1kib,aes-128-ctr,22,false,1024,1024,1343,0,0,0,0,0,0,0,0,true,200,,windows-amd64-20261006222440
run-02578,binary-1kib,aes-128-ctr,23,false,1024,1024,1343,0,0,0,0,0,0,0,0,true,200,,windows-amd64-20261006222440
run-02579,binary-1kib,aes-128-ctr,24,false,1024,1024,1343,0,0,0,0,0,0,0,2011700,true,200,,windows-amd64-20261006222440
run-02580,binary-1kib,aes-128-ctr,25,false,1024,1024,1343,0,0,0,0,0,0,0,999700,true,200,,windows-amd64-20261006222440
run-02581,binary-1kib,aes-128-ctr,26,false,1024,1024,1343,0,0,0,0,0,0,0,996300,true,200,,windows-amd64-20261006222440
run-02582,binary-1kib,aes-128-ctr,27,false,1024,1024,1343,0,0,0,0,0,0,0,0,true,200,,windows-amd64-20261006222440
run-02583,binary-1kib,aes-128-ctr,28,false,1024,1024,1343,0,0,0,0,0,0,0,0,true,200,,windows-amd64-20261006222440
run-02584,binary-1kib,aes-128-ctr,29,false,1024,1024,1343,0,0,0,0,0,0,0,999600,true,200,,windows-amd64-20261006222440
run-02585,binary-1kib,aes-128-ctr,30,false,1024,1024,1343,0,0,0,0,0,0,0,0,true,200,,windows-amd64-20261006222440
run-02586,binary-1kib,aes-128-ctr,31,false,1024,1024,1343,0,0,0,0,0,0,0,1000800,true,200,,windows-amd64-20261006222440
run-02587,binary-1kib,aes-128-ctr,32,false,1024,1024,1343,0,0,0,0,0,0,0,0,true,200,,windows-amd64-20261006222440
run-02588,binary-1kib,aes-128-ctr,33,false,1024,1024,1343,0,0,0,0,0,0,0,0,true,200,,windows-amd64-20261006222440
run-02589,binary-1kib,aes-128-ctr,34,false,1024,1024,1343,0,0,0,0,0,0,0,0,true,200,,windows-amd64-20261006222440
run-02590,binary-1kib,aes-128-ctr,35,false,1024,1024,1343,0,0,0,0,0,0,0,1504700,true,200,,windows-amd64-20261006222440
run-02591,binary-1kib,aes-192-cbc,1,true,1024,1040,1359,0,0,0,0,0,0,0,0,true,200,,windows-amd64-20261006222440
run-02592,binary-1kib,aes-192-cbc,2,true,1024,1040,1359,0,0,0,1006999,0,0,1006999,1007700,true,200,,windows-amd64-20261006222440
run-02593,binary-1kib,aes-192-cbc,3,true,1024,1040,1359,0,0,0,0,0,0,0,0,true,200,,windows-amd64-20261006222440
run-02594,binary-1kib,aes-192-cbc,4,true,1024,1040,1359,0,0,0,0,0,0,0,0,true,200,,windows-amd64-20261006222440
run-02595,binary-1kib,aes-192-cbc,5,true,1024,1040,1359,0,0,0,0,0,0,0,1000100,true,200,,windows-amd64-20261006222440
run-02596,binary-1kib,aes-192-cbc,6,false,1024,1040,1359,0,0,0,0,0,0,0,0,true,200,,windows-amd64-20261006222440
run-02597,binary-1kib,aes-192-cbc,7,false,1024,1040,1359,0,0,0,0,0,0,0,0,true,200,,windows-amd64-20261006222440
run-02598,binary-1kib,aes-192-cbc,8,false,1024,1040,1359,0,0,0,0,0,0,0,999500,true,200,,windows-amd64-20261006222440
run-02599,binary-1kib,aes-192-cbc,9,false,1024,1040,1359,0,0,0,0,0,0,0,1060500,true,200,,windows-amd64-20261006222440
run-02600,binary-1kib,aes-192-cbc,10,false,1024,1040,1359,0,0,0,0,0,0,0,0,true,200,,windows-amd64-20261006222440
run-02601,binary-1kib,aes-192-cbc,11,false,1024,1040,1359,0,0,0,0,0,0,0,1000600,true,200,,windows-amd64-20261006222440
run-02602,binary-1kib,aes-192-cbc,12,false,1024,1040,1359,0,0,0,0,0,0,0,0,true,200,,windows-amd64-20261006222440
run-02603,binary-1kib,aes-192-cbc,13,false,1024,1040,1359,0,0,0,0,0,0,0,0,true,200,,windows-amd64-20261006222440
run-02604,binary-1kib,aes-192-cbc,14,false,1024,1040,1359,0,0,0,0,0,0,0,998700,true,200,,windows-amd64-20261006222440
run-02605,binary-1kib,aes-192-cbc,15,false,1024,1040,1359,0,0,0,0,0,0,0,0,true,200,,windows-amd64-20261006222440
run-02606,binary-1kib,aes-192-cbc,16,false,1024,1040,1359,0,0,0,0,0,0,0,0,true,200,,windows-amd64-20261006222440
run-02607,binary-1kib,aes-192-cbc,17,false,1024,1040,1359,0,0,0,0,0,0,0,1001400,true,200,,windows-amd64-20261006222440
run-02608,binary-1kib,aes-192-cbc,18,false,1024,1040,1359,0,0,0,0,0,0,0,0,true,200,,windows-amd64-20261006222440
run-02609,binary-1kib,aes-192-cbc,19,false,1024,1040,1359,0,0,0,0,0,0,0,0,true,200,,windows-amd64-20261006222440
run-02610,binary-1kib,aes-192-cbc,20,false,1024,1040,1359,0,0,0,0,0,0,0,0,true,200,,windows-amd64-20261006222440
run-02611,binary-1kib,aes-192-cbc,21,false,1024,1040,1359,0,0,0,0,0,0,0,998700,true,200,,windows-amd64-20261006222440
run-02612,binary-1kib,aes-192-cbc,22,false,1024,1040,1359,0,0,0,0,0,0,0,0,true,200,,windows-amd64-20261006222440
run-02613,binary-1kib,aes-192-cbc,23,false,1024,1040,1359,0,0,0,0,0,0,0,0,true,200,,windows-amd64-20261006222440
run-02614,binary-1kib,aes-192-cbc,24,false,1024,1040,1359,0,0,0,0,0,0,0,0,true,200,,windows-amd64-20261006222440
run-02615,binary-1kib,aes-192-cbc,25,false,1024,1040,1359,0,0,0,0,0,0,0,1000100,true,200,,windows-amd64-20261006222440
run-02616,binary-1kib,aes-192-cbc,26,false,1024,1040,1359,0,0,0,0,0,0,0,1001200,true,200,,windows-amd64-20261006222440
run-02617,binary-1kib,aes-192-cbc,27,false,1024,1040,1359,0,0,0,0,0,0,0,507800,true,200,,windows-amd64-20261006222440
run-02618,binary-1kib,aes-192-cbc,28,false,1024,1040,1359,0,0,1006999,0,0,0,0,1007900,true,200,,windows-amd64-20261006222440
run-02619,binary-1kib,aes-192-cbc,29,false,1024,1040,1359,0,0,0,0,0,0,0,0,true,200,,windows-amd64-20261006222440
run-02620,binary-1kib,aes-192-cbc,30,false,1024,1040,1359,0,0,0,0,0,0,0,0,true,200,,windows-amd64-20261006222440
run-02621,binary-1kib,aes-192-cbc,31,false,1024,1040,1359,0,0,0,0,0,0,0,1507000,true,200,,windows-amd64-20261006222440
run-02622,binary-1kib,aes-192-cbc,32,false,1024,1040,1359,0,0,0,0,0,0,0,0,true,200,,windows-amd64-20261006222440
run-02623,binary-1kib,aes-192-cbc,33,false,1024,1040,1359,0,0,0,0,0,0,0,1007800,true,200,,windows-amd64-20261006222440
run-02624,binary-1kib,aes-192-cbc,34,false,1024,1040,1359,0,0,0,0,0,0,0,0,true,200,,windows-amd64-20261006222440
run-02625,binary-1kib,aes-192-cbc,35,false,1024,1040,1359,0,0,0,0,0,0,0,999500,true,200,,windows-amd64-20261006222440
run-02626,binary-1kib,aes-192-cfb128,1,true,1024,1024,1346,0,0,0,0,0,0,0,1001700,true,200,,windows-amd64-20261006222440
run-02627,binary-1kib,aes-192-cfb128,2,true,1024,1024,1346,0,0,0,0,0,0,0,0,true,200,,windows-amd64-20261006222440
run-02628,binary-1kib,aes-192-cfb128,3,true,1024,1024,1346,0,0,0,0,0,0,0,0,true,200,,windows-amd64-20261006222440
run-02629,binary-1kib,aes-192-cfb128,4,true,1024,1024,1346,0,0,0,0,0,0,0,1000900,true,200,,windows-amd64-20261006222440
run-02630,binary-1kib,aes-192-cfb128,5,true,1024,1024,1346,0,0,0,0,0,0,0,0,true,200,,windows-amd64-20261006222440
run-02631,binary-1kib,aes-192-cfb128,6,false,1024,1024,1346,0,0,0,0,0,0,0,996200,true,200,,windows-amd64-20261006222440
run-02632,binary-1kib,aes-192-cfb128,7,false,1024,1024,1346,0,0,0,0,0,0,0,0,true,200,,windows-amd64-20261006222440
run-02633,binary-1kib,aes-192-cfb128,8,false,1024,1024,1346,0,0,0,0,0,0,0,0,true,200,,windows-amd64-20261006222440
run-02634,binary-1kib,aes-192-cfb128,9,false,1024,1024,1346,0,0,0,0,0,0,0,1000700,true,200,,windows-amd64-20261006222440
run-02635,binary-1kib,aes-192-cfb128,10,false,1024,1024,1346,0,0,0,0,0,0,0,0,true,200,,windows-amd64-20261006222440
run-02636,binary-1kib,aes-192-cfb128,11,false,1024,1024,1346,0,0,0,0,0,0,0,999100,true,200,,windows-amd64-20261006222440
run-02637,binary-1kib,aes-192-cfb128,12,false,1024,1024,1346,0,0,0,0,0,0,0,0,true,200,,windows-amd64-20261006222440
run-02638,binary-1kib,aes-192-cfb128,13,false,1024,1024,1346,0,0,0,0,0,0,0,0,true,200,,windows-amd64-20261006222440
run-02639,binary-1kib,aes-192-cfb128,14,false,1024,1024,1346,0,0,0,0,0,0,0,0,true,200,,windows-amd64-20261006222440
run-02640,binary-1kib,aes-192-cfb128,15,false,1024,1024,1346,0,0,0,0,0,0,0,1036900,true,200,,windows-amd64-20261006222440
run-02641,binary-1kib,aes-192-cfb128,16,false,1024,1024,1346,0,0,0,0,0,0,0,0,true,200,,windows-amd64-20261006222440
run-02642,binary-1kib,aes-192-cfb128,17,false,1024,1024,1346,0,0,0,0,0,0,0,1001400,true,200,,windows-amd64-20261006222440
run-02643,binary-1kib,aes-192-cfb128,18,false,1024,1024,1346,0,0,0,0,0,0,0,0,true,200,,windows-amd64-20261006222440
run-02644,binary-1kib,aes-192-cfb128,19,false,1024,1024,1346,0,0,0,0,0,0,0,0,true,200,,windows-amd64-20261006222440
run-02645,binary-1kib,aes-192-cfb128,20,false,1024,1024,1346,0,0,0,0,0,0,0,0,true,200,,windows-amd64-20261006222440
run-02646,binary-1kib,aes-192-cfb128,21,false,1024,1024,1346,0,0,0,0,0,0,0,999000,true,200,,windows-amd64-20261006222440
run-02647,binary-1kib,aes-192-cfb128,22,false,1024,1024,1346,0,0,0,0,0,0,0,0,true,200,,windows-amd64-20261006222440
run-02648,binary-1kib,aes-192-cfb128,23,false,1024,1024,1346,0,0,0,0,0,0,0,0,true,200,,windows-amd64-20261006222440
run-02649,binary-1kib,aes-192-cfb128,24,false,1024,1024,1346,0,0,0,0,0,0,0,0,true,200,,windows-amd64-20261006222440
run-02650,binary-1kib,aes-192-cfb128,25,false,1024,1024,1346,0,0,0,0,0,0,0,0,true,200,,windows-amd64-20261006222440
run-02651,binary-1kib,aes-192-cfb128,26,false,1024,1024,1346,0,0,0,0,0,0,0,1156900,true,200,,windows-amd64-20261006222440
run-02652,binary-1kib,aes-192-cfb128,27,false,1024,1024,1346,0,0,0,0,0,0,0,1002000,true,200,,windows-amd64-20261006222440
run-02653,binary-1kib,aes-192-cfb128,28,false,1024,1024,1346,0,0,0,0,0,0,0,506700,true,200,,windows-amd64-20261006222440
run-02654,binary-1kib,aes-192-cfb128,29,false,1024,1024,1346,0,0,0,0,0,0,0,1001600,true,200,,windows-amd64-20261006222440
run-02655,binary-1kib,aes-192-cfb128,30,false,1024,1024,1346,0,0,1000999,0,0,0,0,1001100,true,200,,windows-amd64-20261006222440
run-02656,binary-1kib,aes-192-cfb128,31,false,1024,1024,1346,0,0,0,0,0,0,0,0,true,200,,windows-amd64-20261006222440
run-02657,binary-1kib,aes-192-cfb128,32,false,1024,1024,1346,0,0,0,0,0,0,0,0,true,200,,windows-amd64-20261006222440
run-02658,binary-1kib,aes-192-cfb128,33,false,1024,1024,1346,0,0,0,0,0,0,0,1583200,true,200,,windows-amd64-20261006222440
run-02659,binary-1kib,aes-192-cfb128,34,false,1024,1024,1346,0,0,0,0,0,0,0,0,true,200,,windows-amd64-20261006222440
run-02660,binary-1kib,aes-192-cfb128,35,false,1024,1024,1346,0,0,0,0,0,0,0,1008000,true,200,,windows-amd64-20261006222440
run-02661,binary-1kib,aes-192-ofb,1,true,1024,1024,1343,0,0,0,0,0,0,0,0,true,200,,windows-amd64-20261006222440
run-02662,binary-1kib,aes-192-ofb,2,true,1024,1024,1343,0,0,0,0,0,0,0,0,true,200,,windows-amd64-20261006222440
run-02663,binary-1kib,aes-192-ofb,3,true,1024,1024,1343,0,0,0,0,0,0,0,999800,true,200,,windows-amd64-20261006222440
run-02664,binary-1kib,aes-192-ofb,4,true,1024,1024,1343,0,0,0,0,0,0,0,0,true,200,,windows-amd64-20261006222440
run-02665,binary-1kib,aes-192-ofb,5,true,1024,1024,1343,0,0,0,0,0,0,0,998500,true,200,,windows-amd64-20261006222440
run-02666,binary-1kib,aes-192-ofb,6,false,1024,1024,1343,0,0,0,0,0,0,0,0,true,200,,windows-amd64-20261006222440
run-02667,binary-1kib,aes-192-ofb,7,false,1024,1024,1343,0,0,0,0,0,0,0,0,true,200,,windows-amd64-20261006222440
run-02668,binary-1kib,aes-192-ofb,8,false,1024,1024,1343,0,0,0,0,0,0,0,0,true,200,,windows-amd64-20261006222440
run-02669,binary-1kib,aes-192-ofb,9,false,1024,1024,1343,0,0,0,0,0,0,0,1089200,true,200,,windows-amd64-20261006222440
run-02670,binary-1kib,aes-192-ofb,10,false,1024,1024,1343,0,0,0,0,0,0,0,0,true,200,,windows-amd64-20261006222440
run-02671,binary-1kib,aes-192-ofb,11,false,1024,1024,1343,0,0,0,0,0,0,0,0,true,200,,windows-amd64-20261006222440
run-02672,binary-1kib,aes-192-ofb,12,false,1024,1024,1343,0,0,0,0,0,0,0,1000500,true,200,,windows-amd64-20261006222440
run-02673,binary-1kib,aes-192-ofb,13,false,1024,1024,1343,0,0,0,0,0,0,0,0,true,200,,windows-amd64-20261006222440
run-02674,binary-1kib,aes-192-ofb,14,false,1024,1024,1343,0,0,999000,0,0,0,0,999500,true,200,,windows-amd64-20261006222440
run-02675,binary-1kib,aes-192-ofb,15,false,1024,1024,1343,0,0,0,0,0,0,0,0,true,200,,windows-amd64-20261006222440
run-02676,binary-1kib,aes-192-ofb,16,false,1024,1024,1343,0,0,0,0,0,0,0,0,true,200,,windows-amd64-20261006222440
run-02677,binary-1kib,aes-192-ofb,17,false,1024,1024,1343,0,0,0,0,0,0,0,0,true,200,,windows-amd64-20261006222440
run-02678,binary-1kib,aes-192-ofb,18,false,1024,1024,1343,0,0,0,0,0,0,0,999800,true,200,,windows-amd64-20261006222440
run-02679,binary-1kib,aes-192-ofb,19,false,1024,1024,1343,0,0,0,0,0,0,0,0,true,200,,windows-amd64-20261006222440
run-02680,binary-1kib,aes-192-ofb,20,false,1024,1024,1343,0,0,0,0,0,0,0,0,true,200,,windows-amd64-20261006222440
run-02681,binary-1kib,aes-192-ofb,21,false,1024,1024,1343,0,0,0,0,0,0,0,0,true,200,,windows-amd64-20261006222440
run-02682,binary-1kib,aes-192-ofb,22,false,1024,1024,1343,0,0,0,0,0,0,0,999500,true,200,,windows-amd64-20261006222440
run-02683,binary-1kib,aes-192-ofb,23,false,1024,1024,1343,0,0,0,0,0,0,0,0,true,200,,windows-amd64-20261006222440
run-02684,binary-1kib,aes-192-ofb,24,false,1024,1024,1343,0,0,0,0,0,0,0,0,true,200,,windows-amd64-20261006222440
run-02685,binary-1kib,aes-192-ofb,25,false,1024,1024,1343,0,0,0,0,0,0,0,0,true,200,,windows-amd64-20261006222440
run-02686,binary-1kib,aes-192-ofb,26,false,1024,1024,1343,0,0,0,0,0,0,0,1506900,true,200,,windows-amd64-20261006222440
run-02687,binary-1kib,aes-192-ofb,27,false,1024,1024,1343,0,0,0,0,0,0,0,659400,true,200,,windows-amd64-20261006222440
run-02688,binary-1kib,aes-192-ofb,28,false,1024,1024,1343,0,0,0,0,0,0,0,0,true,200,,windows-amd64-20261006222440
run-02689,binary-1kib,aes-192-ofb,29,false,1024,1024,1343,0,0,0,0,0,0,0,1007600,true,200,,windows-amd64-20261006222440
run-02690,binary-1kib,aes-192-ofb,30,false,1024,1024,1343,0,0,0,0,0,0,0,0,true,200,,windows-amd64-20261006222440
run-02691,binary-1kib,aes-192-ofb,31,false,1024,1024,1343,0,0,0,0,0,0,0,0,true,200,,windows-amd64-20261006222440
run-02692,binary-1kib,aes-192-ofb,32,false,1024,1024,1343,0,0,999000,0,0,0,0,999600,true,200,,windows-amd64-20261006222440
run-02693,binary-1kib,aes-192-ofb,33,false,1024,1024,1343,0,0,0,0,0,0,0,0,true,200,,windows-amd64-20261006222440
run-02694,binary-1kib,aes-192-ofb,34,false,1024,1024,1343,0,0,0,0,0,0,0,0,true,200,,windows-amd64-20261006222440
run-02695,binary-1kib,aes-192-ofb,35,false,1024,1024,1343,0,0,0,0,0,0,0,1000000,true,200,,windows-amd64-20261006222440
run-02696,binary-1kib,aes-192-ctr,1,true,1024,1024,1343,0,0,0,0,0,0,0,0,true,200,,windows-amd64-20261006222440
run-02697,binary-1kib,aes-192-ctr,2,true,1024,1024,1343,0,0,0,0,0,0,0,0,true,200,,windows-amd64-20261006222440
run-02698,binary-1kib,aes-192-ctr,3,true,1024,1024,1343,0,0,0,0,0,0,0,0,true,200,,windows-amd64-20261006222440
run-02699,binary-1kib,aes-192-ctr,4,true,1024,1024,1343,0,0,0,0,0,0,0,1339000,true,200,,windows-amd64-20261006222440
run-02700,binary-1kib,aes-192-ctr,5,true,1024,1024,1343,0,0,0,0,0,0,0,0,true,200,,windows-amd64-20261006222440
run-02701,binary-1kib,aes-192-ctr,6,false,1024,1024,1343,0,0,0,0,0,0,0,1049400,true,200,,windows-amd64-20261006222440
run-02702,binary-1kib,aes-192-ctr,7,false,1024,1024,1343,0,0,0,0,0,0,0,0,true,200,,windows-amd64-20261006222440
run-02703,binary-1kib,aes-192-ctr,8,false,1024,1024,1343,0,0,0,0,0,0,0,946600,true,200,,windows-amd64-20261006222440
run-02704,binary-1kib,aes-192-ctr,9,false,1024,1024,1343,0,0,0,0,0,0,0,0,true,200,,windows-amd64-20261006222440
run-02705,binary-1kib,aes-192-ctr,10,false,1024,1024,1343,0,0,0,0,0,0,0,0,true,200,,windows-amd64-20261006222440
run-02706,binary-1kib,aes-192-ctr,11,false,1024,1024,1343,0,0,0,0,0,0,0,0,true,200,,windows-amd64-20261006222440
run-02707,binary-1kib,aes-192-ctr,12,false,1024,1024,1343,0,0,0,0,0,0,0,999700,true,200,,windows-amd64-20261006222440
run-02708,binary-1kib,aes-192-ctr,13,false,1024,1024,1343,0,0,0,0,0,0,0,0,true,200,,windows-amd64-20261006222440
run-02709,binary-1kib,aes-192-ctr,14,false,1024,1024,1343,0,0,0,0,0,0,0,0,true,200,,windows-amd64-20261006222440
run-02710,binary-1kib,aes-192-ctr,15,false,1024,1024,1343,0,0,0,0,0,0,0,1000100,true,200,,windows-amd64-20261006222440
run-02711,binary-1kib,aes-192-ctr,16,false,1024,1024,1343,0,0,0,0,0,0,0,0,true,200,,windows-amd64-20261006222440
run-02712,binary-1kib,aes-192-ctr,17,false,1024,1024,1343,0,0,0,0,0,0,0,0,true,200,,windows-amd64-20261006222440
run-02713,binary-1kib,aes-192-ctr,18,false,1024,1024,1343,0,0,0,0,0,0,0,999300,true,200,,windows-amd64-20261006222440
run-02714,binary-1kib,aes-192-ctr,19,false,1024,1024,1343,0,0,0,0,0,0,0,0,true,200,,windows-amd64-20261006222440
run-02715,binary-1kib,aes-192-ctr,20,false,1024,1024,1343,0,0,0,0,0,0,0,1037600,true,200,,windows-amd64-20261006222440
run-02716,binary-1kib,aes-192-ctr,21,false,1024,1024,1343,0,0,0,0,0,0,0,0,true,200,,windows-amd64-20261006222440
run-02717,binary-1kib,aes-192-ctr,22,false,1024,1024,1343,0,0,0,0,0,0,0,1000700,true,200,,windows-amd64-20261006222440
run-02718,binary-1kib,aes-192-ctr,23,false,1024,1024,1343,0,0,0,0,0,0,0,0,true,200,,windows-amd64-20261006222440
run-02719,binary-1kib,aes-192-ctr,24,false,1024,1024,1343,0,0,0,0,0,0,0,0,true,200,,windows-amd64-20261006222440
run-02720,binary-1kib,aes-192-ctr,25,false,1024,1024,1343,0,0,0,0,0,0,0,0,true,200,,windows-amd64-20261006222440
run-02721,binary-1kib,aes-192-ctr,26,false,1024,1024,1343,0,0,0,0,0,0,0,1002500,true,200,,windows-amd64-20261006222440
run-02722,binary-1kib,aes-192-ctr,27,false,1024,1024,1343,0,0,0,0,0,0,0,0,true,200,,windows-amd64-20261006222440
run-02723,binary-1kib,aes-192-ctr,28,false,1024,1024,1343,0,0,998000,0,0,0,0,998400,true,200,,windows-amd64-20261006222440
run-02724,binary-1kib,aes-192-ctr,29,false,1024,1024,1343,0,0,0,0,0,0,0,0,true,200,,windows-amd64-20261006222440
run-02725,binary-1kib,aes-192-ctr,30,false,1024,1024,1343,0,0,0,0,0,0,0,0,true,200,,windows-amd64-20261006222440
run-02726,binary-1kib,aes-192-ctr,31,false,1024,1024,1343,0,0,0,0,0,0,0,1112900,true,200,,windows-amd64-20261006222440
run-02727,binary-1kib,aes-192-ctr,32,false,1024,1024,1343,0,0,0,0,0,0,0,1004400,true,200,,windows-amd64-20261006222440
run-02728,binary-1kib,aes-192-ctr,33,false,1024,1024,1343,0,0,0,0,0,0,0,0,true,200,,windows-amd64-20261006222440
run-02729,binary-1kib,aes-192-ctr,34,false,1024,1024,1343,0,0,0,0,0,0,0,997300,true,200,,windows-amd64-20261006222440
run-02730,binary-1kib,aes-192-ctr,35,false,1024,1024,1343,0,0,0,0,0,0,0,0,true,200,,windows-amd64-20261006222440
run-02731,binary-1kib,aes-256-cbc,1,true,1024,1040,1359,0,0,0,0,0,0,0,0,true,200,,windows-amd64-20261006222440
run-02732,binary-1kib,aes-256-cbc,2,true,1024,1040,1359,0,0,0,0,0,0,0,999800,true,200,,windows-amd64-20261006222440
run-02733,binary-1kib,aes-256-cbc,3,true,1024,1040,1359,0,0,0,0,0,0,0,0,true,200,,windows-amd64-20261006222440
run-02734,binary-1kib,aes-256-cbc,4,true,1024,1040,1359,0,0,0,0,0,0,0,0,true,200,,windows-amd64-20261006222440
run-02735,binary-1kib,aes-256-cbc,5,true,1024,1040,1359,0,0,0,0,0,0,0,999300,true,200,,windows-amd64-20261006222440
run-02736,binary-1kib,aes-256-cbc,6,false,1024,1040,1359,0,0,0,0,0,0,0,0,true,200,,windows-amd64-20261006222440
run-02737,binary-1kib,aes-256-cbc,7,false,1024,1040,1359,0,0,0,0,0,0,0,1000800,true,200,,windows-amd64-20261006222440
run-02738,binary-1kib,aes-256-cbc,8,false,1024,1040,1359,0,0,0,0,0,0,0,1139800,true,200,,windows-amd64-20261006222440
run-02739,binary-1kib,aes-256-cbc,9,false,1024,1040,1359,0,0,0,0,0,0,0,0,true,200,,windows-amd64-20261006222440
run-02740,binary-1kib,aes-256-cbc,10,false,1024,1040,1359,0,0,577000,0,0,0,0,3142400,true,200,,windows-amd64-20261006222440
run-02741,binary-1kib,aes-256-cbc,11,false,1024,1040,1359,0,0,0,0,0,0,0,0,true,200,,windows-amd64-20261006222440
run-02742,binary-1kib,aes-256-cbc,12,false,1024,1040,1359,0,0,0,0,0,0,0,1006900,true,200,,windows-amd64-20261006222440
run-02743,binary-1kib,aes-256-cbc,13,false,1024,1040,1359,0,0,0,0,0,0,0,0,true,200,,windows-amd64-20261006222440
run-02744,binary-1kib,aes-256-cbc,14,false,1024,1040,1359,0,0,0,0,0,0,0,0,true,200,,windows-amd64-20261006222440
run-02745,binary-1kib,aes-256-cbc,15,false,1024,1040,1359,0,0,0,0,0,0,0,1001000,true,200,,windows-amd64-20261006222440
run-02746,binary-1kib,aes-256-cbc,16,false,1024,1040,1359,0,0,0,0,0,0,0,0,true,200,,windows-amd64-20261006222440
run-02747,binary-1kib,aes-256-cbc,17,false,1024,1040,1359,0,0,0,0,0,0,0,0,true,200,,windows-amd64-20261006222440
run-02748,binary-1kib,aes-256-cbc,18,false,1024,1040,1359,0,0,998000,0,0,0,0,998300,true,200,,windows-amd64-20261006222440
run-02749,binary-1kib,aes-256-cbc,19,false,1024,1040,1359,0,0,0,0,0,0,0,0,true,200,,windows-amd64-20261006222440
run-02750,binary-1kib,aes-256-cbc,20,false,1024,1040,1359,0,0,0,0,0,0,0,1000500,true,200,,windows-amd64-20261006222440
run-02751,binary-1kib,aes-256-cbc,21,false,1024,1040,1359,0,0,0,0,0,0,0,0,true,200,,windows-amd64-20261006222440
run-02752,binary-1kib,aes-256-cbc,22,false,1024,1040,1359,0,0,0,0,0,0,0,0,true,200,,windows-amd64-20261006222440
run-02753,binary-1kib,aes-256-cbc,23,false,1024,1040,1359,0,0,0,0,0,0,0,0,true,200,,windows-amd64-20261006222440
run-02754,binary-1kib,aes-256-cbc,24,false,1024,1040,1359,0,0,0,0,0,0,0,1511500,true,200,,windows-amd64-20261006222440
run-02755,binary-1kib,aes-256-cbc,25,false,1024,1040,1359,0,0,0,0,0,0,0,0,true,200,,windows-amd64-20261006222440
run-02756,binary-1kib,aes-256-cbc,26,false,1024,1040,1359,0,0,0,0,0,0,1006000,1006800,true,200,,windows-amd64-20261006222440
run-02757,binary-1kib,aes-256-cbc,27,false,1024,1040,1359,0,0,0,0,0,0,0,2000300,true,200,,windows-amd64-20261006222440
run-02758,binary-1kib,aes-256-cbc,28,false,1024,1040,1359,0,0,0,0,0,0,0,0,true,200,,windows-amd64-20261006222440
run-02759,binary-1kib,aes-256-cbc,29,false,1024,1040,1359,0,0,0,0,0,0,0,0,true,200,,windows-amd64-20261006222440
run-02760,binary-1kib,aes-256-cbc,30,false,1024,1040,1359,0,0,1507000,0,0,0,0,1507700,true,200,,windows-amd64-20261006222440
run-02761,binary-1kib,aes-256-cbc,31,false,1024,1040,1359,0,0,0,0,0,0,0,0,true,200,,windows-amd64-20261006222440
run-02762,binary-1kib,aes-256-cbc,32,false,1024,1040,1359,0,0,0,0,0,0,0,0,true,200,,windows-amd64-20261006222440
run-02763,binary-1kib,aes-256-cbc,33,false,1024,1040,1359,0,0,0,0,0,0,0,0,true,200,,windows-amd64-20261006222440
run-02764,binary-1kib,aes-256-cbc,34,false,1024,1040,1359,0,0,0,0,0,0,0,1007000,true,200,,windows-amd64-20261006222440
run-02765,binary-1kib,aes-256-cbc,35,false,1024,1040,1359,0,0,0,0,0,0,0,0,true,200,,windows-amd64-20261006222440
run-02766,binary-1kib,aes-256-cfb128,1,true,1024,1024,1346,0,0,0,0,0,0,0,0,true,200,,windows-amd64-20261006222440
run-02767,binary-1kib,aes-256-cfb128,2,true,1024,1024,1346,0,0,0,0,0,0,0,1001500,true,200,,windows-amd64-20261006222440
run-02768,binary-1kib,aes-256-cfb128,3,true,1024,1024,1346,0,0,0,0,0,0,0,0,true,200,,windows-amd64-20261006222440
run-02769,binary-1kib,aes-256-cfb128,4,true,1024,1024,1346,0,0,0,0,0,0,0,999000,true,200,,windows-amd64-20261006222440
run-02770,binary-1kib,aes-256-cfb128,5,true,1024,1024,1346,0,0,0,0,0,0,0,0,true,200,,windows-amd64-20261006222440
run-02771,binary-1kib,aes-256-cfb128,6,false,1024,1024,1346,0,0,0,0,0,0,0,0,true,200,,windows-amd64-20261006222440
run-02772,binary-1kib,aes-256-cfb128,7,false,1024,1024,1346,0,0,0,0,0,0,0,0,true,200,,windows-amd64-20261006222440
run-02773,binary-1kib,aes-256-cfb128,8,false,1024,1024,1346,0,0,0,0,0,0,0,0,true,200,,windows-amd64-20261006222440
run-02774,binary-1kib,aes-256-cfb128,9,false,1024,1024,1346,0,0,0,0,0,0,0,0,true,200,,windows-amd64-20261006222440
run-02775,binary-1kib,aes-256-cfb128,10,false,1024,1024,1346,0,0,0,0,0,0,0,0,true,200,,windows-amd64-20261006222440
run-02776,binary-1kib,aes-256-cfb128,11,false,1024,1024,1346,0,0,0,0,0,0,0,1507200,true,200,,windows-amd64-20261006222440
run-02777,binary-1kib,aes-256-cfb128,12,false,1024,1024,1346,0,0,0,0,0,0,0,0,true,200,,windows-amd64-20261006222440
run-02778,binary-1kib,aes-256-cfb128,13,false,1024,1024,1346,0,0,0,0,0,0,0,1006600,true,200,,windows-amd64-20261006222440
run-02779,binary-1kib,aes-256-cfb128,14,false,1024,1024,1346,0,0,0,0,0,0,0,0,true,200,,windows-amd64-20261006222440
run-02780,binary-1kib,aes-256-cfb128,15,false,1024,1024,1346,0,0,0,0,1000000,0,1000000,1000800,true,200,,windows-amd64-20261006222440
run-02781,binary-1kib,aes-256-cfb128,16,false,1024,1024,1346,0,0,0,0,0,0,0,0,true,200,,windows-amd64-20261006222440
run-02782,binary-1kib,aes-256-cfb128,17,false,1024,1024,1346,0,0,0,0,0,0,0,0,true,200,,windows-amd64-20261006222440
run-02783,binary-1kib,aes-256-cfb128,18,false,1024,1024,1346,0,0,0,0,0,0,0,1000100,true,200,,windows-amd64-20261006222440
run-02784,binary-1kib,aes-256-cfb128,19,false,1024,1024,1346,0,0,0,0,0,0,0,0,true,200,,windows-amd64-20261006222440
run-02785,binary-1kib,aes-256-cfb128,20,false,1024,1024,1346,0,0,0,0,0,0,0,0,true,200,,windows-amd64-20261006222440
run-02786,binary-1kib,aes-256-cfb128,21,false,1024,1024,1346,0,0,0,0,0,0,0,0,true,200,,windows-amd64-20261006222440
run-02787,binary-1kib,aes-256-cfb128,22,false,1024,1024,1346,0,0,0,0,0,0,0,999200,true,200,,windows-amd64-20261006222440
run-02788,binary-1kib,aes-256-cfb128,23,false,1024,1024,1346,0,0,0,0,0,0,0,0,true,200,,windows-amd64-20261006222440
run-02789,binary-1kib,aes-256-cfb128,24,false,1024,1024,1346,0,0,0,0,0,0,0,1002200,true,200,,windows-amd64-20261006222440
run-02790,binary-1kib,aes-256-cfb128,25,false,1024,1024,1346,0,0,599000,0,0,0,0,599100,true,200,,windows-amd64-20261006222440
run-02791,binary-1kib,aes-256-cfb128,26,false,1024,1024,1346,0,0,0,0,0,0,0,0,true,200,,windows-amd64-20261006222440
run-02792,binary-1kib,aes-256-cfb128,27,false,1024,1024,1346,0,0,0,0,0,0,0,1148700,true,200,,windows-amd64-20261006222440
run-02793,binary-1kib,aes-256-cfb128,28,false,1024,1024,1346,0,0,0,0,0,0,0,0,true,200,,windows-amd64-20261006222440
run-02794,binary-1kib,aes-256-cfb128,29,false,1024,1024,1346,0,0,0,0,0,0,0,530100,true,200,,windows-amd64-20261006222440
run-02795,binary-1kib,aes-256-cfb128,30,false,1024,1024,1346,0,0,0,0,0,0,0,531300,true,200,,windows-amd64-20261006222440
run-02796,binary-1kib,aes-256-cfb128,31,false,1024,1024,1346,0,0,0,0,0,0,0,0,true,200,,windows-amd64-20261006222440
run-02797,binary-1kib,aes-256-cfb128,32,false,1024,1024,1346,0,0,0,0,0,0,0,0,true,200,,windows-amd64-20261006222440
run-02798,binary-1kib,aes-256-cfb128,33,false,1024,1024,1346,0,0,0,0,0,0,0,532900,true,200,,windows-amd64-20261006222440
run-02799,binary-1kib,aes-256-cfb128,34,false,1024,1024,1346,0,0,0,0,0,0,0,530400,true,200,,windows-amd64-20261006222440
run-02800,binary-1kib,aes-256-cfb128,35,false,1024,1024,1346,0,0,0,0,0,0,0,0,true,200,,windows-amd64-20261006222440
run-02801,binary-1kib,aes-256-ofb,1,true,1024,1024,1343,0,0,0,0,0,0,0,529800,true,200,,windows-amd64-20261006222440
run-02802,binary-1kib,aes-256-ofb,2,true,1024,1024,1343,0,0,0,0,0,0,515000,515600,true,200,,windows-amd64-20261006222440
run-02803,binary-1kib,aes-256-ofb,3,true,1024,1024,1343,0,0,0,0,0,0,0,0,true,200,,windows-amd64-20261006222440
run-02804,binary-1kib,aes-256-ofb,4,true,1024,1024,1343,0,0,0,0,0,0,0,535800,true,200,,windows-amd64-20261006222440
run-02805,binary-1kib,aes-256-ofb,5,true,1024,1024,1343,0,0,0,0,0,0,0,533200,true,200,,windows-amd64-20261006222440
run-02806,binary-1kib,aes-256-ofb,6,false,1024,1024,1343,0,0,0,0,0,0,0,0,true,200,,windows-amd64-20261006222440
run-02807,binary-1kib,aes-256-ofb,7,false,1024,1024,1343,0,0,0,0,0,0,0,532500,true,200,,windows-amd64-20261006222440
run-02808,binary-1kib,aes-256-ofb,8,false,1024,1024,1343,0,0,0,0,0,0,0,536800,true,200,,windows-amd64-20261006222440
run-02809,binary-1kib,aes-256-ofb,9,false,1024,1024,1343,0,0,0,0,0,0,0,0,true,200,,windows-amd64-20261006222440
run-02810,binary-1kib,aes-256-ofb,10,false,1024,1024,1343,0,0,0,0,0,0,0,534200,true,200,,windows-amd64-20261006222440
run-02811,binary-1kib,aes-256-ofb,11,false,1024,1024,1343,0,0,0,0,0,0,0,0,true,200,,windows-amd64-20261006222440
run-02812,binary-1kib,aes-256-ofb,12,false,1024,1024,1343,0,0,560000,0,0,0,0,560100,true,200,,windows-amd64-20261006222440
run-02813,binary-1kib,aes-256-ofb,13,false,1024,1024,1343,0,0,0,0,0,0,0,532100,true,200,,windows-amd64-20261006222440
run-02814,binary-1kib,aes-256-ofb,14,false,1024,1024,1343,0,0,0,0,0,0,0,534700,true,200,,windows-amd64-20261006222440
run-02815,binary-1kib,aes-256-ofb,15,false,1024,1024,1343,0,0,0,0,0,0,0,523000,true,200,,windows-amd64-20261006222440
run-02816,binary-1kib,aes-256-ofb,16,false,1024,1024,1343,0,0,0,0,0,0,0,536100,true,200,,windows-amd64-20261006222440
run-02817,binary-1kib,aes-256-ofb,17,false,1024,1024,1343,0,0,0,0,0,0,0,532400,true,200,,windows-amd64-20261006222440
run-02818,binary-1kib,aes-256-ofb,18,false,1024,1024,1343,0,0,0,0,0,0,0,540100,true,200,,windows-amd64-20261006222440
run-02819,binary-1kib,aes-256-ofb,19,false,1024,1024,1343,0,0,0,0,0,0,0,0,true,200,,windows-amd64-20261006222440
run-02820,binary-1kib,aes-256-ofb,20,false,1024,1024,1343,0,0,0,0,0,0,0,525600,true,200,,windows-amd64-20261006222440
run-02821,binary-1kib,aes-256-ofb,21,false,1024,1024,1343,0,0,0,0,0,0,0,0,true,200,,windows-amd64-20261006222440
run-02822,binary-1kib,aes-256-ofb,22,false,1024,1024,1343,0,0,0,0,0,0,0,1048300,true,200,,windows-amd64-20261006222440
run-02823,binary-1kib,aes-256-ofb,23,false,1024,1024,1343,0,0,0,0,0,0,0,0,true,200,,windows-amd64-20261006222440
run-02824,binary-1kib,aes-256-ofb,24,false,1024,1024,1343,0,0,0,0,0,0,0,529100,true,200,,windows-amd64-20261006222440
run-02825,binary-1kib,aes-256-ofb,25,false,1024,1024,1343,0,0,0,0,0,0,0,0,true,200,,windows-amd64-20261006222440
run-02826,binary-1kib,aes-256-ofb,26,false,1024,1024,1343,0,0,0,0,0,0,0,513800,true,200,,windows-amd64-20261006222440
run-02827,binary-1kib,aes-256-ofb,27,false,1024,1024,1343,0,0,0,0,0,0,0,0,true,200,,windows-amd64-20261006222440
run-02828,binary-1kib,aes-256-ofb,28,false,1024,1024,1343,0,0,0,0,0,0,0,530800,true,200,,windows-amd64-20261006222440
run-02829,binary-1kib,aes-256-ofb,29,false,1024,1024,1343,0,0,0,0,0,0,0,0,true,200,,windows-amd64-20261006222440
run-02830,binary-1kib,aes-256-ofb,30,false,1024,1024,1343,0,0,0,0,0,0,0,1224200,true,200,,windows-amd64-20261006222440
run-02831,binary-1kib,aes-256-ofb,31,false,1024,1024,1343,0,0,0,0,0,0,524000,524900,true,200,,windows-amd64-20261006222440
run-02832,binary-1kib,aes-256-ofb,32,false,1024,1024,1343,0,0,0,0,0,0,0,0,true,200,,windows-amd64-20261006222440
run-02833,binary-1kib,aes-256-ofb,33,false,1024,1024,1343,0,0,0,0,0,0,0,518300,true,200,,windows-amd64-20261006222440
run-02834,binary-1kib,aes-256-ofb,34,false,1024,1024,1343,0,0,0,0,0,0,0,0,true,200,,windows-amd64-20261006222440
run-02835,binary-1kib,aes-256-ofb,35,false,1024,1024,1343,0,0,0,0,0,0,0,532800,true,200,,windows-amd64-20261006222440
run-02836,binary-1kib,aes-256-ctr,1,true,1024,1024,1343,0,0,0,0,0,0,0,0,true,200,,windows-amd64-20261006222440
run-02837,binary-1kib,aes-256-ctr,2,true,1024,1024,1343,0,0,0,0,0,0,0,530600,true,200,,windows-amd64-20261006222440
run-02838,binary-1kib,aes-256-ctr,3,true,1024,1024,1343,0,0,0,0,0,0,0,0,true,200,,windows-amd64-20261006222440
run-02839,binary-1kib,aes-256-ctr,4,true,1024,1024,1343,0,0,0,0,0,0,0,554800,true,200,,windows-amd64-20261006222440
run-02840,binary-1kib,aes-256-ctr,5,true,1024,1024,1343,0,0,0,0,0,0,0,0,true,200,,windows-amd64-20261006222440
run-02841,binary-1kib,aes-256-ctr,6,false,1024,1024,1343,0,0,0,0,0,0,0,529100,true,200,,windows-amd64-20261006222440
run-02842,binary-1kib,aes-256-ctr,7,false,1024,1024,1343,0,0,0,0,0,0,0,0,true,200,,windows-amd64-20261006222440
run-02843,binary-1kib,aes-256-ctr,8,false,1024,1024,1343,0,0,0,0,0,0,0,1048100,true,200,,windows-amd64-20261006222440
run-02844,binary-1kib,aes-256-ctr,9,false,1024,1024,1343,0,0,0,0,0,0,0,535900,true,200,,windows-amd64-20261006222440
run-02845,binary-1kib,aes-256-ctr,10,false,1024,1024,1343,0,0,533000,0,0,0,0,533900,true,200,,windows-amd64-20261006222440
run-02846,binary-1kib,aes-256-ctr,11,false,1024,1024,1343,0,0,0,0,0,0,0,0,true,200,,windows-amd64-20261006222440
run-02847,binary-1kib,aes-256-ctr,12,false,1024,1024,1343,0,0,0,0,0,0,0,0,true,200,,windows-amd64-20261006222440
run-02848,binary-1kib,aes-256-ctr,13,false,1024,1024,1343,0,0,0,0,0,0,0,531500,true,200,,windows-amd64-20261006222440
run-02849,binary-1kib,aes-256-ctr,14,false,1024,1024,1343,0,0,0,0,0,0,0,0,true,200,,windows-amd64-20261006222440
run-02850,binary-1kib,aes-256-ctr,15,false,1024,1024,1343,0,0,0,0,0,0,0,535500,true,200,,windows-amd64-20261006222440
run-02851,binary-1kib,aes-256-ctr,16,false,1024,1024,1343,0,0,0,0,0,0,0,0,true,200,,windows-amd64-20261006222440
run-02852,binary-1kib,aes-256-ctr,17,false,1024,1024,1343,0,0,0,0,0,0,0,513900,true,200,,windows-amd64-20261006222440
run-02853,binary-1kib,aes-256-ctr,18,false,1024,1024,1343,0,0,0,0,0,0,0,0,true,200,,windows-amd64-20261006222440
run-02854,binary-1kib,aes-256-ctr,19,false,1024,1024,1343,0,0,0,0,0,0,0,575900,true,200,,windows-amd64-20261006222440
run-02855,binary-1kib,aes-256-ctr,20,false,1024,1024,1343,0,0,0,0,0,0,0,540100,true,200,,windows-amd64-20261006222440
run-02856,binary-1kib,aes-256-ctr,21,false,1024,1024,1343,0,0,0,0,0,0,0,0,true,200,,windows-amd64-20261006222440
run-02857,binary-1kib,aes-256-ctr,22,false,1024,1024,1343,0,0,0,0,0,0,0,526600,true,200,,windows-amd64-20261006222440
run-02858,binary-1kib,aes-256-ctr,23,false,1024,1024,1343,0,0,0,0,0,0,0,515600,true,200,,windows-amd64-20261006222440
run-02859,binary-1kib,aes-256-ctr,24,false,1024,1024,1343,0,0,0,0,0,0,0,0,true,200,,windows-amd64-20261006222440
run-02860,binary-1kib,aes-256-ctr,25,false,1024,1024,1343,0,0,0,0,0,0,0,510600,true,200,,windows-amd64-20261006222440
run-02861,binary-1kib,aes-256-ctr,26,false,1024,1024,1343,0,0,0,0,0,0,0,0,true,200,,windows-amd64-20261006222440
run-02862,binary-1kib,aes-256-ctr,27,false,1024,1024,1343,0,0,0,0,0,0,0,0,true,200,,windows-amd64-20261006222440
run-02863,binary-1kib,aes-256-ctr,28,false,1024,1024,1343,0,0,0,0,0,0,0,2554100,true,200,,windows-amd64-20261006222440
run-02864,binary-1kib,aes-256-ctr,29,false,1024,1024,1343,0,0,0,0,0,0,0,1007300,true,200,,windows-amd64-20261006222440
run-02865,binary-1kib,aes-256-ctr,30,false,1024,1024,1343,0,0,0,0,0,0,0,0,true,200,,windows-amd64-20261006222440
run-02866,binary-1kib,aes-256-ctr,31,false,1024,1024,1343,0,0,0,0,0,0,0,0,true,200,,windows-amd64-20261006222440
run-02867,binary-1kib,aes-256-ctr,32,false,1024,1024,1343,0,0,0,0,0,0,0,1000400,true,200,,windows-amd64-20261006222440
run-02868,binary-1kib,aes-256-ctr,33,false,1024,1024,1343,0,0,0,0,0,0,0,504700,true,200,,windows-amd64-20261006222440
run-02869,binary-1kib,aes-256-ctr,34,false,1024,1024,1343,0,0,0,0,0,0,0,0,true,200,,windows-amd64-20261006222440
run-02870,binary-1kib,aes-256-ctr,35,false,1024,1024,1343,0,0,0,0,0,0,0,0,true,200,,windows-amd64-20261006222440
run-02871,binary-1kib,des-cbc,1,true,1024,1032,1335,0,0,0,0,0,0,0,1006600,true,200,,windows-amd64-20261006222440
run-02872,binary-1kib,des-cbc,2,true,1024,1032,1335,0,0,0,0,0,0,0,0,true,200,,windows-amd64-20261006222440
run-02873,binary-1kib,des-cbc,3,true,1024,1032,1335,0,0,0,0,0,0,0,0,true,200,,windows-amd64-20261006222440
run-02874,binary-1kib,des-cbc,4,true,1024,1032,1335,0,0,0,0,0,0,0,1001200,true,200,,windows-amd64-20261006222440
run-02875,binary-1kib,des-cbc,5,true,1024,1032,1335,0,0,0,0,0,0,0,0,true,200,,windows-amd64-20261006222440
run-02876,binary-1kib,des-cbc,6,false,1024,1032,1335,0,0,0,0,0,0,0,998000,true,200,,windows-amd64-20261006222440
run-02877,binary-1kib,des-cbc,7,false,1024,1032,1335,0,0,0,0,0,0,0,0,true,200,,windows-amd64-20261006222440
run-02878,binary-1kib,des-cbc,8,false,1024,1032,1335,0,0,0,0,0,0,0,0,true,200,,windows-amd64-20261006222440
run-02879,binary-1kib,des-cbc,9,false,1024,1032,1335,0,0,0,0,0,0,0,999600,true,200,,windows-amd64-20261006222440
run-02880,binary-1kib,des-cbc,10,false,1024,1032,1335,0,0,0,0,0,0,0,0,true,200,,windows-amd64-20261006222440
run-02881,binary-1kib,des-cbc,11,false,1024,1032,1335,0,0,0,0,0,0,0,1000300,true,200,,windows-amd64-20261006222440
run-02882,binary-1kib,des-cbc,12,false,1024,1032,1335,0,0,0,0,0,0,0,0,true,200,,windows-amd64-20261006222440
run-02883,binary-1kib,des-cbc,13,false,1024,1032,1335,0,0,0,0,0,0,0,0,true,200,,windows-amd64-20261006222440
run-02884,binary-1kib,des-cbc,14,false,1024,1032,1335,0,0,0,0,0,0,0,1045400,true,200,,windows-amd64-20261006222440
run-02885,binary-1kib,des-cbc,15,false,1024,1032,1335,0,0,0,0,0,0,0,1001400,true,200,,windows-amd64-20261006222440
run-02886,binary-1kib,des-cbc,16,false,1024,1032,1335,0,0,0,0,0,0,0,0,true,200,,windows-amd64-20261006222440
run-02887,binary-1kib,des-cbc,17,false,1024,1032,1335,0,0,0,0,0,0,0,1506100,true,200,,windows-amd64-20261006222440
run-02888,binary-1kib,des-cbc,18,false,1024,1032,1335,0,0,0,0,0,0,0,0,true,200,,windows-amd64-20261006222440
run-02889,binary-1kib,des-cbc,19,false,1024,1032,1335,0,0,0,0,0,0,0,1539700,true,200,,windows-amd64-20261006222440
run-02890,binary-1kib,des-cbc,20,false,1024,1032,1335,0,0,0,0,0,0,0,0,true,200,,windows-amd64-20261006222440
run-02891,binary-1kib,des-cbc,21,false,1024,1032,1335,0,0,0,0,0,0,0,0,true,200,,windows-amd64-20261006222440
run-02892,binary-1kib,des-cbc,22,false,1024,1032,1335,0,0,0,0,0,0,0,1007400,true,200,,windows-amd64-20261006222440
run-02893,binary-1kib,des-cbc,23,false,1024,1032,1335,0,0,0,0,0,0,0,0,true,200,,windows-amd64-20261006222440
run-02894,binary-1kib,des-cbc,24,false,1024,1032,1335,0,0,0,0,0,0,0,1000000,true,200,,windows-amd64-20261006222440
run-02895,binary-1kib,des-cbc,25,false,1024,1032,1335,0,0,0,0,0,0,0,0,true,200,,windows-amd64-20261006222440
run-02896,binary-1kib,des-cbc,26,false,1024,1032,1335,0,0,0,0,0,0,0,648500,true,200,,windows-amd64-20261006222440
run-02897,binary-1kib,des-cbc,27,false,1024,1032,1335,0,0,0,0,0,0,0,1005600,true,200,,windows-amd64-20261006222440
run-02898,binary-1kib,des-cbc,28,false,1024,1032,1335,0,0,0,0,0,0,0,0,true,200,,windows-amd64-20261006222440
run-02899,binary-1kib,des-cbc,29,false,1024,1032,1335,0,0,0,0,0,0,0,0,true,200,,windows-amd64-20261006222440
run-02900,binary-1kib,des-cbc,30,false,1024,1032,1335,0,0,0,0,0,0,0,0,true,200,,windows-amd64-20261006222440
run-02901,binary-1kib,des-cbc,31,false,1024,1032,1335,0,0,0,0,0,0,0,1505500,true,200,,windows-amd64-20261006222440
run-02902,binary-1kib,des-cbc,32,false,1024,1032,1335,0,0,0,0,0,0,0,0,true,200,,windows-amd64-20261006222440
run-02903,binary-1kib,des-cbc,33,false,1024,1032,1335,0,0,0,0,0,0,0,0,true,200,,windows-amd64-20261006222440
run-02904,binary-1kib,des-cbc,34,false,1024,1032,1335,0,0,1006999,0,0,0,0,1007000,true,200,,windows-amd64-20261006222440
run-02905,binary-1kib,des-cbc,35,false,1024,1032,1335,0,0,0,0,0,0,0,0,true,200,,windows-amd64-20261006222440
run-02906,binary-1kib,rc4-256,1,true,1024,1024,1315,0,0,0,0,0,0,0,0,true,200,,windows-amd64-20261006222440
run-02907,binary-1kib,rc4-256,2,true,1024,1024,1315,0,0,0,0,0,0,0,999900,true,200,,windows-amd64-20261006222440
run-02908,binary-1kib,rc4-256,3,true,1024,1024,1315,0,0,0,0,0,0,0,0,true,200,,windows-amd64-20261006222440
run-02909,binary-1kib,rc4-256,4,true,1024,1024,1315,0,0,0,0,0,0,0,0,true,200,,windows-amd64-20261006222440
run-02910,binary-1kib,rc4-256,5,true,1024,1024,1315,0,0,0,999000,0,0,999000,999700,true,200,,windows-amd64-20261006222440
run-02911,binary-1kib,rc4-256,6,false,1024,1024,1315,0,0,0,0,0,0,0,0,true,200,,windows-amd64-20261006222440
run-02912,binary-1kib,rc4-256,7,false,1024,1024,1315,0,0,0,0,0,0,0,0,true,200,,windows-amd64-20261006222440
run-02913,binary-1kib,rc4-256,8,false,1024,1024,1315,0,0,0,0,0,0,0,0,true,200,,windows-amd64-20261006222440
run-02914,binary-1kib,rc4-256,9,false,1024,1024,1315,0,0,0,0,0,0,0,0,true,200,,windows-amd64-20261006222440
run-02915,binary-1kib,rc4-256,10,false,1024,1024,1315,0,0,0,0,0,0,0,0,true,200,,windows-amd64-20261006222440
run-02916,binary-1kib,rc4-256,11,false,1024,1024,1315,0,0,0,0,0,0,0,1505800,true,200,,windows-amd64-20261006222440
run-02917,binary-1kib,rc4-256,12,false,1024,1024,1315,0,0,0,0,0,0,0,0,true,200,,windows-amd64-20261006222440
run-02918,binary-1kib,rc4-256,13,false,1024,1024,1315,0,0,0,0,0,0,0,0,true,200,,windows-amd64-20261006222440
run-02919,binary-1kib,rc4-256,14,false,1024,1024,1315,0,0,0,0,0,0,0,1005100,true,200,,windows-amd64-20261006222440
run-02920,binary-1kib,rc4-256,15,false,1024,1024,1315,0,0,0,0,0,0,0,0,true,200,,windows-amd64-20261006222440
run-02921,binary-1kib,rc4-256,16,false,1024,1024,1315,0,0,0,0,0,0,0,0,true,200,,windows-amd64-20261006222440
run-02922,binary-1kib,rc4-256,17,false,1024,1024,1315,0,0,0,0,0,0,0,1000800,true,200,,windows-amd64-20261006222440
run-02923,binary-1kib,rc4-256,18,false,1024,1024,1315,0,0,0,0,0,0,0,0,true,200,,windows-amd64-20261006222440
run-02924,binary-1kib,rc4-256,19,false,1024,1024,1315,0,0,0,0,0,0,0,0,true,200,,windows-amd64-20261006222440
run-02925,binary-1kib,rc4-256,20,false,1024,1024,1315,0,0,0,0,0,0,0,0,true,200,,windows-amd64-20261006222440
run-02926,binary-1kib,rc4-256,21,false,1024,1024,1315,0,0,0,0,0,0,0,1000300,true,200,,windows-amd64-20261006222440
run-02927,binary-1kib,rc4-256,22,false,1024,1024,1315,0,0,0,0,0,0,0,0,true,200,,windows-amd64-20261006222440
run-02928,binary-1kib,rc4-256,23,false,1024,1024,1315,0,0,0,0,0,0,0,0,true,200,,windows-amd64-20261006222440
run-02929,binary-1kib,rc4-256,24,false,1024,1024,1315,0,0,0,0,0,0,0,998900,true,200,,windows-amd64-20261006222440
run-02930,binary-1kib,rc4-256,25,false,1024,1024,1315,0,0,0,0,0,0,0,0,true,200,,windows-amd64-20261006222440
run-02931,binary-1kib,rc4-256,26,false,1024,1024,1315,0,0,0,0,0,0,0,0,true,200,,windows-amd64-20261006222440
run-02932,binary-1kib,rc4-256,27,false,1024,1024,1315,0,0,0,0,0,0,0,1000100,true,200,,windows-amd64-20261006222440
run-02933,binary-1kib,rc4-256,28,false,1024,1024,1315,0,0,0,0,0,0,0,0,true,200,,windows-amd64-20261006222440
run-02934,binary-1kib,rc4-256,29,false,1024,1024,1315,0,0,0,0,0,0,0,0,true,200,,windows-amd64-20261006222440
run-02935,binary-1kib,rc4-256,30,false,1024,1024,1315,0,0,0,0,0,0,0,0,true,200,,windows-amd64-20261006222440
run-02936,binary-1kib,rc4-256,31,false,1024,1024,1315,0,0,0,0,0,0,0,1062700,true,200,,windows-amd64-20261006222440
run-02937,binary-1kib,rc4-256,32,false,1024,1024,1315,0,0,0,0,0,0,0,0,true,200,,windows-amd64-20261006222440
run-02938,binary-1kib,rc4-256,33,false,1024,1024,1315,0,0,0,0,0,0,0,998800,true,200,,windows-amd64-20261006222440
run-02939,binary-1kib,rc4-256,34,false,1024,1024,1315,0,0,0,0,0,0,0,1003700,true,200,,windows-amd64-20261006222440
run-02940,binary-1kib,rc4-256,35,false,1024,1024,1315,0,0,0,0,0,0,0,0,true,200,,windows-amd64-20261006222440
run-02941,binary-64kib,aes-128-cbc,1,true,65536,65552,65872,0,0,0,0,0,1080000,1080000,2079800,true,200,,windows-amd64-20261006222440
run-02942,binary-64kib,aes-128-cbc,2,true,65536,65552,65872,0,0,0,0,0,0,0,1000500,true,200,,windows-amd64-20261006222440
run-02943,binary-64kib,aes-128-cbc,3,true,65536,65552,65872,0,0,0,0,0,0,0,1000000,true,200,,windows-amd64-20261006222440
run-02944,binary-64kib,aes-128-cbc,4,true,65536,65552,65872,0,0,0,0,0,1000000,1000000,1000000,true,200,,windows-amd64-20261006222440
run-02945,binary-64kib,aes-128-cbc,5,true,65536,65552,65872,0,0,0,0,0,0,0,1002700,true,200,,windows-amd64-20261006222440
run-02946,binary-64kib,aes-128-cbc,6,false,65536,65552,65872,0,0,0,0,0,0,0,997100,true,200,,windows-amd64-20261006222440
run-02947,binary-64kib,aes-128-cbc,7,false,65536,65552,65872,0,0,0,0,0,0,0,0,true,200,,windows-amd64-20261006222440
run-02948,binary-64kib,aes-128-cbc,8,false,65536,65552,65872,0,0,0,0,0,0,0,0,true,200,,windows-amd64-20261006222440
run-02949,binary-64kib,aes-128-cbc,9,false,65536,65552,65872,0,0,0,0,0,1000000,1000000,1000400,true,200,,windows-amd64-20261006222440
run-02950,binary-64kib,aes-128-cbc,10,false,65536,65552,65872,0,0,0,0,0,0,0,1001700,true,200,,windows-amd64-20261006222440
run-02951,binary-64kib,aes-128-cbc,11,false,65536,65552,65872,0,0,0,0,0,1000999,1000999,1001300,true,200,,windows-amd64-20261006222440
run-02952,binary-64kib,aes-128-cbc,12,false,65536,65552,65872,0,0,0,0,0,0,0,1523700,true,200,,windows-amd64-20261006222440
run-02953,binary-64kib,aes-128-cbc,13,false,65536,65552,65872,0,0,0,0,0,0,0,1010600,true,200,,windows-amd64-20261006222440
run-02954,binary-64kib,aes-128-cbc,14,false,65536,65552,65872,0,0,0,0,0,0,0,1998400,true,200,,windows-amd64-20261006222440
run-02955,binary-64kib,aes-128-cbc,15,false,65536,65552,65872,0,0,0,0,0,0,0,0,true,200,,windows-amd64-20261006222440
run-02956,binary-64kib,aes-128-cbc,16,false,65536,65552,65872,0,0,0,0,0,0,0,1506700,true,200,,windows-amd64-20261006222440
run-02957,binary-64kib,aes-128-cbc,17,false,65536,65552,65872,0,0,0,0,1006000,0,1006000,1006400,true,200,,windows-amd64-20261006222440
run-02958,binary-64kib,aes-128-cbc,18,false,65536,65552,65872,0,0,0,0,0,0,0,0,true,200,,windows-amd64-20261006222440
run-02959,binary-64kib,aes-128-cbc,19,false,65536,65552,65872,0,0,0,0,0,0,0,1000800,true,200,,windows-amd64-20261006222440
run-02960,binary-64kib,aes-128-cbc,20,false,65536,65552,65872,0,0,0,0,0,0,0,1001900,true,200,,windows-amd64-20261006222440
run-02961,binary-64kib,aes-128-cbc,21,false,65536,65552,65872,0,0,0,0,0,0,0,998100,true,200,,windows-amd64-20261006222440
run-02962,binary-64kib,aes-128-cbc,22,false,65536,65552,65872,0,0,0,0,0,0,0,0,true,200,,windows-amd64-20261006222440
run-02963,binary-64kib,aes-128-cbc,23,false,65536,65552,65872,0,0,0,0,0,0,0,1237300,true,200,,windows-amd64-20261006222440
run-02964,binary-64kib,aes-128-cbc,24,false,65536,65552,65872,0,0,0,0,0,0,0,0,true,200,,windows-amd64-20261006222440
run-02965,binary-64kib,aes-128-cbc,25,false,65536,65552,65872,0,0,0,0,0,0,0,0,true,200,,windows-amd64-20261006222440
run-02966,binary-64kib,aes-128-cbc,26,false,65536,65552,65872,0,0,0,0,999000,0,999000,999500,true,200,,windows-amd64-20261006222440
run-02967,binary-64kib,aes-128-cbc,27,false,65536,65552,65872,0,0,1000000,0,0,0,0,1000100,true,200,,windows-amd64-20261006222440
run-02968,binary-64kib,aes-128-cbc,28,false,65536,65552,65872,0,0,0,0,0,0,0,999300,true,200,,windows-amd64-20261006222440
run-02969,binary-64kib,aes-128-cbc,29,false,65536,65552,65872,0,0,0,0,0,0,0,0,true,200,,windows-amd64-20261006222440
run-02970,binary-64kib,aes-128-cbc,30,false,65536,65552,65872,0,0,0,0,507000,0,507000,1507400,true,200,,windows-amd64-20261006222440
run-02971,binary-64kib,aes-128-cbc,31,false,65536,65552,65872,0,0,0,0,0,0,0,1007700,true,200,,windows-amd64-20261006222440
run-02972,binary-64kib,aes-128-cbc,32,false,65536,65552,65872,0,0,0,0,0,0,0,2002800,true,200,,windows-amd64-20261006222440
run-02973,binary-64kib,aes-128-cbc,33,false,65536,65552,65872,0,0,996000,0,0,0,0,996000,true,200,,windows-amd64-20261006222440
run-02974,binary-64kib,aes-128-cbc,34,false,65536,65552,65872,0,0,0,0,0,0,0,1001600,true,200,,windows-amd64-20261006222440
run-02975,binary-64kib,aes-128-cbc,35,false,65536,65552,65872,0,0,0,0,0,0,0,998900,true,200,,windows-amd64-20261006222440
run-02976,binary-64kib,aes-128-cfb128,1,true,65536,65536,65859,0,0,0,0,0,0,0,1001700,true,200,,windows-amd64-20261006222440
run-02977,binary-64kib,aes-128-cfb128,2,true,65536,65536,65859,0,0,0,0,0,0,0,999500,true,200,,windows-amd64-20261006222440
run-02978,binary-64kib,aes-128-cfb128,3,true,65536,65536,65859,0,0,0,0,0,0,0,0,true,200,,windows-amd64-20261006222440
run-02979,binary-64kib,aes-128-cfb128,4,true,65536,65536,65859,0,0,0,0,0,0,0,998400,true,200,,windows-amd64-20261006222440
run-02980,binary-64kib,aes-128-cfb128,5,true,65536,65536,65859,0,0,0,0,0,0,0,1087400,true,200,,windows-amd64-20261006222440
run-02981,binary-64kib,aes-128-cfb128,6,false,65536,65536,65859,0,0,0,0,0,0,0,999400,true,200,,windows-amd64-20261006222440
run-02982,binary-64kib,aes-128-cfb128,7,false,65536,65536,65859,0,0,0,0,0,0,0,0,true,200,,windows-amd64-20261006222440
run-02983,binary-64kib,aes-128-cfb128,8,false,65536,65536,65859,0,0,0,0,0,1504000,1504000,1504200,true,200,,windows-amd64-20261006222440
run-02984,binary-64kib,aes-128-cfb128,9,false,65536,65536,65859,0,0,0,0,0,0,0,1008200,true,200,,windows-amd64-20261006222440
run-02985,binary-64kib,aes-128-cfb128,10,false,65536,65536,65859,0,0,0,0,0,0,0,0,true,200,,windows-amd64-20261006222440
run-02986,binary-64kib,aes-128-cfb128,11,false,65536,65536,65859,0,0,0,0,0,0,0,999100,true,200,,windows-amd64-20261006222440
run-02987,binary-64kib,aes-128-cfb128,12,false,65536,65536,65859,0,0,0,0,0,0,0,1000200,true,200,,windows-amd64-20261006222440
run-02988,binary-64kib,aes-128-cfb128,13,false,65536,65536,65859,0,0,0,0,0,1004000,1004000,2003300,true,200,,windows-amd64-20261006222440
run-02989,binary-64kib,aes-128-cfb128,14,false,65536,65536,65859,0,0,0,0,0,0,0,1512400,true,200,,windows-amd64-20261006222440
run-02990,binary-64kib,aes-128-cfb128,15,false,65536,65536,65859,0,0,0,0,0,0,0,0,true,200,,windows-amd64-20261006222440
run-02991,binary-64kib,aes-128-cfb128,16,false,65536,65536,65859,0,0,0,0,0,0,0,1008300,true,200,,windows-amd64-20261006222440
run-02992,binary-64kib,aes-128-cfb128,17,false,65536,65536,65859,0,0,0,0,0,0,0,998000,true,200,,windows-amd64-20261006222440
run-02993,binary-64kib,aes-128-cfb128,18,false,65536,65536,65859,0,0,0,0,0,0,0,0,true,200,,windows-amd64-20261006222440
run-02994,binary-64kib,aes-128-cfb128,19,false,65536,65536,65859,0,0,0,0,0,0,1506000,1506000,true,200,,windows-amd64-20261006222440
run-02995,binary-64kib,aes-128-cfb128,20,false,65536,65536,65859,0,0,0,0,0,1006000,1006000,1006600,true,200,,windows-amd64-20261006222440
run-02996,binary-64kib,aes-128-cfb128,21,false,65536,65536,65859,0,0,0,0,0,0,0,1122800,true,200,,windows-amd64-20261006222440
run-02997,binary-64kib,aes-128-cfb128,22,false,65536,65536,65859,0,0,0,0,0,0,0,0,true,200,,windows-amd64-20261006222440
run-02998,binary-64kib,aes-128-cfb128,23,false,65536,65536,65859,0,0,0,0,0,0,0,1876700,true,200,,windows-amd64-20261006222440
run-02999,binary-64kib,aes-128-cfb128,24,false,65536,65536,65859,0,0,0,0,0,0,0,0,true,200,,windows-amd64-20261006222440
run-03000,binary-64kib,aes-128-cfb128,25,false,65536,65536,65859,0,0,1000000,0,0,0,0,1000400,true,200,,windows-amd64-20261006222440
run-03001,binary-64kib,aes-128-cfb128,26,false,65536,65536,65859,0,0,0,0,0,0,0,1000400,true,200,,windows-amd64-20261006222440
run-03002,binary-64kib,aes-128-cfb128,27,false,65536,65536,65859,0,0,0,0,0,0,0,0,true,200,,windows-amd64-20261006222440
run-03003,binary-64kib,aes-128-cfb128,28,false,65536,65536,65859,0,0,0,0,0,0,0,0,true,200,,windows-amd64-20261006222440
run-03004,binary-64kib,aes-128-cfb128,29,false,65536,65536,65859,0,0,0,0,0,1080000,1080000,1080200,true,200,,windows-amd64-20261006222440
run-03005,binary-64kib,aes-128-cfb128,30,false,65536,65536,65859,0,0,0,0,0,0,0,0,true,200,,windows-amd64-20261006222440
run-03006,binary-64kib,aes-128-cfb128,31,false,65536,65536,65859,0,0,0,0,0,1004000,2004000,2004800,true,200,,windows-amd64-20261006222440
run-03007,binary-64kib,aes-128-cfb128,32,false,65536,65536,65859,0,0,0,0,0,0,0,3270000,true,200,,windows-amd64-20261006222440
run-03008,binary-64kib,aes-128-cfb128,33,false,65536,65536,65859,0,0,1002000,0,0,0,0,1002100,true,200,,windows-amd64-20261006222440
run-03009,binary-64kib,aes-128-cfb128,34,false,65536,65536,65859,0,0,0,0,0,995000,995000,995800,true,200,,windows-amd64-20261006222440
run-03010,binary-64kib,aes-128-cfb128,35,false,65536,65536,65859,0,0,0,0,0,0,0,0,true,200,,windows-amd64-20261006222440
run-03011,binary-64kib,aes-128-ofb,1,true,65536,65536,65856,1000100,1000100,0,0,0,1212000,1212000,1212300,true,200,,windows-amd64-20261006222440
run-03012,binary-64kib,aes-128-ofb,2,true,65536,65536,65856,1000100,1000100,0,0,0,0,0,1009500,true,200,,windows-amd64-20261006222440
run-03013,binary-64kib,aes-128-ofb,3,true,65536,65536,65856,1000100,1000100,0,0,0,0,0,0,true,200,,windows-amd64-20261006222440
run-03014,binary-64kib,aes-128-ofb,4,true,65536,65536,65856,1000100,1000100,0,0,0,0,0,0,true,200,,windows-amd64-20261006222440
run-03015,binary-64kib,aes-128-ofb,5,true,65536,65536,65856,1000100,1000100,0,0,0,0,0,2517900,true,200,,windows-amd64-20261006222440
run-03016,binary-64kib,aes-128-ofb,6,false,65536,65536,65856,1000100,1000100,0,0,0,0,0,1003100,true,200,,windows-amd64-20261006222440
run-03017,binary-64kib,aes-128-ofb,7,false,65536,65536,65856,1000100,1000100,0,0,0,0,0,998900,true,200,,windows-amd64-20261006222440
run-03018,binary-64kib,aes-128-ofb,8,false,65536,65536,65856,1000100,1000100,0,0,0,1008000,1008000,2006100,true,200,,windows-amd64-20261006222440
run-03019,binary-64kib,aes-128-ofb,9,false,65536,65536,65856,1000100,1000100,0,0,1411000,0,1411000,1411100,true,200,,windows-amd64-20261006222440
run-03020,binary-64kib,aes-128-ofb,10,false,65536,65536,65856,1000100,1000100,541000,0,0,0,0,2053400,true,200,,windows-amd64-20261006222440
run-03021,binary-64kib,aes-128-ofb,11,false,65536,65536,65856,1000100,1000100,0,0,0,0,0,0,true,200,,windows-amd64-20261006222440
run-03022,binary-64kib,aes-128-ofb,12,false,65536,65536,65856,1000100,1000100,0,0,0,0,0,0,true,200,,windows-amd64-20261006222440
run-03023,binary-64kib,aes-128-ofb,13,false,65536,65536,65856,1000100,1000100,0,0,0,0,0,1007400,true,200,,windows-amd64-20261006222440
run-03024,binary-64kib,aes-128-ofb,14,false,65536,65536,65856,1000100,1000100,1000000,0,0,0,0,1000200,true,200,,windows-amd64-20261006222440
run-03025,binary-64kib,aes-128-ofb,15,false,65536,65536,65856,1000100,1000100,0,0,0,0,0,998800,true,200,,windows-amd64-20261006222440
run-03026,binary-64kib,aes-128-ofb,16,false,65536,65536,65856,1000100,1000100,0,0,0,0,0,1001300,true,200,,windows-amd64-20261006222440
run-03027,binary-64kib,aes-128-ofb,17,false,65536,65536,65856,1000100,1000100,0,0,0,0,0,0,true,200,,windows-amd64-20261006222440
run-03028,binary-64kib,aes-128-ofb,18,false,65536,65536,65856,1000100,1000100,0,0,999000,0,999000,999400,true,200,,windows-amd64-20261006222440
run-03029,binary-64kib,aes-128-ofb,19,false,65536,65536,65856,1000100,1000100,0,0,0,0,0,0,true,200,,windows-amd64-20261006222440
run-03030,binary-64kib,aes-128-ofb,20,false,65536,65536,65856,1000100,1000100,999000,0,0,0,0,999200,true,200,,windows-amd64-20261006222440
run-03031,binary-64kib,aes-128-ofb,21,false,65536,65536,65856,1000100,1000100,0,0,0,0,0,1000200,true,200,,windows-amd64-20261006222440
run-03032,binary-64kib,aes-128-ofb,22,false,65536,65536,65856,1000100,1000100,0,0,0,0,0,0,true,200,,windows-amd64-20261006222440
run-03033,binary-64kib,aes-128-ofb,23,false,65536,65536,65856,1000100,1000100,0,0,0,0,0,0,true,200,,windows-amd64-20261006222440
run-03034,binary-64kib,aes-128-ofb,24,false,65536,65536,65856,1000100,1000100,0,0,0,0,0,1504400,true,200,,windows-amd64-20261006222440
run-03035,binary-64kib,aes-128-ofb,25,false,65536,65536,65856,1000100,1000100,0,0,0,1006000,1006000,1858500,true,200,,windows-amd64-20261006222440
run-03036,binary-64kib,aes-128-ofb,26,false,65536,65536,65856,1000100,1000100,0,0,1008000,0,1008000,1008000,true,200,,windows-amd64-20261006222440
run-03037,binary-64kib,aes-128-ofb,27,false,65536,65536,65856,1000100,1000100,0,0,0,0,0,0,true,200,,windows-amd64-20261006222440
run-03038,binary-64kib,aes-128-ofb,28,false,65536,65536,65856,1000100,1000100,0,0,0,0,0,998700,true,200,,windows-amd64-20261006222440
run-03039,binary-64kib,aes-128-ofb,29,false,65536,65536,65856,1000100,1000100,0,0,0,0,0,1002200,true,200,,windows-amd64-20261006222440
run-03040,binary-64kib,aes-128-ofb,30,false,65536,65536,65856,1000100,1000100,0,0,0,0,0,1006900,true,200,,windows-amd64-20261006222440
run-03041,binary-64kib,aes-128-ofb,31,false,65536,65536,65856,1000100,1000100,0,0,0,0,0,992700,true,200,,windows-amd64-20261006222440
run-03042,binary-64kib,aes-128-ofb,32,false,65536,65536,65856,1000100,1000100,0,0,0,0,0,0,true,200,,windows-amd64-20261006222440
run-03043,binary-64kib,aes-128-ofb,33,false,65536,65536,65856,1000100,1000100,0,0,0,0,0,0,true,200,,windows-amd64-20261006222440
run-03044,binary-64kib,aes-128-ofb,34,false,65536,65536,65856,1000100,1000100,0,0,0,0,0,0,true,200,,windows-amd64-20261006222440
run-03045,binary-64kib,aes-128-ofb,35,false,65536,65536,65856,1000100,1000100,0,0,0,1506000,1506000,1506100,true,200,,windows-amd64-20261006222440
run-03046,binary-64kib,aes-128-ctr,1,true,65536,65536,65856,0,0,0,0,0,0,0,1513300,true,200,,windows-amd64-20261006222440
run-03047,binary-64kib,aes-128-ctr,2,true,65536,65536,65856,0,0,0,0,0,0,0,0,true,200,,windows-amd64-20261006222440
run-03048,binary-64kib,aes-128-ctr,3,true,65536,65536,65856,0,0,0,0,1006999,0,1006999,1007400,true,200,,windows-amd64-20261006222440
run-03049,binary-64kib,aes-128-ctr,4,true,65536,65536,65856,0,0,0,0,0,0,0,0,true,200,,windows-amd64-20261006222440
run-03050,binary-64kib,aes-128-ctr,5,true,65536,65536,65856,0,0,0,0,0,0,0,999100,true,200,,windows-amd64-20261006222440
run-03051,binary-64kib,aes-128-ctr,6,false,65536,65536,65856,0,0,0,0,0,0,0,1000300,true,200,,windows-amd64-20261006222440
run-03052,binary-64kib,aes-128-ctr,7,false,65536,65536,65856,0,0,0,0,0,0,0,0,true,200,,windows-amd64-20261006222440
run-03053,binary-64kib,aes-128-ctr,8,false,65536,65536,65856,0,0,0,0,0,0,0,1000200,true,200,,windows-amd64-20261006222440
run-03054,binary-64kib,aes-128-ctr,9,false,65536,65536,65856,0,0,0,0,0,0,0,0,true,200,,windows-amd64-20261006222440
run-03055,binary-64kib,aes-128-ctr,10,false,65536,65536,65856,0,0,1000000,0,0,0,0,1000000,true,200,,windows-amd64-20261006222440
run-03056,binary-64kib,aes-128-ctr,11,false,65536,65536,65856,0,0,0,0,0,0,0,1001200,true,200,,windows-amd64-20261006222440
run-03057,binary-64kib,aes-128-ctr,12,false,65536,65536,65856,0,0,0,0,0,0,0,0,true,200,,windows-amd64-20261006222440
run-03058,binary-64kib,aes-128-ctr,13,false,65536,65536,65856,0,0,0,0,0,0,0,999200,true,200,,windows-amd64-20261006222440
run-03059,binary-64kib,aes-128-ctr,14,false,65536,65536,65856,0,0,0,0,0,0,0,0,true,200,,windows-amd64-20261006222440
run-03060,binary-64kib,aes-128-ctr,15,false,65536,65536,65856,0,0,0,0,0,0,0,1503700,true,200,,windows-amd64-20261006222440
run-03061,binary-64kib,aes-128-ctr,16,false,65536,65536,65856,0,0,0,0,0,0,0,1010600,true,200,,windows-amd64-20261006222440
run-03062,binary-64kib,aes-128-ctr,17,false,65536,65536,65856,0,0,0,0,0,0,0,996100,true,200,,windows-amd64-20261006222440
run-03063,binary-64kib,aes-128-ctr,18,false,65536,65536,65856,0,0,0,0,0,0,0,999700,true,200,,windows-amd64-20261006222440
run-03064,binary-64kib,aes-128-ctr,19,false,65536,65536,65856,0,0,0,0,0,0,0,1001600,true,200,,windows-amd64-20261006222440
run-03065,binary-64kib,aes-128-ctr,20,false,65536,65536,65856,0,0,0,0,0,0,0,998400,true,200,,windows-amd64-20261006222440
run-03066,binary-64kib,aes-128-ctr,21,false,65536,65536,65856,0,0,0,0,0,0,0,0,true,200,,windows-amd64-20261006222440
run-03067,binary-64kib,aes-128-ctr,22,false,65536,65536,65856,0,0,0,0,0,0,0,999600,true,200,,windows-amd64-20261006222440
run-03068,binary-64kib,aes-128-ctr,23,false,65536,65536,65856,0,0,0,0,0,0,0,999900,true,200,,windows-amd64-20261006222440
run-03069,binary-64kib,aes-128-ctr,24,false,65536,65536,65856,0,0,0,0,0,0,0,0,true,200,,windows-amd64-20261006222440
run-03070,binary-64kib,aes-128-ctr,25,false,65536,65536,65856,0,0,0,0,0,0,0,1000500,true,200,,windows-amd64-20261006222440
run-03071,binary-64kib,aes-128-ctr,26,false,65536,65536,65856,0,0,0,0,0,0,0,1000800,true,200,,windows-amd64-20261006222440
run-03072,binary-64kib,aes-128-ctr,27,false,65536,65536,65856,0,0,0,0,0,0,0,0,true,200,,windows-amd64-20261006222440
run-03073,binary-64kib,aes-128-ctr,28,false,65536,65536,65856,0,0,0,0,0,0,0,2404400,true,200,,windows-amd64-20261006222440
run-03074,binary-64kib,aes-128-ctr,29,false,65536,65536,65856,0,0,0,0,997000,0,997000,997100,true,200,,windows-amd64-20261006222440
run-03075,binary-64kib,aes-128-ctr,30,false,65536,65536,65856,0,0,0,0,0,0,0,997800,true,200,,windows-amd64-20261006222440
run-03076,binary-64kib,aes-128-ctr,31,false,65536,65536,65856,0,0,0,0,999000,0,999000,999800,true,200,,windows-amd64-20261006222440
run-03077,binary-64kib,aes-128-ctr,32,false,65536,65536,65856,0,0,0,0,0,0,0,0,true,200,,windows-amd64-20261006222440
run-03078,binary-64kib,aes-128-ctr,33,false,65536,65536,65856,0,0,0,0,0,0,0,998000,true,200,,windows-amd64-20261006222440
run-03079,binary-64kib,aes-128-ctr,34,false,65536,65536,65856,0,0,0,0,0,0,0,0,true,200,,windows-amd64-20261006222440
run-03080,binary-64kib,aes-128-ctr,35,false,65536,65536,65856,0,0,0,0,0,0,0,2000600,true,200,,windows-amd64-20261006222440
run-03081,binary-64kib,aes-192-cbc,1,true,65536,65552,65872,0,0,0,0,0,0,0,1000000,true,200,,windows-amd64-20261006222440
run-03082,binary-64kib,aes-192-cbc,2,true,65536,65552,65872,0,0,0,0,0,0,0,0,true,200,,windows-amd64-20261006222440
run-03083,binary-64kib,aes-192-cbc,3,true,65536,65552,65872,0,0,0,0,0,0,0,1505200,true,200,,windows-amd64-20261006222440
run-03084,binary-64kib,aes-192-cbc,4,true,65536,65552,65872,0,0,0,0,0,0,0,521600,true,200,,windows-amd64-20261006222440
run-03085,binary-64kib,aes-192-cbc,5,true,65536,65552,65872,0,0,0,0,1006000,0,1006000,1006100,true,200,,windows-amd64-20261006222440
run-03086,binary-64kib,aes-192-cbc,6,false,65536,65552,65872,0,0,0,0,0,0,0,0,true,200,,windows-amd64-20261006222440
run-03087,binary-64kib,aes-192-cbc,7,false,65536,65552,65872,0,0,0,0,0,0,0,1000600,true,200,,windows-amd64-20261006222440
run-03088,binary-64kib,aes-192-cbc,8,false,65536,65552,65872,0,0,0,0,0,0,0,997300,true,200,,windows-amd64-20261006222440
run-03089,binary-64kib,aes-192-cbc,9,false,65536,65552,65872,0,0,0,0,0,0,0,1000700,true,200,,windows-amd64-20261006222440
run-03090,binary-64kib,aes-192-cbc,10,false,65536,65552,65872,0,0,0,1000000,0,0,1000000,1000600,true,200,,windows-amd64-20261006222440
run-03091,binary-64kib,aes-192-cbc,11,false,65536,65552,65872,0,0,0,0,0,0,0,1001600,true,200,,windows-amd64-20261006222440
run-03092,binary-64kib,aes-192-cbc,12,false,65536,65552,65872,0,0,0,0,0,0,0,0,true,200,,windows-amd64-20261006222440
run-03093,binary-64kib,aes-192-cbc,13,false,65536,65552,65872,0,0,0,0,0,0,0,0,true,200,,windows-amd64-20261006222440
run-03094,binary-64kib,aes-192-cbc,14,false,65536,65552,65872,0,0,0,0,999000,0,999000,999500,true,200,,windows-amd64-20261006222440
run-03095,binary-64kib,aes-192-cbc,15,false,65536,65552,65872,0,0,0,0,0,0,0,0,true,200,,windows-amd64-20261006222440
run-03096,binary-64kib,aes-192-cbc,16,false,65536,65552,65872,0,0,1505000,0,0,0,0,1505600,true,200,,windows-amd64-20261006222440
run-03097,binary-64kib,aes-192-cbc,17,false,65536,65552,65872,0,0,0,0,0,0,0,0,true,200,,windows-amd64-20261006222440
run-03098,binary-64kib,aes-192-cbc,18,false,65536,65552,65872,0,0,0,0,0,0,0,1008100,true,200,,windows-amd64-20261006222440
run-03099,binary-64kib,aes-192-cbc,19,false,65536,65552,65872,0,0,1111000,0,0,0,0,1111700,true,200,,windows-amd64-20261006222440
run-03100,binary-64kib,aes-192-cbc,20,false,65536,65552,65872,0,0,0,0,0,0,0,1001100,true,200,,windows-amd64-20261006222440
run-03101,binary-64kib,aes-192-cbc,21,false,65536,65552,65872,0,0,0,0,0,0,0,1003300,true,200,,windows-amd64-20261006222440
run-03102,binary-64kib,aes-192-cbc,22,false,65536,65552,65872,0,0,0,0,997000,0,997000,997900,true,200,,windows-amd64-20261006222440
run-03103,binary-64kib,aes-192-cbc,23,false,65536,65552,65872,0,0,0,0,0,0,0,1000000,true,200,,windows-amd64-20261006222440
run-03104,binary-64kib,aes-192-cbc,24,false,65536,65552,65872,0,0,0,0,0,0,0,1002600,true,200,,windows-amd64-20261006222440
run-03105,binary-64kib,aes-192-cbc,25,false,65536,65552,65872,0,0,0,0,0,0,0,1004100,true,200,,windows-amd64-20261006222440
run-03106,binary-64kib,aes-192-cbc,26,false,65536,65552,65872,0,0,0,0,0,0,0,0,true,200,,windows-amd64-20261006222440
run-03107,binary-64kib,aes-192-cbc,27,false,65536,65552,65872,0,0,0,0,0,0,0,993300,true,200,,windows-amd64-20261006222440
run-03108,binary-64kib,aes-192-cbc,28,false,65536,65552,65872,0,0,1010999,0,0,0,0,1011500,true,200,,windows-amd64-20261006222440
run-03109,binary-64kib,aes-192-cbc,29,false,65536,65552,65872,0,0,0,0,0,0,0,996500,true,200,,windows-amd64-20261006222440
run-03110,binary-64kib,aes-192-cbc,30,false,65536,65552,65872,0,0,0,0,0,0,0,997900,true,200,,windows-amd64-20261006222440
run-03111,binary-64kib,aes-192-cbc,31,false,65536,65552,65872,0,0,0,0,0,0,0,0,true,200,,windows-amd64-20261006222440
run-03112,binary-64kib,aes-192-cbc,32,false,65536,65552,65872,0,0,1002000,0,0,0,0,1002200,true,200,,windows-amd64-20261006222440
run-03113,binary-64kib,aes-192-cbc,33,false,65536,65552,65872,0,0,0,0,0,0,0,999900,true,200,,windows-amd64-20261006222440
run-03114,binary-64kib,aes-192-cbc,34,false,65536,65552,65872,0,0,0,0,0,1042000,1042000,1042500,true,200,,windows-amd64-20261006222440
run-03115,binary-64kib,aes-192-cbc,35,false,65536,65552,65872,0,0,0,0,0,0,0,955200,true,200,,windows-amd64-20261006222440
run-03116,binary-64kib,aes-192-cfb128,1,true,65536,65536,65859,0,0,0,0,0,0,0,1505100,true,200,,windows-amd64-20261006222440
run-03117,binary-64kib,aes-192-cfb128,2,true,65536,65536,65859,0,0,0,0,0,0,0,1009700,true,200,,windows-amd64-20261006222440
run-03118,binary-64kib,aes-192-cfb128,3,true,65536,65536,65859,0,0,1002000,0,0,0,0,1002300,true,200,,windows-amd64-20261006222440
run-03119,binary-64kib,aes-192-cfb128,4,true,65536,65536,65859,0,0,0,0,0,1071000,1071000,1071500,true,200,,windows-amd64-20261006222440
run-03120,binary-64kib,aes-192-cfb128,5,true,65536,65536,65859,0,0,0,0,0,0,0,0,true,200,,windows-amd64-20261006222440
run-03121,binary-64kib,aes-192-cfb128,6,false,65536,65536,65859,0,0,0,0,0,0,0,1001400,true,200,,windows-amd64-20261006222440
run-03122,binary-64kib,aes-192-cfb128,7,false,65536,65536,65859,0,0,0,0,0,0,0,1000800,true,200,,windows-amd64-20261006222440
run-03123,binary-64kib,aes-192-cfb128,8,false,65536,65536,65859,0,0,0,0,0,0,0,999100,true,200,,windows-amd64-20261006222440
run-03124,binary-64kib,aes-192-cfb128,9,false,65536,65536,65859,0,0,0,0,0,0,0,1003300,true,200,,windows-amd64-20261006222440
run-03125,binary-64kib,aes-192-cfb128,10,false,65536,65536,65859,0,0,0,0,0,0,0,1998800,true,200,,windows-amd64-20261006222440
run-03126,binary-64kib,aes-192-cfb128,11,false,65536,65536,65859,0,0,0,0,0,0,0,999700,true,200,,windows-amd64-20261006222440
run-03127,binary-64kib,aes-192-cfb128,12,false,65536,65536,65859,0,0,0,0,0,0,0,1043800,true,200,,windows-amd64-20261006222440
run-03128,binary-64kib,aes-192-cfb128,13,false,65536,65536,65859,0,0,0,0,0,0,0,1000800,true,200,,windows-amd64-20261006222440
run-03129,binary-64kib,aes-192-cfb128,14,false,65536,65536,65859,0,0,0,0,0,0,0,2040900,true,200,,windows-amd64-20261006222440
run-03130,binary-64kib,aes-192-cfb128,15,false,65536,65536,65859,0,0,0,0,0,0,0,997200,true,200,,windows-amd64-20261006222440
run-03131,binary-64kib,aes-192-cfb128,16,false,65536,65536,65859,0,0,0,0,0,0,0,2044200,true,200,,windows-amd64-20261006222440
run-03132,binary-64kib,aes-192-cfb128,17,false,65536,65536,65859,0,0,1000000,0,0,0,0,2001300,true,200,,windows-amd64-20261006222440
run-03133,binary-64kib,aes-192-cfb128,18,false,65536,65536,65859,0,0,0,0,0,0,1285000,1285200,true,200,,windows-amd64-20261006222440
run-03134,binary-64kib,aes-192-cfb128,19,false,65536,65536,65859,0,0,0,0,0,0,0,2007500,true,200,,windows-amd64-20261006222440
run-03135,binary-64kib,aes-192-cfb128,20,false,65536,65536,65859,0,0,0,0,0,0,0,506400,true,200,,windows-amd64-20261006222440
run-03136,binary-64kib,aes-192-cfb128,21,false,65536,65536,65859,0,0,0,0,0,0,0,1005700,true,200,,windows-amd64-20261006222440
run-03137,binary-64kib,aes-192-cfb128,22,false,65536,65536,65859,0,0,0,0,0,0,0,1000300,true,200,,windows-amd64-20261006222440
run-03138,binary-64kib,aes-192-cfb128,23,false,65536,65536,65859,0,0,0,0,0,0,0,0,true,200,,windows-amd64-20261006222440
run-03139,binary-64kib,aes-192-cfb128,24,false,65536,65536,65859,0,0,0,0,0,0,0,1000600,true,200,,windows-amd64-20261006222440
run-03140,binary-64kib,aes-192-cfb128,25,false,65536,65536,65859,0,0,0,0,999000,0,999000,999400,true,200,,windows-amd64-20261006222440
run-03141,binary-64kib,aes-192-cfb128,26,false,65536,65536,65859,0,0,0,0,0,0,0,1000000,true,200,,windows-amd64-20261006222440
run-03142,binary-64kib,aes-192-cfb128,27,false,65536,65536,65859,0,0,0,0,0,0,0,999400,true,200,,windows-amd64-20261006222440
run-03143,binary-64kib,aes-192-cfb128,28,false,65536,65536,65859,0,0,0,0,0,0,0,0,true,200,,windows-amd64-20261006222440
run-03144,binary-64kib,aes-192-cfb128,29,false,65536,65536,65859,0,0,0,0,1000000,0,1000000,1000000,true,200,,windows-amd64-20261006222440
run-03145,binary-64kib,aes-192-cfb128,30,false,65536,65536,65859,0,0,0,0,0,0,0,0,true,200,,windows-amd64-20261006222440
run-03146,binary-64kib,aes-192-cfb128,31,false,65536,65536,65859,0,0,1097000,0,0,0,0,1097200,true,200,,windows-amd64-20261006222440
run-03147,binary-64kib,aes-192-cfb128,32,false,65536,65536,65859,0,0,1000999,0,0,0,0,1001100,true,200,,windows-amd64-20261006222440
run-03148,binary-64kib,aes-192-cfb128,33,false,65536,65536,65859,0,0,0,0,0,0,0,0,true,200,,windows-amd64-20261006222440
run-03149,binary-64kib,aes-192-cfb128,34,false,65536,65536,65859,0,0,0,0,0,510000,510000,1509500,true,200,,windows-amd64-20261006222440
run-03150,binary-64kib,aes-192-cfb128,35,false,65536,65536,65859,0,0,0,0,0,0,0,1002700,true,200,,windows-amd64-20261006222440
run-03151,binary-64kib,aes-192-ofb,1,true,65536,65536,65856,0,0,0,0,0,0,0,999400,true,200,,windows-amd64-20261006222440
run-03152,binary-64kib,aes-192-ofb,2,true,65536,65536,65856,0,0,0,0,0,0,0,0,true,200,,windows-amd64-20261006222440
run-03153,binary-64kib,aes-192-ofb,3,true,65536,65536,65856,0,0,0,0,0,0,0,996000,true,200,,windows-amd64-20261006222440
run-03154,binary-64kib,aes-192-ofb,4,true,65536,65536,65856,0,0,0,0,0,0,0,0,true,200,,windows-amd64-20261006222440
run-03155,binary-64kib,aes-192-ofb,5,true,65536,65536,65856,0,0,0,0,0,0,0,1000600,true,200,,windows-amd64-20261006222440
run-03156,binary-64kib,aes-192-ofb,6,false,65536,65536,65856,0,0,0,0,0,0,0,0,true,200,,windows-amd64-20261006222440
run-03157,binary-64kib,aes-192-ofb,7,false,65536,65536,65856,0,0,0,0,0,1506000,1506000,1506800,true,200,,windows-amd64-20261006222440
run-03158,binary-64kib,aes-192-ofb,8,false,65536,65536,65856,0,0,0,0,0,0,0,1006000,true,200,,windows-amd64-20261006222440
run-03159,binary-64kib,aes-192-ofb,9,false,65536,65536,65856,0,0,0,0,0,0,0,0,true,200,,windows-amd64-20261006222440
run-03160,binary-64kib,aes-192-ofb,10,false,65536,65536,65856,0,0,0,0,0,0,0,0,true,200,,windows-amd64-20261006222440
run-03161,binary-64kib,aes-192-ofb,11,false,65536,65536,65856,0,0,0,0,0,0,0,0,true,200,,windows-amd64-20261006222440
run-03162,binary-64kib,aes-192-ofb,12,false,65536,65536,65856,0,0,1505000,0,0,0,0,1505100,true,200,,windows-amd64-20261006222440
run-03163,binary-64kib,aes-192-ofb,13,false,65536,65536,65856,0,0,0,0,1006999,0,1006999,1007300,true,200,,windows-amd64-20261006222440
run-03164,binary-64kib,aes-192-ofb,14,false,65536,65536,65856,0,0,0,0,0,0,0,0,true,200,,windows-amd64-20261006222440
run-03165,binary-64kib,aes-192-ofb,15,false,65536,65536,65856,0,0,999000,0,0,0,0,999100,true,200,,windows-amd64-20261006222440
run-03166,binary-64kib,aes-192-ofb,16,false,65536,65536,65856,0,0,0,0,0,0,0,0,true,200,,windows-amd64-20261006222440
run-03167,binary-64kib,aes-192-ofb,17,false,65536,65536,65856,0,0,0,0,0,0,0,1001300,true,200,,windows-amd64-20261006222440
run-03168,binary-64kib,aes-192-ofb,18,false,65536,65536,65856,0,0,0,0,0,0,0,999600,true,200,,windows-amd64-20261006222440
run-03169,binary-64kib,aes-192-ofb,19,false,65536,65536,65856,0,0,0,0,0,0,0,0,true,200,,windows-amd64-20261006222440
run-03170,binary-64kib,aes-192-ofb,20,false,65536,65536,65856,0,0,0,0,0,0,0,1000500,true,200,,windows-amd64-20261006222440
run-03171,binary-64kib,aes-192-ofb,21,false,65536,65536,65856,0,0,0,0,0,0,0,0,true,200,,windows-amd64-20261006222440
run-03172,binary-64kib,aes-192-ofb,22,false,65536,65536,65856,0,0,0,0,1505000,0,1505000,1505500,true,200,,windows-amd64-20261006222440
run-03173,binary-64kib,aes-192-ofb,23,false,65536,65536,65856,0,0,0,0,0,0,0,1008000,true,200,,windows-amd64-20261006222440
run-03174,binary-64kib,aes-192-ofb,24,false,65536,65536,65856,0,0,0,0,0,0,0,1000800,true,200,,windows-amd64-20261006222440
run-03175,binary-64kib,aes-192-ofb,25,false,65536,65536,65856,0,0,0,0,0,0,0,1997900,true,200,,windows-amd64-20261006222440
run-03176,binary-64kib,aes-192-ofb,26,false,65536,65536,65856,0,0,0,0,0,0,0,0,true,200,,windows-amd64-20261006222440
run-03177,binary-64kib,aes-192-ofb,27,false,65536,65536,65856,0,0,0,0,0,0,0,1048600,true,200,,windows-amd64-20261006222440
run-03178,binary-64kib,aes-192-ofb,28,false,65536,65536,65856,0,0,0,0,0,0,0,999200,true,200,,windows-amd64-20261006222440
run-03179,binary-64kib,aes-192-ofb,29,false,65536,65536,65856,0,0,0,0,0,1000000,1000000,1000900,true,200,,windows-amd64-20261006222440
run-03180,binary-64kib,aes-192-ofb,30,false,65536,65536,65856,0,0,0,0,0,0,0,0,true,200,,windows-amd64-20261006222440
run-03181,binary-64kib,aes-192-ofb,31,false,65536,65536,65856,0,0,0,0,0,0,0,1001000,true,200,,windows-amd64-20261006222440
run-03182,binary-64kib,aes-192-ofb,32,false,65536,65536,65856,0,0,0,0,0,0,0,999200,true,200,,windows-amd64-20261006222440
run-03183,binary-64kib,aes-192-ofb,33,false,65536,65536,65856,0,0,0,0,0,0,0,999700,true,200,,windows-amd64-20261006222440
run-03184,binary-64kib,aes-192-ofb,34,false,65536,65536,65856,0,0,0,0,0,0,0,0,true,200,,windows-amd64-20261006222440
run-03185,binary-64kib,aes-192-ofb,35,false,65536,65536,65856,0,0,0,0,0,1040999,1040999,1041900,true,200,,windows-amd64-20261006222440
run-03186,binary-64kib,aes-192-ctr,1,true,65536,65536,65856,0,0,0,0,0,0,0,0,true,200,,windows-amd64-20261006222440
run-03187,binary-64kib,aes-192-ctr,2,true,65536,65536,65856,0,0,0,0,0,0,0,1000300,true,200,,windows-amd64-20261006222440
run-03188,binary-64kib,aes-192-ctr,3,true,65536,65536,65856,0,0,1000000,0,0,0,0,1000100,true,200,,windows-amd64-20261006222440
run-03189,binary-64kib,aes-192-ctr,4,true,65536,65536,65856,0,0,0,0,0,0,0,0,true,200,,windows-amd64-20261006222440
run-03190,binary-64kib,aes-192-ctr,5,true,65536,65536,65856,0,0,0,0,0,0,0,1001300,true,200,,windows-amd64-20261006222440
run-03191,binary-64kib,aes-192-ctr,6,false,65536,65536,65856,0,0,0,0,0,0,0,0,true,200,,windows-amd64-20261006222440
run-03192,binary-64kib,aes-192-ctr,7,false,65536,65536,65856,0,0,0,0,0,0,0,1424400,true,200,,windows-amd64-20261006222440
run-03193,binary-64kib,aes-192-ctr,8,false,65536,65536,65856,0,0,0,0,0,0,0,0,true,200,,windows-amd64-20261006222440
run-03194,binary-64kib,aes-192-ctr,9,false,65536,65536,65856,0,0,0,0,0,0,0,0,true,200,,windows-amd64-20261006222440
run-03195,binary-64kib,aes-192-ctr,10,false,65536,65536,65856,0,0,0,0,0,0,0,999500,true,200,,windows-amd64-20261006222440
run-03196,binary-64kib,aes-192-ctr,11,false,65536,65536,65856,0,0,0,0,0,0,0,0,true,200,,windows-amd64-20261006222440
run-03197,binary-64kib,aes-192-ctr,12,false,65536,65536,65856,0,0,1002000,0,0,0,0,1002000,true,200,,windows-amd64-20261006222440
run-03198,binary-64kib,aes-192-ctr,13,false,65536,65536,65856,0,0,1507000,0,0,0,0,1507100,true,200,,windows-amd64-20261006222440
run-03199,binary-64kib,aes-192-ctr,14,false,65536,65536,65856,0,0,0,0,0,0,0,1009500,true,200,,windows-amd64-20261006222440
run-03200,binary-64kib,aes-192-ctr,15,false,65536,65536,65856,0,0,0,0,997000,0,997000,997400,true,200,,windows-amd64-20261006222440
run-03201,binary-64kib,aes-192-ctr,16,false,65536,65536,65856,0,0,0,0,0,0,0,0,true,200,,windows-amd64-20261006222440
run-03202,binary-64kib,aes-192-ctr,17,false,65536,65536,65856,0,0,0,0,0,0,0,1000100,true,200,,windows-amd64-20261006222440
run-03203,binary-64kib,aes-192-ctr,18,false,65536,65536,65856,0,0,0,0,0,0,0,0,true,200,,windows-amd64-20261006222440
run-03204,binary-64kib,aes-192-ctr,19,false,65536,65536,65856,0,0,0,0,0,0,0,1505300,true,200,,windows-amd64-20261006222440
run-03205,binary-64kib,aes-192-ctr,20,false,65536,65536,65856,0,0,0,0,0,0,0,0,true,200,,windows-amd64-20261006222440
run-03206,binary-64kib,aes-192-ctr,21,false,65536,65536,65856,0,0,0,0,0,0,0,0,true,200,,windows-amd64-20261006222440
run-03207,binary-64kib,aes-192-ctr,22,false,65536,65536,65856,0,0,0,0,0,0,0,999100,true,200,,windows-amd64-20261006222440
run-03208,binary-64kib,aes-192-ctr,23,false,65536,65536,65856,0,0,0,0,0,0,0,0,true,200,,windows-amd64-20261006222440
run-03209,binary-64kib,aes-192-ctr,24,false,65536,65536,65856,0,0,0,0,0,0,0,0,true,200,,windows-amd64-20261006222440
run-03210,binary-64kib,aes-192-ctr,25,false,65536,65536,65856,0,0,0,0,0,0,0,998800,true,200,,windows-amd64-20261006222440
run-03211,binary-64kib,aes-192-ctr,26,false,65536,65536,65856,0,0,0,0,0,0,0,0,true,200,,windows-amd64-20261006222440
run-03212,binary-64kib,aes-192-ctr,27,false,65536,65536,65856,0,0,0,0,0,0,0,1505000,true,200,,windows-amd64-20261006222440
run-03213,binary-64kib,aes-192-ctr,28,false,65536,65536,65856,0,0,0,0,0,0,0,0,true,200,,windows-amd64-20261006222440
run-03214,binary-64kib,aes-192-ctr,29,false,65536,65536,65856,0,0,0,0,0,0,0,1005700,true,200,,windows-amd64-20261006222440
run-03215,binary-64kib,aes-192-ctr,30,false,65536,65536,65856,0,0,0,0,0,0,0,1001400,true,200,,windows-amd64-20261006222440
run-03216,binary-64kib,aes-192-ctr,31,false,65536,65536,65856,0,0,0,0,0,0,0,0,true,200,,windows-amd64-20261006222440
run-03217,binary-64kib,aes-192-ctr,32,false,65536,65536,65856,0,0,0,0,0,0,0,998100,true,200,,windows-amd64-20261006222440
run-03218,binary-64kib,aes-192-ctr,33,false,65536,65536,65856,0,0,998000,0,0,0,0,2000800,true,200,,windows-amd64-20261006222440
run-03219,binary-64kib,aes-192-ctr,34,false,65536,65536,65856,0,0,0,0,0,0,0,1331000,true,200,,windows-amd64-20261006222440
run-03220,binary-64kib,aes-192-ctr,35,false,65536,65536,65856,0,0,0,0,0,0,0,995500,true,200,,windows-amd64-20261006222440
run-03221,binary-64kib,aes-256-cbc,1,true,65536,65552,65872,0,0,0,0,0,998000,998000,998600,true,200,,windows-amd64-20261006222440
run-03222,binary-64kib,aes-256-cbc,2,true,65536,65552,65872,0,0,0,0,0,0,0,0,true,200,,windows-amd64-20261006222440
run-03223,binary-64kib,aes-256-cbc,3,true,65536,65552,65872,0,0,0,0,0,0,0,1505300,true,200,,windows-amd64-20261006222440
run-03224,binary-64kib,aes-256-cbc,4,true,65536,65552,65872,0,0,0,0,0,0,0,0,true,200,,windows-amd64-20261006222440
run-03225,binary-64kib,aes-256-cbc,5,true,65536,65552,65872,0,0,0,0,0,0,0,1006300,true,200,,windows-amd64-20261006222440
run-03226,binary-64kib,aes-256-cbc,6,false,65536,65552,65872,0,0,0,0,0,1000000,1000000,1000700,true,200,,windows-amd64-20261006222440
run-03227,binary-64kib,aes-256-cbc,7,false,65536,65552,65872,0,0,0,0,0,0,0,998700,true,200,,windows-amd64-20261006222440
run-03228,binary-64kib,aes-256-cbc,8,false,65536,65552,65872,0,0,0,0,0,0,0,0,true,200,,windows-amd64-20261006222440
run-03229,binary-64kib,aes-256-cbc,9,false,65536,65552,65872,0,0,0,0,0,0,0,1001400,true,200,,windows-amd64-20261006222440
run-03230,binary-64kib,aes-256-cbc,10,false,65536,65552,65872,0,0,0,0,0,0,0,0,true,200,,windows-amd64-20261006222440
run-03231,binary-64kib,aes-256-cbc,11,false,65536,65552,65872,0,0,0,0,0,0,0,0,true,200,,windows-amd64-20261006222440
run-03232,binary-64kib,aes-256-cbc,12,false,65536,65552,65872,0,0,0,0,0,0,0,1504600,true,200,,windows-amd64-20261006222440
run-03233,binary-64kib,aes-256-cbc,13,false,65536,65552,65872,0,0,0,0,0,0,0,1005000,true,200,,windows-amd64-20261006222440
run-03234,binary-64kib,aes-256-cbc,14,false,65536,65552,65872,0,0,0,0,0,0,0,0,true,200,,windows-amd64-20261006222440
run-03235,binary-64kib,aes-256-cbc,15,false,65536,65552,65872,0,0,0,0,0,1000000,1000000,1000200,true,200,,windows-amd64-20261006222440
run-03236,binary-64kib,aes-256-cbc,16,false,65536,65552,65872,0,0,0,0,0,0,0,0,true,200,,windows-amd64-20261006222440
run-03237,binary-64kib,aes-256-cbc,17,false,65536,65552,65872,0,0,0,0,0,0,0,1505200,true,200,,windows-amd64-20261006222440
run-03238,binary-64kib,aes-256-cbc,18,false,65536,65552,65872,0,0,1000000,0,0,0,0,2009100,true,200,,windows-amd64-20261006222440
run-03239,binary-64kib,aes-256-cbc,19,false,65536,65552,65872,0,0,1000000,0,0,0,0,1000100,true,200,,windows-amd64-20261006222440
run-03240,binary-64kib,aes-256-cbc,20,false,65536,65552,65872,0,0,0,0,0,0,0,0,true,200,,windows-amd64-20261006222440
run-03241,binary-64kib,aes-256-cbc,21,false,65536,65552,65872,0,0,0,0,0,0,0,997600,true,200,,windows-amd64-20261006222440
run-03242,binary-64kib,aes-256-cbc,22,false,65536,65552,65872,0,0,0,0,0,0,0,1000800,true,200,,windows-amd64-20261006222440
run-03243,binary-64kib,aes-256-cbc,23,false,65536,65552,65872,0,0,0,0,0,0,0,998600,true,200,,windows-amd64-20261006222440
run-03244,binary-64kib,aes-256-cbc,24,false,65536,65552,65872,0,0,0,0,0,0,0,0,true,200,,windows-amd64-20261006222440
run-03245,binary-64kib,aes-256-cbc,25,false,65536,65552,65872,0,0,0,0,1117000,0,1117000,1117900,true,200,,windows-amd64-20261006222440
run-03246,binary-64kib,aes-256-cbc,26,false,65536,65552,65872,0,0,0,0,0,0,0,0,true,200,,windows-amd64-20261006222440
run-03247,binary-64kib,aes-256-cbc,27,false,65536,65552,65872,0,0,0,0,999000,0,999000,999800,true,200,,windows-amd64-20261006222440
run-03248,binary-64kib,aes-256-cbc,28,false,65536,65552,65872,0,0,0,0,0,0,0,1000200,true,200,,windows-amd64-20261006222440
run-03249,binary-64kib,aes-256-cbc,29,false,65536,65552,65872,0,0,0,0,0,0,0,0,true,200,,windows-amd64-20261006222440
run-03250,binary-64kib,aes-256-cbc,30,false,65536,65552,65872,0,0,0,0,1000000,0,1000000,1000200,true,200,,windows-amd64-20261006222440
run-03251,binary-64kib,aes-256-cbc,31,false,65536,65552,65872,0,0,0,0,0,0,0,0,true,200,,windows-amd64-20261006222440
run-03252,binary-64kib,aes-256-cbc,32,false,65536,65552,65872,0,0,0,0,0,0,0,1270700,true,200,,windows-amd64-20261006222440
run-03253,binary-64kib,aes-256-cbc,33,false,65536,65552,65872,0,0,0,0,0,0,0,0,true,200,,windows-amd64-20261006222440
run-03254,binary-64kib,aes-256-cbc,34,false,65536,65552,65872,0,0,0,0,0,0,0,0,true,200,,windows-amd64-20261006222440
run-03255,binary-64kib,aes-256-cbc,35,false,65536,65552,65872,0,0,1000000,0,0,0,0,1000500,true,200,,windows-amd64-20261006222440
run-03256,binary-64kib,aes-256-cfb128,1,true,65536,65536,65859,0,0,0,0,0,0,0,0,true,200,,windows-amd64-20261006222440
run-03257,binary-64kib,aes-256-cfb128,2,true,65536,65536,65859,0,0,0,0,0,652000,652000,2677900,true,200,,windows-amd64-20261006222440
run-03258,binary-64kib,aes-256-cfb128,3,true,65536,65536,65859,0,0,0,1006999,0,0,1006999,1007500,true,200,,windows-amd64-20261006222440
run-03259,binary-64kib,aes-256-cfb128,4,true,65536,65536,65859,0,0,1000000,0,0,0,0,1000500,true,200,,windows-amd64-20261006222440
run-03260,binary-64kib,aes-256-cfb128,5,true,65536,65536,65859,0,0,0,0,0,0,0,0,true,200,,windows-amd64-20261006222440
run-03261,binary-64kib,aes-256-cfb128,6,false,65536,65536,65859,0,0,0,0,0,0,0,1078900,true,200,,windows-amd64-20261006222440
run-03262,binary-64kib,aes-256-cfb128,7,false,65536,65536,65859,0,0,0,0,0,0,0,1006600,true,200,,windows-amd64-20261006222440
run-03263,binary-64kib,aes-256-cfb128,8,false,65536,65536,65859,0,0,0,0,0,0,0,0,true,200,,windows-amd64-20261006222440
run-03264,binary-64kib,aes-256-cfb128,9,false,65536,65536,65859,0,0,0,0,0,0,0,1000200,true,200,,windows-amd64-20261006222440
run-03265,binary-64kib,aes-256-cfb128,10,false,65536,65536,65859,0,0,0,0,0,0,0,999800,true,200,,windows-amd64-20261006222440
run-03266,binary-64kib,aes-256-cfb128,11,false,65536,65536,65859,0,0,0,0,0,999000,999000,999900,true,200,,windows-amd64-20261006222440
run-03267,binary-64kib,aes-256-cfb128,12,false,65536,65536,65859,0,0,0,0,0,0,0,0,true,200,,windows-amd64-20261006222440
run-03268,binary-64kib,aes-256-cfb128,13,false,65536,65536,65859,0,0,0,0,0,0,0,1000200,true,200,,windows-amd64-20261006222440
run-03269,binary-64kib,aes-256-cfb128,14,false,65536,65536,65859,0,0,0,0,0,0,0,999700,true,200,,windows-amd64-20261006222440
run-03270,binary-64kib,aes-256-cfb128,15,false,65536,65536,65859,0,0,0,0,0,0,0,0,true,200,,windows-amd64-20261006222440
run-03271,binary-64kib,aes-256-cfb128,16,false,65536,65536,65859,0,0,0,0,0,0,0,1133600,true,200,,windows-amd64-20261006222440
run-03272,binary-64kib,aes-256-cfb128,17,false,65536,65536,65859,0,0,0,0,0,0,0,999500,true,200,,windows-amd64-20261006222440
run-03273,binary-64kib,aes-256-cfb128,18,false,65536,65536,65859,0,0,0,0,0,0,0,0,true,200,,windows-amd64-20261006222440
run-03274,binary-64kib,aes-256-cfb128,19,false,65536,65536,65859,0,0,0,0,0,1000000,1000000,1000800,true,200,,windows-amd64-20261006222440
run-03275,binary-64kib,aes-256-cfb128,20,false,65536,65536,65859,0,0,0,0,0,0,0,1000000,true,200,,windows-amd64-20261006222440
run-03276,binary-64kib,aes-256-cfb128,21,false,65536,65536,65859,0,0,0,0,0,0,0,0,true,200,,windows-amd64-20261006222440
run-03277,binary-64kib,aes-256-cfb128,22,false,65536,65536,65859,0,0,0,0,0,0,0,1306200,true,200,,windows-amd64-20261006222440
run-03278,binary-64kib,aes-256-cfb128,23,false,65536,65536,65859,0,0,0,0,0,0,0,999500,true,200,,windows-amd64-20261006222440
run-03279,binary-64kib,aes-256-cfb128,24,false,65536,65536,65859,0,0,0,0,0,0,0,999300,true,200,,windows-amd64-20261006222440
run-03280,binary-64kib,aes-256-cfb128,25,false,65536,65536,65859,0,0,0,0,0,0,0,0,true,200,,windows-amd64-20261006222440
run-03281,binary-64kib,aes-256-cfb128,26,false,65536,65536,65859,0,0,0,0,0,0,0,0,true,200,,windows-amd64-20261006222440
run-03282,binary-64kib,aes-256-cfb128,27,false,65536,65536,65859,0,0,0,0,999000,0,999000,999700,true,200,,windows-amd64-20261006222440
run-03283,binary-64kib,aes-256-cfb128,28,false,65536,65536,65859,0,0,0,0,0,0,0,0,true,200,,windows-amd64-20261006222440
run-03284,binary-64kib,aes-256-cfb128,29,false,65536,65536,65859,0,0,0,0,0,0,0,998700,true,200,,windows-amd64-20261006222440
run-03285,binary-64kib,aes-256-cfb128,30,false,65536,65536,65859,0,0,0,0,0,1034999,1034999,1035700,true,200,,windows-amd64-20261006222440
run-03286,binary-64kib,aes-256-cfb128,31,false,65536,65536,65859,0,0,0,0,0,0,0,997900,true,200,,windows-amd64-20261006222440
run-03287,binary-64kib,aes-256-cfb128,32,false,65536,65536,65859,0,0,0,0,0,0,0,0,true,200,,windows-amd64-20261006222440
run-03288,binary-64kib,aes-256-cfb128,33,false,65536,65536,65859,0,0,0,0,0,0,0,0,true,200,,windows-amd64-20261006222440
run-03289,binary-64kib,aes-256-cfb128,34,false,65536,65536,65859,0,0,0,0,0,0,0,1506000,true,200,,windows-amd64-20261006222440
run-03290,binary-64kib,aes-256-cfb128,35,false,65536,65536,65859,0,0,0,0,0,0,0,2006000,true,200,,windows-amd64-20261006222440
run-03291,binary-64kib,aes-256-ofb,1,true,65536,65536,65856,0,0,0,0,0,0,0,0,true,200,,windows-amd64-20261006222440
run-03292,binary-64kib,aes-256-ofb,2,true,65536,65536,65856,0,0,0,0,0,0,0,0,true,200,,windows-amd64-20261006222440
run-03293,binary-64kib,aes-256-ofb,3,true,65536,65536,65856,0,0,0,0,0,0,0,999500,true,200,,windows-amd64-20261006222440
run-03294,binary-64kib,aes-256-ofb,4,true,65536,65536,65856,0,0,0,0,0,0,0,999100,true,200,,windows-amd64-20261006222440
run-03295,binary-64kib,aes-256-ofb,5,true,65536,65536,65856,0,0,0,0,0,0,0,0,true,200,,windows-amd64-20261006222440
run-03296,binary-64kib,aes-256-ofb,6,false,65536,65536,65856,0,0,1513000,0,0,0,0,1513700,true,200,,windows-amd64-20261006222440
run-03297,binary-64kib,aes-256-ofb,7,false,65536,65536,65856,0,0,0,0,0,0,0,1005800,true,200,,windows-amd64-20261006222440
run-03298,binary-64kib,aes-256-ofb,8,false,65536,65536,65856,0,0,0,0,0,0,0,0,true,200,,windows-amd64-20261006222440
run-03299,binary-64kib,aes-256-ofb,9,false,65536,65536,65856,0,0,0,0,0,0,0,0,true,200,,windows-amd64-20261006222440
run-03300,binary-64kib,aes-256-ofb,10,false,65536,65536,65856,0,0,0,0,1506000,0,1506000,1506500,true,200,,windows-amd64-20261006222440
run-03301,binary-64kib,aes-256-ofb,11,false,65536,65536,65856,0,0,1006000,0,0,0,0,1006800,true,200,,windows-amd64-20261006222440
run-03302,binary-64kib,aes-256-ofb,12,false,65536,65536,65856,0,0,1000000,0,0,0,0,1000900,true,200,,windows-amd64-20261006222440
run-03303,binary-64kib,aes-256-ofb,13,false,65536,65536,65856,0,0,0,0,0,999000,999000,1998100,true,200,,windows-amd64-20261006222440
run-03304,binary-64kib,aes-256-ofb,14,false,65536,65536,65856,0,0,0,0,0,0,0,0,true,200,,windows-amd64-20261006222440
run-03305,binary-64kib,aes-256-ofb,15,false,65536,65536,65856,0,0,0,0,0,0,0,0,true,200,,windows-amd64-20261006222440
run-03306,binary-64kib,aes-256-ofb,16,false,65536,65536,65856,0,0,0,0,0,999000,999000,999300,true,200,,windows-amd64-20261006222440
run-03307,binary-64kib,aes-256-ofb,17,false,65536,65536,65856,0,0,0,0,999000,0,999000,999800,true,200,,windows-amd64-20261006222440
run-03308,binary-64kib,aes-256-ofb,18,false,65536,65536,65856,0,0,0,0,0,0,0,0,true,200,,windows-amd64-20261006222440
run-03309,binary-64kib,aes-256-ofb,19,false,65536,65536,65856,0,0,0,0,0,0,0,1030400,true,200,,windows-amd64-20261006222440
run-03310,binary-64kib,aes-256-ofb,20,false,65536,65536,65856,0,0,0,0,0,0,0,1001700,true,200,,windows-amd64-20261006222440
run-03311,binary-64kib,aes-256-ofb,21,false,65536,65536,65856,0,0,0,0,0,999000,999000,999100,true,200,,windows-amd64-20261006222440
run-03312,binary-64kib,aes-256-ofb,22,false,65536,65536,65856,0,0,0,0,0,0,0,0,true,200,,windows-amd64-20261006222440
run-03313,binary-64kib,aes-256-ofb,23,false,65536,65536,65856,0,0,0,0,0,0,0,1187900,true,200,,windows-amd64-20261006222440
run-03314,binary-64kib,aes-256-ofb,24,false,65536,65536,65856,0,0,0,0,0,0,0,998800,true,200,,windows-amd64-20261006222440
run-03315,binary-64kib,aes-256-ofb,25,false,65536,65536,65856,0,0,1000999,0,0,0,0,1001000,true,200,,windows-amd64-20261006222440
run-03316,binary-64kib,aes-256-ofb,26,false,65536,65536,65856,0,0,1000000,0,0,0,0,1000200,true,200,,windows-amd64-20261006222440
run-03317,binary-64kib,aes-256-ofb,27,false,65536,65536,65856,0,0,0,0,0,0,0,0,true,200,,windows-amd64-20261006222440
run-03318,binary-64kib,aes-256-ofb,28,false,65536,65536,65856,0,0,0,0,0,0,0,998600,true,200,,windows-amd64-20261006222440
run-03319,binary-64kib,aes-256-ofb,29,false,65536,65536,65856,0,0,0,0,0,999000,999000,999900,true,200,,windows-amd64-20261006222440
run-03320,binary-64kib,aes-256-ofb,30,false,65536,65536,65856,0,0,0,0,0,0,0,2023400,true,200,,windows-amd64-20261006222440
run-03321,binary-64kib,aes-256-ofb,31,false,65536,65536,65856,0,0,0,0,0,0,0,1525600,true,200,,windows-amd64-20261006222440
run-03322,binary-64kib,aes-256-ofb,32,false,65536,65536,65856,0,0,0,0,0,0,0,0,true,200,,windows-amd64-20261006222440
run-03323,binary-64kib,aes-256-ofb,33,false,65536,65536,65856,0,0,1004999,0,0,0,0,1005700,true,200,,windows-amd64-20261006222440
run-03324,binary-64kib,aes-256-ofb,34,false,65536,65536,65856,0,0,0,0,0,0,0,1000500,true,200,,windows-amd64-20261006222440
run-03325,binary-64kib,aes-256-ofb,35,false,65536,65536,65856,0,0,999000,0,0,0,0,999700,true,200,,windows-amd64-20261006222440
run-03326,binary-64kib,aes-256-ctr,1,true,65536,65536,65856,0,0,0,0,0,0,0,0,true,200,,windows-amd64-20261006222440
run-03327,binary-64kib,aes-256-ctr,2,true,65536,65536,65856,0,0,0,0,0,0,0,999700,true,200,,windows-amd64-20261006222440
run-03328,binary-64kib,aes-256-ctr,3,true,65536,65536,65856,0,0,0,0,0,0,0,999900,true,200,,windows-amd64-20261006222440
run-03329,binary-64kib,aes-256-ctr,4,true,65536,65536,65856,0,0,0,0,0,0,0,1000500,true,200,,windows-amd64-20261006222440
run-03330,binary-64kib,aes-256-ctr,5,true,65536,65536,65856,0,0,0,0,0,0,0,630000,true,200,,windows-amd64-20261006222440
run-03331,binary-64kib,aes-256-ctr,6,false,65536,65536,65856,0,0,0,0,0,0,0,1007800,true,200,,windows-amd64-20261006222440
run-03332,binary-64kib,aes-256-ctr,7,false,65536,65536,65856,0,0,0,0,0,0,0,1158300,true,200,,windows-amd64-20261006222440
run-03333,binary-64kib,aes-256-ctr,8,false,65536,65536,65856,0,0,0,0,0,0,0,0,true,200,,windows-amd64-20261006222440
run-03334,binary-64kib,aes-256-ctr,9,false,65536,65536,65856,0,0,0,0,0,0,0,1504600,true,200,,windows-amd64-20261006222440
run-03335,binary-64kib,aes-256-ctr,10,false,65536,65536,65856,0,0,0,0,0,0,0,0,true,200,,windows-amd64-20261006222440
run-03336,binary-64kib,aes-256-ctr,11,false,65536,65536,65856,0,0,0,0,0,0,0,1005800,true,200,,windows-amd64-20261006222440
run-03337,binary-64kib,aes-256-ctr,12,false,65536,65536,65856,0,0,0,0,0,0,0,999900,true,200,,windows-amd64-20261006222440
run-03338,binary-64kib,aes-256-ctr,13,false,65536,65536,65856,0,0,0,0,0,1006999,1006999,2009900,true,200,,windows-amd64-20261006222440
run-03339,binary-64kib,aes-256-ctr,14,false,65536,65536,65856,0,0,0,0,0,0,0,995400,true,200,,windows-amd64-20261006222440
run-03340,binary-64kib,aes-256-ctr,15,false,65536,65536,65856,0,0,0,0,0,0,0,1017000,true,200,,windows-amd64-20261006222440
run-03341,binary-64kib,aes-256-ctr,16,false,65536,65536,65856,0,0,1508000,0,0,0,0,1508500,true,200,,windows-amd64-20261006222440
run-03342,binary-64kib,aes-256-ctr,17,false,65536,65536,65856,0,0,0,0,0,0,0,1011300,true,200,,windows-amd64-20261006222440
run-03343,binary-64kib,aes-256-ctr,18,false,65536,65536,65856,0,0,0,0,0,0,0,0,true,200,,windows-amd64-20261006222440
run-03344,binary-64kib,aes-256-ctr,19,false,65536,65536,65856,0,0,0,0,0,0,0,1508000,true,200,,windows-amd64-20261006222440
run-03345,binary-64kib,aes-256-ctr,20,false,65536,65536,65856,0,0,0,0,0,0,0,0,true,200,,windows-amd64-20261006222440
run-03346,binary-64kib,aes-256-ctr,21,false,65536,65536,65856,0,0,0,0,0,0,0,2007500,true,200,,windows-amd64-20261006222440
run-03347,binary-64kib,aes-256-ctr,22,false,65536,65536,65856,0,0,0,0,0,0,0,1001800,true,200,,windows-amd64-20261006222440
run-03348,binary-64kib,aes-256-ctr,23,false,65536,65536,65856,0,0,0,0,0,0,0,996500,true,200,,windows-amd64-20261006222440
run-03349,binary-64kib,aes-256-ctr,24,false,65536,65536,65856,0,0,1000000,0,0,0,0,1000800,true,200,,windows-amd64-20261006222440
run-03350,binary-64kib,aes-256-ctr,25,false,65536,65536,65856,0,0,0,0,0,0,998000,998400,true,200,,windows-amd64-20261006222440
run-03351,binary-64kib,aes-256-ctr,26,false,65536,65536,65856,0,0,0,0,0,0,0,1000600,true,200,,windows-amd64-20261006222440
run-03352,binary-64kib,aes-256-ctr,27,false,65536,65536,65856,0,0,0,0,0,0,0,1506800,true,200,,windows-amd64-20261006222440
run-03353,binary-64kib,aes-256-ctr,28,false,65536,65536,65856,0,0,0,0,0,0,0,0,true,200,,windows-amd64-20261006222440
run-03354,binary-64kib,aes-256-ctr,29,false,65536,65536,65856,0,0,0,0,0,0,0,2516100,true,200,,windows-amd64-20261006222440
run-03355,binary-64kib,aes-256-ctr,30,false,65536,65536,65856,0,0,0,0,0,0,0,1001700,true,200,,windows-amd64-20261006222440
run-03356,binary-64kib,aes-256-ctr,31,false,65536,65536,65856,0,0,999000,0,0,0,0,999700,true,200,,windows-amd64-20261006222440
run-03357,binary-64kib,aes-256-ctr,32,false,65536,65536,65856,0,0,0,0,0,0,0,999600,true,200,,windows-amd64-20261006222440
run-03358,binary-64kib,aes-256-ctr,33,false,65536,65536,65856,0,0,0,0,0,0,0,0,true,200,,windows-amd64-20261006222440
run-03359,binary-64kib,aes-256-ctr,34,false,65536,65536,65856,0,0,0,0,0,0,0,2001400,true,200,,windows-amd64-20261006222440
run-03360,binary-64kib,aes-256-ctr,35,false,65536,65536,65856,0,0,0,0,0,0,0,1508600,true,200,,windows-amd64-20261006222440
run-03361,binary-64kib,des-cbc,1,true,65536,65544,65848,1539100,1539100,0,0,0,997000,997000,3006800,true,200,,windows-amd64-20261006222440
run-03362,binary-64kib,des-cbc,2,true,65536,65544,65848,1539100,1539100,0,0,0,1002000,1002000,1002100,true,200,,windows-amd64-20261006222440
run-03363,binary-64kib,des-cbc,3,true,65536,65544,65848,1539100,1539100,0,0,0,1040999,1040999,2040500,true,200,,windows-amd64-20261006222440
run-03364,binary-64kib,des-cbc,4,true,65536,65544,65848,1539100,1539100,0,0,0,1509000,1509000,2517400,true,200,,windows-amd64-20261006222440
run-03365,binary-64kib,des-cbc,5,true,65536,65544,65848,1539100,1539100,0,0,507000,1006999,1515000,4442500,true,200,,windows-amd64-20261006222440
run-03366,binary-64kib,des-cbc,6,false,65536,65544,65848,1539100,1539100,1002999,0,0,998000,998000,2002100,true,200,,windows-amd64-20261006222440
run-03367,binary-64kib,des-cbc,7,false,65536,65544,65848,1539100,1539100,0,0,0,1000999,1000999,1999500,true,200,,windows-amd64-20261006222440
run-03368,binary-64kib,des-cbc,8,false,65536,65544,65848,1539100,1539100,508000,0,0,1008999,1008999,2515500,true,200,,windows-amd64-20261006222440
run-03369,binary-64kib,des-cbc,9,false,65536,65544,65848,1539100,1539100,0,0,0,2999000,2999000,4002900,true,200,,windows-amd64-20261006222440
run-03370,binary-64kib,des-cbc,10,false,65536,65544,65848,1539100,1539100,0,0,0,1999000,1999000,2999700,true,200,,windows-amd64-20261006222440
run-03371,binary-64kib,des-cbc,11,false,65536,65544,65848,1539100,1539100,0,0,0,1018999,1018999,3341500,true,200,,windows-amd64-20261006222440
run-03372,binary-64kib,des-cbc,12,false,65536,65544,65848,1539100,1539100,0,0,0,997000,997000,1995200,true,200,,windows-amd64-20261006222440
run-03373,binary-64kib,des-cbc,13,false,65536,65544,65848,1539100,1539100,0,0,0,2001000,3003000,3003400,true,200,,windows-amd64-20261006222440
run-03374,binary-64kib,des-cbc,14,false,65536,65544,65848,1539100,1539100,1004999,0,0,1518000,1518000,4539000,true,200,,windows-amd64-20261006222440
run-03375,binary-64kib,des-cbc,15,false,65536,65544,65848,1539100,1539100,1000000,0,0,1999000,1999000,3999500,true,200,,windows-amd64-20261006222440
run-03376,binary-64kib,des-cbc,16,false,65536,65544,65848,1539100,1539100,0,0,0,2033999,2033999,4041700,true,200,,windows-amd64-20261006222440
run-03377,binary-64kib,des-cbc,17,false,65536,65544,65848,1539100,1539100,1000000,0,0,999000,999000,3001000,true,200,,windows-amd64-20261006222440
run-03378,binary-64kib,des-cbc,18,false,65536,65544,65848,1539100,1539100,0,0,0,1000999,1000999,1998300,true,200,,windows-amd64-20261006222440
run-03379,binary-64kib,des-cbc,19,false,65536,65544,65848,1539100,1539100,1002999,0,0,1508000,1508000,4521900,true,200,,windows-amd64-20261006222440
run-03380,binary-64kib,des-cbc,20,false,65536,65544,65848,1539100,1539100,0,0,0,1008999,1008999,2518900,true,200,,windows-amd64-20261006222440
run-03381,binary-64kib,des-cbc,21,false,65536,65544,65848,1539100,1539100,997000,0,0,1024999,1024999,2023500,true,200,,windows-amd64-20261006222440
run-03382,binary-64kib,des-cbc,22,false,65536,65544,65848,1539100,1539100,0,0,0,2001000,2001000,2976400,true,200,,windows-amd64-20261006222440
run-03383,binary-64kib,des-cbc,23,false,65536,65544,65848,1539100,1539100,0,0,0,1513000,1513000,1513200,true,200,,windows-amd64-20261006222440
run-03384,binary-64kib,des-cbc,24,false,65536,65544,65848,1539100,1539100,1545000,0,0,1006000,1006000,2551200,true,200,,windows-amd64-20261006222440
run-03385,binary-64kib,des-cbc,25,false,65536,65544,65848,1539100,1539100,0,0,0,996000,996000,3048000,true,200,,windows-amd64-20261006222440
run-03386,binary-64kib,des-cbc,26,false,65536,65544,65848,1539100,1539100,0,0,0,1010000,1010000,1010900,true,200,,windows-amd64-20261006222440
run-03387,binary-64kib,des-cbc,27,false,65536,65544,65848,1539100,1539100,0,0,0,1931000,1931000,3511800,true,200,,windows-amd64-20261006222440
run-03388,binary-64kib,des-cbc,28,false,65536,65544,65848,1539100,1539100,0,0,0,1508000,1508000,1508500,true,200,,windows-amd64-20261006222440
run-03389,binary-64kib,des-cbc,29,false,65536,65544,65848,1539100,1539100,0,0,0,2000000,2000000,3010100,true,200,,windows-amd64-20261006222440
run-03390,binary-64kib,des-cbc,30,false,65536,65544,65848,1539100,1539100,0,0,0,2000000,2000000,2999400,true,200,,windows-amd64-20261006222440
run-03391,binary-64kib,des-cbc,31,false,65536,65544,65848,1539100,1539100,1000999,0,0,1000000,1000000,2513100,true,200,,windows-amd64-20261006222440
run-03392,binary-64kib,des-cbc,32,false,65536,65544,65848,1539100,1539100,0,0,0,1000000,1000000,2003800,true,200,,windows-amd64-20261006222440
run-03393,binary-64kib,des-cbc,33,false,65536,65544,65848,1539100,1539100,0,0,0,1014000,1014000,3414800,true,200,,windows-amd64-20261006222440
run-03394,binary-64kib,des-cbc,34,false,65536,65544,65848,1539100,1539100,0,0,0,1998000,1998000,2968700,true,200,,windows-amd64-20261006222440
run-03395,binary-64kib,des-cbc,35,false,65536,65544,65848,1539100,1539100,0,0,0,2103000,2103000,3106200,true,200,,windows-amd64-20261006222440
run-03396,binary-64kib,rc4-256,1,true,65536,65536,65828,998300,998300,1250000,0,0,0,0,2251400,true,200,,windows-amd64-20261006222440
run-03397,binary-64kib,rc4-256,2,true,65536,65536,65828,998300,998300,1139000,0,0,0,0,1139000,true,200,,windows-amd64-20261006222440
run-03398,binary-64kib,rc4-256,3,true,65536,65536,65828,998300,998300,0,0,0,0,0,1015800,true,200,,windows-amd64-20261006222440
run-03399,binary-64kib,rc4-256,4,true,65536,65536,65828,998300,998300,0,1010999,0,508000,1519000,3032000,true,200,,windows-amd64-20261006222440
run-03400,binary-64kib,rc4-256,5,true,65536,65536,65828,998300,998300,0,0,0,0,0,1008900,true,200,,windows-amd64-20261006222440
run-03401,binary-64kib,rc4-256,6,false,65536,65536,65828,998300,998300,0,0,0,998000,998000,2000000,true,200,,windows-amd64-20261006222440
run-03402,binary-64kib,rc4-256,7,false,65536,65536,65828,998300,998300,0,0,0,0,0,1046100,true,200,,windows-amd64-20261006222440
run-03403,binary-64kib,rc4-256,8,false,65536,65536,65828,998300,998300,0,0,0,0,0,999500,true,200,,windows-amd64-20261006222440
run-03404,binary-64kib,rc4-256,9,false,65536,65536,65828,998300,998300,0,0,0,0,0,1999200,true,200,,windows-amd64-20261006222440
run-03405,binary-64kib,rc4-256,10,false,65536,65536,65828,998300,998300,0,0,1004000,0,1004000,1004400,true,200,,windows-amd64-20261006222440
run-03406,binary-64kib,rc4-256,11,false,65536,65536,65828,998300,998300,0,0,0,0,0,1507500,true,200,,windows-amd64-20261006222440
run-03407,binary-64kib,rc4-256,12,false,65536,65536,65828,998300,998300,0,0,0,0,0,677100,true,200,,windows-amd64-20261006222440
run-03408,binary-64kib,rc4-256,13,false,65536,65536,65828,998300,998300,0,0,0,0,0,1008900,true,200,,windows-amd64-20261006222440
run-03409,binary-64kib,rc4-256,14,false,65536,65536,65828,998300,998300,0,0,0,0,0,2758300,true,200,,windows-amd64-20261006222440
run-03410,binary-64kib,rc4-256,15,false,65536,65536,65828,998300,998300,0,0,546000,0,546000,1973400,true,200,,windows-amd64-20261006222440
run-03411,binary-64kib,rc4-256,16,false,65536,65536,65828,998300,998300,0,0,0,540000,540000,1080900,true,200,,windows-amd64-20261006222440
run-03412,binary-64kib,rc4-256,17,false,65536,65536,65828,998300,998300,0,0,0,531000,531000,1102100,true,200,,windows-amd64-20261006222440
run-03413,binary-64kib,rc4-256,18,false,65536,65536,65828,998300,998300,537000,0,0,0,0,1060100,true,200,,windows-amd64-20261006222440
run-03414,binary-64kib,rc4-256,19,false,65536,65536,65828,998300,998300,0,0,0,542000,542000,1086900,true,200,,windows-amd64-20261006222440
run-03415,binary-64kib,rc4-256,20,false,65536,65536,65828,998300,998300,565000,0,0,0,0,1679400,true,200,,windows-amd64-20261006222440
run-03416,binary-64kib,rc4-256,21,false,65536,65536,65828,998300,998300,543000,0,0,419000,419000,963400,true,200,,windows-amd64-20261006222440
run-03417,binary-64kib,rc4-256,22,false,65536,65536,65828,998300,998300,0,0,0,0,0,1114300,true,200,,windows-amd64-20261006222440
run-03418,binary-64kib,rc4-256,23,false,65536,65536,65828,998300,998300,0,0,0,0,0,1087700,true,200,,windows-amd64-20261006222440
run-03419,binary-64kib,rc4-256,24,false,65536,65536,65828,998300,998300,0,0,0,538000,538000,538000,true,200,,windows-amd64-20261006222440
run-03420,binary-64kib,rc4-256,25,false,65536,65536,65828,998300,998300,1062000,953000,0,0,953000,3618400,true,200,,windows-amd64-20261006222440
run-03421,binary-64kib,rc4-256,26,false,65536,65536,65828,998300,998300,0,0,0,0,536000,1733000,true,200,,windows-amd64-20261006222440
run-03422,binary-64kib,rc4-256,27,false,65536,65536,65828,998300,998300,562000,0,0,0,0,1099000,true,200,,windows-amd64-20261006222440
run-03423,binary-64kib,rc4-256,28,false,65536,65536,65828,998300,998300,539000,0,0,0,0,539100,true,200,,windows-amd64-20261006222440
run-03424,binary-64kib,rc4-256,29,false,65536,65536,65828,998300,998300,0,0,0,537000,537000,1074300,true,200,,windows-amd64-20261006222440
run-03425,binary-64kib,rc4-256,30,false,65536,65536,65828,998300,998300,0,0,0,531000,531000,1681500,true,200,,windows-amd64-20261006222440
run-03426,binary-64kib,rc4-256,31,false,65536,65536,65828,998300,998300,0,0,0,0,0,533900,true,200,,windows-amd64-20261006222440
run-03427,binary-64kib,rc4-256,32,false,65536,65536,65828,998300,998300,0,0,0,517000,517000,1061300,true,200,,windows-amd64-20261006222440
run-03428,binary-64kib,rc4-256,33,false,65536,65536,65828,998300,998300,533000,0,0,0,0,1703900,true,200,,windows-amd64-20261006222440
run-03429,binary-64kib,rc4-256,34,false,65536,65536,65828,998300,998300,566000,0,0,0,0,566800,true,200,,windows-amd64-20261006222440
run-03430,binary-64kib,rc4-256,35,false,65536,65536,65828,998300,998300,547000,0,0,0,0,2191100,true,200,,windows-amd64-20261006222440
run-03431,binary-1mib,aes-128-cbc,1,true,1048576,1048592,1048914,1010500,3779500,2043000,0,0,1006999,1006999,5056600,true,200,,windows-amd64-20261006222440
run-03432,binary-1mib,aes-128-cbc,2,true,1048576,1048592,1048914,1010500,3779500,1516000,0,0,2012000,2012000,5527100,true,200,,windows-amd64-20261006222440
run-03433,binary-1mib,aes-128-cbc,3,true,1048576,1048592,1048914,1010500,3779500,2011000,0,997000,999000,1996000,7084400,true,200,,windows-amd64-20261006222440
run-03434,binary-1mib,aes-128-cbc,4,true,1048576,1048592,1048914,1010500,3779500,0,0,1008999,1000999,3519000,5517000,true,200,,windows-amd64-20261006222440
run-03435,binary-1mib,aes-128-cbc,5,true,1048576,1048592,1048914,1010500,3779500,0,0,1509000,1762000,3272000,5866800,true,200,,windows-amd64-20261006222440
run-03436,binary-1mib,aes-128-cbc,6,false,1048576,1048592,1048914,1010500,3779500,2274000,0,1068000,533000,1602000,6579900,true,200,,windows-amd64-20261006222440
run-03437,binary-1mib,aes-128-cbc,7,false,1048576,1048592,1048914,1010500,3779500,1092000,0,1058000,542000,1601000,4858400,true,200,,windows-amd64-20261006222440
run-03438,binary-1mib,aes-128-cbc,8,false,1048576,1048592,1048914,1010500,3779500,534000,0,523000,544000,1631000,4400000,true,200,,windows-amd64-20261006222440
run-03439,binary-1mib,aes-128-cbc,9,false,1048576,1048592,1048914,1010500,3779500,2471000,0,1064000,573000,1638000,18208600,true,200,,windows-amd64-20261006222440
run-03440,binary-1mib,aes-128-cbc,10,false,1048576,1048592,1048914,1010500,3779500,1635000,0,1142000,573000,1715000,4451700,true,200,,windows-amd64-20261006222440
run-03441,binary-1mib,aes-128-cbc,11,false,1048576,1048592,1048914,1010500,3779500,1663000,0,1117000,1619000,2736000,6040900,true,200,,windows-amd64-20261006222440
run-03442,binary-1mib,aes-128-cbc,12,false,1048576,1048592,1048914,1010500,3779500,1074000,0,1073000,1064000,2137000,16291200,true,200,,windows-amd64-20261006222440
run-03443,binary-1mib,aes-128-cbc,13,false,1048576,1048592,1048914,1010500,3779500,1105000,542000,520000,572000,1635000,29354500,true,200,,windows-amd64-20261006222440
run-03444,binary-1mib,aes-128-cbc,14,false,1048576,1048592,1048914,1010500,3779500,2775000,0,1153000,2854000,4008000,10932400,true,200,,windows-amd64-20261006222440
run-03445,binary-1mib,aes-128-cbc,15,false,1048576,1048592,1048914,1010500,3779500,1705000,0,1643000,2878000,4521000,10663000,true,200,,windows-amd64-20261006222440
run-03446,binary-1mib,aes-128-cbc,16,false,1048576,1048592,1048914,1010500,3779500,3002000,0,520000,1162000,1683000,6928600,true,200,,windows-amd64-20261006222440
run-03447,binary-1mib,aes-128-cbc,17,false,1048576,1048592,1048914,1010500,3779500,1114000,575000,543000,2273000,3392000,27242200,true,200,,windows-amd64-20261006222440
run-03448,binary-1mib,aes-128-cbc,18,false,1048576,1048592,1048914,1010500,3779500,2828000,0,1831000,1231000,3062000,9385500,true,200,,windows-amd64-20261006222440
run-03449,binary-1mib,aes-128-cbc,19,false,1048576,1048592,1048914,1010500,3779500,3067000,0,2322000,1755000,4078000,12881100,true,200,,windows-amd64-20261006222440
run-03450,binary-1mib,aes-128-cbc,20,false,1048576,1048592,1048914,1010500,3779500,1723000,0,1934000,3267000,5202000,9911400,true,200,,windows-amd64-20261006222440
run-03451,binary-1mib,aes-128-cbc,21,false,1048576,1048592,1048914,1010500,3779500,2296000,527000,1224000,1194000,2945000,23253500,true,200,,windows-amd64-20261006222440
run-03452,binary-1mib,aes-128-cbc,22,false,1048576,1048592,1048914,1010500,3779500,2507000,0,1191000,1165000,2357000,7192000,true,200,,windows-amd64-20261006222440
run-03453,binary-1mib,aes-128-cbc,23,false,1048576,1048592,1048914,1010500,3779500,3686000,0,1651000,2778000,4430000,34611500,true,200,,windows-amd64-20261006222440
run-03454,binary-1mib,aes-128-cbc,24,false,1048576,1048592,1048914,1010500,3779500,2799000,0,1900000,2362000,4262000,9341200,true,200,,windows-amd64-20261006222440
run-03455,binary-1mib,aes-128-cbc,25,false,1048576,1048592,1048914,1010500,3779500,518000,0,1113000,2459000,3572000,9057500,true,200,,windows-amd64-20261006222440
run-03456,binary-1mib,aes-128-cbc,26,false,1048576,1048592,1048914,1010500,3779500,4091999,0,2250000,1139000,4032000,23067500,true,200,,windows-amd64-20261006222440
run-03457,binary-1mib,aes-128-cbc,27,false,1048576,1048592,1048914,1010500,3779500,2350000,0,1754000,3252000,5007000,29196100,true,200,,windows-amd64-20261006222440
run-03458,binary-1mib,aes-128-cbc,28,false,1048576,1048592,1048914,1010500,3779500,4873000,0,1721000,3000000,4721000,14656500,true,200,,windows-amd64-20261006222440
run-03459,binary-1mib,aes-128-cbc,29,false,1048576,1048592,1048914,1010500,3779500,1702000,0,1732000,1118000,2851000,6791900,true,200,,windows-amd64-20261006222440
run-03460,binary-1mib,aes-128-cbc,30,false,1048576,1048592,1048914,1010500,3779500,3667000,0,1774000,1162000,2937000,19785500,true,200,,windows-amd64-20261006222440
run-03461,binary-1mib,aes-128-cbc,31,false,1048576,1048592,1048914,1010500,3779500,2873000,0,1817000,3028000,5463000,13468200,true,200,,windows-amd64-20261006222440
run-03462,binary-1mib,aes-128-cbc,32,false,1048576,1048592,1048914,1010500,3779500,3945000,0,1164000,1056000,2220000,10865600,true,200,,windows-amd64-20261006222440
run-03463,binary-1mib,aes-128-cbc,33,false,1048576,1048592,1048914,1010500,3779500,4487000,0,559000,2786000,3346000,11455200,true,200,,windows-amd64-20261006222440
run-03464,binary-1mib,aes-128-cbc,34,false,1048576,1048592,1048914,1010500,3779500,4609000,0,1103000,0,1103000,19543100,true,200,,windows-amd64-20261006222440
run-03465,binary-1mib,aes-128-cbc,35,false,1048576,1048592,1048914,1010500,3779500,2372000,600000,592000,3503000,4696000,9971100,true,200,,windows-amd64-20261006222440
run-03466,binary-1mib,aes-128-cfb128,1,true,1048576,1048576,1048901,7118300,8827400,1706000,536000,1829000,3793000,6159000,11987600,true,200,,windows-amd64-20261006222440
run-03467,binary-1mib,aes-128-cfb128,2,true,1048576,1048576,1048901,7118300,8827400,2602000,0,1632000,1085000,2717000,24267900,true,200,,windows-amd64-20261006222440
run-03468,binary-1mib,aes-128-cfb128,3,true,1048576,1048576,1048901,7118300,8827400,4512000,0,1694000,4694000,6389000,30566800,true,200,,windows-amd64-20261006222440
run-03469,binary-1mib,aes-128-cfb128,4,true,1048576,1048576,1048901,7118300,8827400,1205000,0,1074000,2249000,3323000,7545800,true,200,,windows-amd64-20261006222440
run-03470,binary-1mib,aes-128-cfb128,5,true,1048576,1048576,1048901,7118300,8827400,1103000,0,1064000,1706000,2771000,4942700,true,200,,windows-amd64-20261006222440
run-03471,binary-1mib,aes-128-cfb128,6,false,1048576,1048576,1048901,7118300,8827400,1614000,0,590000,1671000,2262000,4449300,true,200,,windows-amd64-20261006222440
run-03472,binary-1mib,aes-128-cfb128,7,false,1048576,1048576,1048901,7118300,8827400,538000,0,546000,1690000,2236000,5004800,true,200,,windows-amd64-20261006222440
run-03473,binary-1mib,aes-128-cfb128,8,false,1048576,1048576,1048901,7118300,8827400,2250000,0,1109000,2206000,3316000,8449800,true,200,,windows-amd64-20261006222440
run-03474,binary-1mib,aes-128-cfb128,9,false,1048576,1048576,1048901,7118300,8827400,3450000,0,1967000,2803000,4771000,10443600,true,200,,windows-amd64-20261006222440
run-03475,binary-1mib,aes-128-cfb128,10,false,1048576,1048576,1048901,7118300,8827400,1106000,0,1156000,1514000,2671000,8913900,true,200,,windows-amd64-20261006222440
run-03476,binary-1mib,aes-128-cfb128,11,false,1048576,1048576,1048901,7118300,8827400,2237000,0,552000,1605000,2158000,7275900,true,200,,windows-amd64-20261006222440
run-03477,binary-1mib,aes-128-cfb128,12,false,1048576,1048576,1048901,7118300,8827400,1623000,588000,1202000,5773000,7564000,13963600,true,200,,windows-amd64-20261006222440
run-03478,binary-1mib,aes-128-cfb128,13,false,1048576,1048576,1048901,7118300,8827400,3746000,0,1420000,2769000,4190000,20961100,true,200,,windows-amd64-20261006222440
run-03479,binary-1mib,aes-128-cfb128,14,false,1048576,1048576,1048901,7118300,8827400,4171999,0,1203000,1053000,2256000,9785300,true,200,,windows-amd64-20261006222440
run-03480,binary-1mib,aes-128-cfb128,15,false,1048576,1048576,1048901,7118300,8827400,1611000,0,1218000,5357000,6575000,33873400,true,200,,windows-amd64-20261006222440
run-03481,binary-1mib,aes-128-cfb128,16,false,1048576,1048576,1048901,7118300,8827400,1192000,0,1097000,2919000,4017000,29899900,true,200,,windows-amd64-20261006222440
run-03482,binary-1mib,aes-128-cfb128,17,false,1048576,1048576,1048901,7118300,8827400,2351000,0,1165000,3184000,4350000,7922000,true,200,,windows-amd64-20261006222440
run-03483,binary-1mib,aes-128-cfb128,18,false,1048576,1048576,1048901,7118300,8827400,2371000,0,1479000,2011000,3490000,8851300,true,200,,windows-amd64-20261006222440
run-03484,binary-1mib,aes-128-cfb128,19,false,1048576,1048576,1048901,7118300,8827400,1670000,0,1823000,4274000,6097000,26493500,true,200,,windows-amd64-20261006222440
run-03485,binary-1mib,aes-128-cfb128,20,false,1048576,1048576,1048901,7118300,8827400,2718000,0,1165000,4282000,5448000,27734900,true,200,,windows-amd64-20261006222440
run-03486,binary-1mib,aes-128-cfb128,21,false,1048576,1048576,1048901,7118300,8827400,3082000,0,1249000,4397000,5647000,29539800,true,200,,windows-amd64-20261006222440
run-03487,binary-1mib,aes-128-cfb128,22,false,1048576,1048576,1048901,7118300,8827400,3062000,0,2252000,5519000,8430000,28541000,true,200,,windows-amd64-20261006222440
run-03488,binary-1mib,aes-128-cfb128,23,false,1048576,1048576,1048901,7118300,8827400,6466000,0,1267000,5684000,6951000,17680700,true,200,,windows-amd64-20261006222440
run-03489,binary-1mib,aes-128-cfb128,24,false,1048576,1048576,1048901,7118300,8827400,5159000,0,1778000,5645000,7423000,16026400,true,200,,windows-amd64-20261006222440
run-03490,binary-1mib,aes-128-cfb128,25,false,1048576,1048576,1048901,7118300,8827400,1244000,0,1243000,1752000,2996000,8923700,true,200,,windows-amd64-20261006222440
run-03491,binary-1mib,aes-128-cfb128,26,false,1048576,1048576,1048901,7118300,8827400,2326000,0,1916000,1906000,3823000,9083700,true,200,,windows-amd64-20261006222440
run-03492,binary-1mib,aes-128-cfb128,27,false,1048576,1048576,1048901,7118300,8827400,603000,0,1514000,4218000,5732000,29854500,true,200,,windows-amd64-20261006222440
run-03493,binary-1mib,aes-128-cfb128,28,false,1048576,1048576,1048901,7118300,8827400,3944000,0,1846000,4956000,6802000,28805400,true,200,,windows-amd64-20261006222440
run-03494,binary-1mib,aes-128-cfb128,29,false,1048576,1048576,1048901,7118300,8827400,2649000,0,1939000,3633000,5572000,13041900,true,200,,windows-amd64-20261006222440
run-03495,binary-1mib,aes-128-cfb128,30,false,1048576,1048576,1048901,7118300,8827400,2089000,706000,1821000,3364000,5891000,12060600,true,200,,windows-amd64-20261006222440
run-03496,binary-1mib,aes-128-cfb128,31,false,1048576,1048576,1048901,7118300,8827400,2584000,0,1188000,3818000,5006000,10633800,true,200,,windows-amd64-20261006222440
run-03497,binary-1mib,aes-128-cfb128,32,false,1048576,1048576,1048901,7118300,8827400,3511000,0,2016000,4436000,6452000,31421700,true,200,,windows-amd64-20261006222440
run-03498,binary-1mib,aes-128-cfb128,33,false,1048576,1048576,1048901,7118300,8827400,4321000,0,1905000,3243000,5148000,12498100,true,200,,windows-amd64-20261006222440
run-03499,binary-1mib,aes-128-cfb128,34,false,1048576,1048576,1048901,7118300,8827400,1778000,0,1809000,4326000,6135000,10819500,true,200,,windows-amd64-20261006222440
run-03500,binary-1mib,aes-128-cfb128,35,false,1048576,1048576,1048901,7118300,8827400,3182000,554000,1402000,3720000,5677000,12410400,true,200,,windows-amd64-20261006222440
run-03501,binary-1mib,aes-128-ofb,1,true,1048576,1048576,1048898,5236000,7164100,1910000,0,1994000,2964000,4959000,12652300,true,200,,windows-amd64-20261006222440
run-03502,binary-1mib,aes-128-ofb,2,true,1048576,1048576,1048898,5236000,7164100,2971000,0,1192000,1249000,2441000,7348500,true,200,,windows-amd64-20261006222440
run-03503,binary-1mib,aes-128-ofb,3,true,1048576,1048576,1048898,5236000,7164100,1216000,0,1235000,2730000,3966000,22503300,true,200,,windows-amd64-20261006222440
run-03504,binary-1mib,aes-128-ofb,4,true,1048576,1048576,1048898,5236000,7164100,1863000,0,1476000,2501000,4657000,12818600,true,200,,windows-amd64-20261006222440
run-03505,binary-1mib,aes-128-ofb,5,true,1048576,1048576,1048898,5236000,7164100,1326000,0,1268000,2860000,4128000,7242400,true,200,,windows-amd64-20261006222440
run-03506,binary-1mib,aes-128-ofb,6,false,1048576,1048576,1048898,5236000,7164100,1856000,0,1500000,1393000,2893000,6057900,true,200,,windows-amd64-20261006222440
run-03507,binary-1mib,aes-128-ofb,7,false,1048576,1048576,1048898,5236000,7164100,1839000,0,1159000,590000,1749000,4767100,true,200,,windows-amd64-20261006222440
run-03508,binary-1mib,aes-128-ofb,8,false,1048576,1048576,1048898,5236000,7164100,602000,0,1197000,621000,1818000,4367700,true,200,,windows-amd64-20261006222440
run-03509,binary-1mib,aes-128-ofb,9,false,1048576,1048576,1048898,5236000,7164100,3133000,0,1667000,1805000,3473000,8161100,true,200,,windows-amd64-20261006222440
run-03510,binary-1mib,aes-128-ofb,10,false,1048576,1048576,1048898,5236000,7164100,1082000,0,587000,1098000,1685000,23314000,true,200,,windows-amd64-20261006222440
run-03511,binary-1mib,aes-128-ofb,11,false,1048576,1048576,1048898,5236000,7164100,2395000,0,1219000,3151000,4371000,9866200,true,200,,windows-amd64-20261006222440
run-03512,binary-1mib,aes-128-ofb,12,false,1048576,1048576,1048898,5236000,7164100,2510000,0,1159000,2998000,4158000,31666400,true,200,,windows-amd64-20261006222440
run-03513,binary-1mib,aes-128-ofb,13,false,1048576,1048576,1048898,5236000,7164100,3094000,0,1940000,4571000,6512000,27175800,true,200,,windows-amd64-20261006222440
run-03514,binary-1mib,aes-128-ofb,14,false,1048576,1048576,1048898,5236000,7164100,2716000,0,2272000,2400000,4673000,10333600,true,200,,windows-amd64-20261006222440
run-03515,binary-1mib,aes-128-ofb,15,false,1048576,1048576,1048898,5236000,7164100,3060000,0,1689000,2295000,3985000,10726500,true,200,,windows-amd64-20261006222440
run-03516,binary-1mib,aes-128-ofb,16,false,1048576,1048576,1048898,5236000,7164100,2319000,0,1107000,2505000,3612000,8081800,true,200,,windows-amd64-20261006222440
run-03517,binary-1mib,aes-128-ofb,17,false,1048576,1048576,1048898,5236000,7164100,1710000,0,1088000,1162000,2251000,4511100,true,200,,windows-amd64-20261006222440
run-03518,binary-1mib,aes-128-ofb,18,false,1048576,1048576,1048898,5236000,7164100,3116000,0,1830000,3184000,5565000,11335500,true,200,,windows-amd64-20261006222440
run-03519,binary-1mib,aes-128-ofb,19,false,1048576,1048576,1048898,5236000,7164100,1821000,0,1399000,2141000,3540000,8430600,true,200,,windows-amd64-20261006222440
run-03520,binary-1mib,aes-128-ofb,20,false,1048576,1048576,1048898,5236000,7164100,1665000,617000,1351000,1198000,3166000,6623200,true,200,,windows-amd64-20261006222440
run-03521,binary-1mib,aes-128-ofb,21,false,1048576,1048576,1048898,5236000,7164100,1128000,0,1938000,2438000,4376000,6659600,true,200,,windows-amd64-20261006222440
run-03522,binary-1mib,aes-128-ofb,22,false,1048576,1048576,1048898,5236000,7164100,1186000,0,524000,3752000,4277000,6651600,true,200,,windows-amd64-20261006222440
run-03523,binary-1mib,aes-128-ofb,23,false,1048576,1048576,1048898,5236000,7164100,1219000,0,1786000,1212000,2998000,5868300,true,200,,windows-amd64-20261006222440
run-03524,binary-1mib,aes-128-ofb,24,false,1048576,1048576,1048898,5236000,7164100,1630000,0,576000,1656000,2232000,6735100,true,200,,windows-amd64-20261006222440
run-03525,binary-1mib,aes-128-ofb,25,false,1048576,1048576,1048898,5236000,7164100,1163000,0,1120000,1179000,2300000,18879600,true,200,,windows-amd64-20261006222440
run-03526,binary-1mib,aes-128-ofb,26,false,1048576,1048576,1048898,5236000,7164100,2433000,0,1728000,2916000,4644000,32939700,true,200,,windows-amd64-20261006222440
run-03527,binary-1mib,aes-128-ofb,27,false,1048576,1048576,1048898,5236000,7164100,2819000,0,1298000,2711000,4010000,12061400,true,200,,windows-amd64-20261006222440
run-03528,binary-1mib,aes-128-ofb,28,false,1048576,1048576,1048898,5236000,7164100,1751000,0,2451000,1809000,4879000,10161300,true,200,,windows-amd64-20261006222440
run-03529,binary-1mib,aes-128-ofb,29,false,1048576,1048576,1048898,5236000,7164100,1264000,0,1262000,1760000,3023000,31667300,true,200,,windows-amd64-20261006222440
run-03530,binary-1mib,aes-128-ofb,30,false,1048576,1048576,1048898,5236000,7164100,3031000,565000,1821000,2021000,4408000,11460100,true,200,,windows-amd64-20261006222440
run-03531,binary-1mib,aes-128-ofb,31,false,1048576,1048576,1048898,5236000,7164100,2891000,0,1169000,3138000,4308000,12133400,true,200,,windows-amd64-20261006222440
run-03532,binary-1mib,aes-128-ofb,32,false,1048576,1048576,1048898,5236000,7164100,2429000,0,1016999,2264000,3282000,32187600,true,200,,windows-amd64-20261006222440
run-03533,binary-1mib,aes-128-ofb,33,false,1048576,1048576,1048898,5236000,7164100,2450000,0,1116000,1923000,3039000,10491800,true,200,,windows-amd64-20261006222440
run-03534,binary-1mib,aes-128-ofb,34,false,1048576,1048576,1048898,5236000,7164100,3679000,604000,1771000,1974000,4350000,10299200,true,200,,windows-amd64-20261006222440
run-03535,binary-1mib,aes-128-ofb,35,false,1048576,1048576,1048898,5236000,7164100,3096000,0,1324000,2294000,4266000,13395500,true,200,,windows-amd64-20261006222440
run-03536,binary-1mib,aes-128-ctr,1,true,1048576,1048576,1048898,977700,1978500,1989000,0,1000000,1002000,2003000,22017700,true,200,,windows-amd64-20261006222440
run-03537,binary-1mib,aes-128-ctr,2,true,1048576,1048576,1048898,977700,1978500,3579000,0,1947000,591000,2906000,29756100,true,200,,windows-amd64-20261006222440
run-03538,binary-1mib,aes-128-ctr,3,true,1048576,1048576,1048898,977700,1978500,2473000,571000,1288000,617000,3042000,9305000,true,200,,windows-amd64-20261006222440
run-03539,binary-1mib,aes-128-ctr,4,true,1048576,1048576,1048898,977700,1978500,3451000,0,1825000,580000,2406000,19511500,true,200,,windows-amd64-20261006222440
run-03540,binary-1mib,aes-128-ctr,5,true,1048576,1048576,1048898,977700,1978500,3029000,0,1236000,584000,1820000,12258600,true,200,,windows-amd64-20261006222440
run-03541,binary-1mib,aes-128-ctr,6,false,1048576,1048576,1048898,977700,1978500,3774000,622000,1909000,620000,3152000,13392400,true,200,,windows-amd64-20261006222440
run-03542,binary-1mib,aes-128-ctr,7,false,1048576,1048576,1048898,977700,1978500,2662000,0,2649000,0,2649000,10779200,true,200,,windows-amd64-20261006222440
run-03543,binary-1mib,aes-128-ctr,8,false,1048576,1048576,1048898,977700,1978500,3966000,0,2474000,0,2474000,9317400,true,200,,windows-amd64-20261006222440
run-03544,binary-1mib,aes-128-ctr,9,false,1048576,1048576,1048898,977700,1978500,1129000,0,1816000,693000,2510000,6528600,true,200,,windows-amd64-20261006222440
run-03545,binary-1mib,aes-128-ctr,10,false,1048576,1048576,1048898,977700,1978500,1116000,0,1093000,0,1620000,27130200,true,200,,windows-amd64-20261006222440
run-03546,binary-1mib,aes-128-ctr,11,false,1048576,1048576,1048898,977700,1978500,2407000,0,1276000,619000,1895000,6159800,true,200,,windows-amd64-20261006222440
run-03547,binary-1mib,aes-128-ctr,12,false,1048576,1048576,1048898,977700,1978500,1167000,518000,594000,564000,1677000,23394800,true,200,,windows-amd64-20261006222440
run-03548,binary-1mib,aes-128-ctr,13,false,1048576,1048576,1048898,977700,1978500,1218000,0,2519000,0,3048000,30975900,true,200,,windows-amd64-20261006222440
run-03549,binary-1mib,aes-128-ctr,14,false,1048576,1048576,1048898,977700,1978500,3539000,0,1755000,730000,2486000,30774200,true,200,,windows-amd64-20261006222440
run-03550,binary-1mib,aes-128-ctr,15,false,1048576,1048576,1048898,977700,1978500,3795000,0,1599000,778000,2378000,13124700,true,200,,windows-amd64-20261006222440
run-03551,binary-1mib,aes-128-ctr,16,false,1048576,1048576,1048898,977700,1978500,4239000,0,2562000,3517000,6079000,28438600,true,200,,windows-amd64-20261006222440
run-03552,binary-1mib,aes-128-ctr,17,false,1048576,1048576,1048898,977700,1978500,2662000,658000,2147000,1502000,4308000,15680200,true,200,,windows-amd64-20261006222440
run-03553,binary-1mib,aes-128-ctr,18,false,1048576,1048576,1048898,977700,1978500,2555000,0,1889000,1935000,3825000,10932700,true,200,,windows-amd64-20261006222440
run-03554,binary-1mib,aes-128-ctr,19,false,1048576,1048576,1048898,977700,1978500,3213000,0,1127000,1925000,3052000,11730800,true,200,,windows-amd64-20261006222440
run-03555,binary-1mib,aes-128-ctr,20,false,1048576,1048576,1048898,977700,1978500,1618000,0,1157000,1352000,3098000,8393600,true,200,,windows-amd64-20261006222440
run-03556,binary-1mib,aes-128-ctr,21,false,1048576,1048576,1048898,977700,1978500,564000,0,1087000,574000,1661000,5141400,true,200,,windows-amd64-20261006222440
run-03557,binary-1mib,aes-128-ctr,22,false,1048576,1048576,1048898,977700,1978500,1301000,0,552000,1897000,2450000,27959800,true,200,,windows-amd64-20261006222440
run-03558,binary-1mib,aes-128-ctr,23,false,1048576,1048576,1048898,977700,1978500,2316000,0,1744000,1766000,3510000,9716400,true,200,,windows-amd64-20261006222440
run-03559,binary-1mib,aes-128-ctr,24,false,1048576,1048576,1048898,977700,1978500,1102000,0,545000,1297000,1843000,4168000,true,200,,windows-amd64-20261006222440
run-03560,binary-1mib,aes-128-ctr,25,false,1048576,1048576,1048898,977700,1978500,1067000,0,1070000,1167000,2238000,5048900,true,200,,windows-amd64-20261006222440
run-03561,binary-1mib,aes-128-ctr,26,false,1048576,1048576,1048898,977700,1978500,1113000,0,544000,565000,1110000,20723900,true,200,,windows-amd64-20261006222440
run-03562,binary-1mib,aes-128-ctr,27,false,1048576,1048576,1048898,977700,1978500,2338000,0,535000,1797000,2332000,6999600,true,200,,windows-amd64-20261006222440
run-03563,binary-1mib,aes-128-ctr,28,false,1048576,1048576,1048898,977700,1978500,2490000,0,1147000,532000,1679000,8439800,true,200,,windows-amd64-20261006222440
run-03564,binary-1mib,aes-128-ctr,29,false,1048576,1048576,1048898,977700,1978500,1092000,0,1106000,1112000,2219000,5108400,true,200,,windows-amd64-20261006222440
run-03565,binary-1mib,aes-128-ctr,30,false,1048576,1048576,1048898,977700,1978500,1774000,0,1780000,653000,2434000,21501000,true,200,,windows-amd64-20261006222440
run-03566,binary-1mib,aes-128-ctr,31,false,1048576,1048576,1048898,977700,1978500,2400000,0,1765000,616000,2382000,29912000,true,200,,windows-amd64-20261006222440
run-03567,binary-1mib,aes-128-ctr,32,false,1048576,1048576,1048898,977700,1978500,2403000,0,1145000,1879000,3025000,10859500,true,200,,windows-amd64-20261006222440
run-03568,binary-1mib,aes-128-ctr,33,false,1048576,1048576,1048898,977700,1978500,2616000,0,1325000,1750000,3076000,8398700,true,200,,windows-amd64-20261006222440
run-03569,binary-1mib,aes-128-ctr,34,false,1048576,1048576,1048898,977700,1978500,1138000,0,1132000,552000,1684000,5660900,true,200,,windows-amd64-20261006222440
run-03570,binary-1mib,aes-128-ctr,35,false,1048576,1048576,1048898,977700,1978500,1661000,0,1995000,0,1995000,7015200,true,200,,windows-amd64-20261006222440
run-03571,binary-1mib,aes-192-cbc,1,true,1048576,1048592,1048914,1541500,3551200,998000,0,0,0,998000,4509400,true,200,,windows-amd64-20261006222440
run-03572,binary-1mib,aes-192-cbc,2,true,1048576,1048592,1048914,1541500,3551200,1525000,0,1010000,997000,2007000,6532500,true,200,,windows-amd64-20261006222440
run-03573,binary-1mib,aes-192-cbc,3,true,1048576,1048592,1048914,1541500,3551200,1500000,0,1719000,538000,2258000,5788800,true,200,,windows-amd64-20261006222440
run-03574,binary-1mib,aes-192-cbc,4,true,1048576,1048592,1048914,1541500,3551200,3001000,0,1373000,2102000,3475000,16494800,true,200,,windows-amd64-20261006222440
run-03575,binary-1mib,aes-192-cbc,5,true,1048576,1048592,1048914,1541500,3551200,1696000,0,1117000,1799000,2917000,29070600,true,200,,windows-amd64-20261006222440
run-03576,binary-1mib,aes-192-cbc,6,false,1048576,1048592,1048914,1541500,3551200,2285000,0,1720000,602000,2322000,8092900,true,200,,windows-amd64-20261006222440
run-03577,binary-1mib,aes-192-cbc,7,false,1048576,1048592,1048914,1541500,3551200,5610000,0,1376000,1935000,3312000,35030900,true,200,,windows-amd64-20261006222440
run-03578,binary-1mib,aes-192-cbc,8,false,1048576,1048592,1048914,1541500,3551200,1823000,0,598000,1194000,1793000,6623200,true,200,,windows-amd64-20261006222440
run-03579,binary-1mib,aes-192-cbc,9,false,1048576,1048592,1048914,1541500,3551200,2403000,0,1746000,1706000,3453000,7650300,true,200,,windows-amd64-20261006222440
run-03580,binary-1mib,aes-192-cbc,10,false,1048576,1048592,1048914,1541500,3551200,1657000,559000,581000,1094000,2235000,6084300,true,200,,windows-amd64-20261006222440
run-03581,binary-1mib,aes-192-cbc,11,false,1048576,1048592,1048914,1541500,3551200,1637000,0,1162000,2422000,3584000,8158000,true,200,,windows-amd64-20261006222440
run-03582,binary-1mib,aes-192-cbc,12,false,1048576,1048592,1048914,1541500,3551200,2303000,0,1184000,586000,1770000,6310800,true,200,,windows-amd64-20261006222440
run-03583,binary-1mib,aes-192-cbc,13,false,1048576,1048592,1048914,1541500,3551200,2708000,0,1738000,1800000,3538000,9976800,true,200,,windows-amd64-20261006222440
run-03584,binary-1mib,aes-192-cbc,14,false,1048576,1048592,1048914,1541500,3551200,3124000,0,1213000,1830000,3043000,11103400,true,200,,windows-amd64-20261006222440
run-03585,binary-1mib,aes-192-cbc,15,false,1048576,1048592,1048914,1541500,3551200,2363000,0,646000,1727000,2373000,24880300,true,200,,windows-amd64-20261006222440
run-03586,binary-1mib,aes-192-cbc,16,false,1048576,1048592,1048914,1541500,3551200,4067000,616000,1731000,1568000,3917000,11498900,true,200,,windows-amd64-20261006222440
run-03587,binary-1mib,aes-192-cbc,17,false,1048576,1048592,1048914,1541500,3551200,4184999,557000,1252000,1834000,3645000,16005000,true,200,,windows-amd64-20261006222440
run-03588,binary-1mib,aes-192-cbc,18,false,1048576,1048592,1048914,1541500,3551200,2260000,1167000,1276000,1742000,4187000,29416800,true,200,,windows-amd64-20261006222440
run-03589,binary-1mib,aes-192-cbc,19,false,1048576,1048592,1048914,1541500,3551200,1678000,0,1290000,1149000,2440000,6536800,true,200,,windows-amd64-20261006222440
run-03590,binary-1mib,aes-192-cbc,20,false,1048576,1048592,1048914,1541500,3551200,3525000,0,2175000,3610000,5785000,10424300,true,200,,windows-amd64-20261006222440
run-03591,binary-1mib,aes-192-cbc,21,false,1048576,1048592,1048914,1541500,3551200,2476000,636000,1173000,4227000,6038000,24382500,true,200,,windows-amd64-20261006222440
run-03592,binary-1mib,aes-192-cbc,22,false,1048576,1048592,1048914,1541500,3551200,594000,0,1138000,1147000,2286000,3970500,true,200,,windows-amd64-20261006222440
run-03593,binary-1mib,aes-192-cbc,23,false,1048576,1048592,1048914,1541500,3551200,606000,0,1040000,1216000,2257000,4016200,true,200,,windows-amd64-20261006222440
run-03594,binary-1mib,aes-192-cbc,24,false,1048576,1048592,1048914,1541500,3551200,572000,0,547000,3906000,4453000,7462400,true,200,,windows-amd64-20261006222440
run-03595,binary-1mib,aes-192-cbc,25,false,1048576,1048592,1048914,1541500,3551200,531000,0,1165000,1110000,2276000,3952300,true,200,,windows-amd64-20261006222440
run-03596,binary-1mib,aes-192-cbc,26,false,1048576,1048592,1048914,1541500,3551200,578000,0,1150000,624000,1774000,5065400,true,200,,windows-amd64-20261006222440
run-03597,binary-1mib,aes-192-cbc,27,false,1048576,1048592,1048914,1541500,3551200,1006999,0,0,2501000,2501000,6419800,true,200,,windows-amd64-20261006222440
run-03598,binary-1mib,aes-192-cbc,28,false,1048576,1048592,1048914,1541500,3551200,1004000,0,0,2005000,2005000,22628600,true,200,,windows-amd64-20261006222440
run-03599,binary-1mib,aes-192-cbc,29,false,1048576,1048592,1048914,1541500,3551200,2999000,0,1749000,4370000,6119000,29052000,true,200,,windows-amd64-20261006222440
run-03600,binary-1mib,aes-192-cbc,30,false,1048576,1048592,1048914,1541500,3551200,3628000,0,1314000,1748000,3062000,9162300,true,200,,windows-amd64-20261006222440
run-03601,binary-1mib,aes-192-cbc,31,false,1048576,1048592,1048914,1541500,3551200,3301000,0,607000,2311000,2918000,8583300,true,200,,windows-amd64-20261006222440
run-03602,binary-1mib,aes-192-cbc,32,false,1048576,1048592,1048914,1541500,3551200,1157000,0,603000,1168000,1771000,6009800,true,200,,windows-amd64-20261006222440
run-03603,binary-1mib,aes-192-cbc,33,false,1048576,1048592,1048914,1541500,3551200,1220000,0,1178000,530000,1709000,5685900,true,200,,windows-amd64-20261006222440
run-03604,binary-1mib,aes-192-cbc,34,false,1048576,1048592,1048914,1541500,3551200,2011000,0,1016000,1489000,2505000,23361300,true,200,,windows-amd64-20261006222440
run-03605,binary-1mib,aes-192-cbc,35,false,1048576,1048592,1048914,1541500,3551200,1319000,0,1917000,1899000,3816000,8332500,true,200,,windows-amd64-20261006222440
run-03606,binary-1mib,aes-192-cfb128,1,true,1048576,1048576,1048901,4028600,5979500,2262000,0,1402000,2517000,3920000,8133700,true,200,,windows-amd64-20261006222440
run-03607,binary-1mib,aes-192-cfb128,2,true,1048576,1048576,1048901,4028600,5979500,2186000,0,793000,2674000,3467000,8926500,true,200,,windows-amd64-20261006222440
run-03608,binary-1mib,aes-192-cfb128,3,true,1048576,1048576,1048901,4028600,5979500,1837000,0,1204000,4864000,6068000,24860800,true,200,,windows-amd64-20261006222440
run-03609,binary-1mib,aes-192-cfb128,4,true,1048576,1048576,1048901,4028600,5979500,2089000,0,2035000,5839000,7875000,30247700,true,200,,windows-amd64-20261006222440
run-03610,binary-1mib,aes-192-cfb128,5,true,1048576,1048576,1048901,4028600,5979500,1373000,0,2443000,7912000,10356000,17266100,true,200,,windows-amd64-20261006222440
run-03611,binary-1mib,aes-192-cfb128,6,false,1048576,1048576,1048901,4028600,5979500,2622000,0,1556000,6826000,8382000,16156500,true,200,,windows-amd64-20261006222440
run-03612,binary-1mib,aes-192-cfb128,7,false,1048576,1048576,1048901,4028600,5979500,1360000,0,1351000,2690000,4041000,9642300,true,200,,windows-amd64-20261006222440
run-03613,binary-1mib,aes-192-cfb128,8,false,1048576,1048576,1048901,4028600,5979500,2792000,0,1381000,3598000,4980000,10690700,true,200,,windows-amd64-20261006222440
run-03614,binary-1mib,aes-192-cfb128,9,false,1048576,1048576,1048901,4028600,5979500,1998000,0,1221000,1014000,2236000,6962500,true,200,,windows-amd64-20261006222440
run-03615,binary-1mib,aes-192-cfb128,10,false,1048576,1048576,1048901,4028600,5979500,510000,0,1012999,2517000,3531000,6531300,true,200,,windows-amd64-20261006222440
run-03616,binary-1mib,aes-192-cfb128,11,false,1048576,1048576,1048901,4028600,5979500,999000,0,675000,2542000,3217000,6222500,true,200,,windows-amd64-20261006222440
run-03617,binary-1mib,aes-192-cfb128,12,false,1048576,1048576,1048901,4028600,5979500,1983000,0,1000999,3168000,4168999,7653000,true,200,,windows-amd64-20261006222440
run-03618,binary-1mib,aes-192-cfb128,13,false,1048576,1048576,1048901,4028600,5979500,1004999,0,997000,2534000,3532000,17638200,true,200,,windows-amd64-20261006222440
run-03619,binary-1mib,aes-192-cfb128,14,false,1048576,1048576,1048901,4028600,5979500,1813000,0,1832000,4303000,6135000,11626500,true,200,,windows-amd64-20261006222440
run-03620,binary-1mib,aes-192-cfb128,15,false,1048576,1048576,1048901,4028600,5979500,1257000,0,1217000,6373000,7591000,12669600,true,200,,windows-amd64-20261006222440
run-03621,binary-1mib,aes-192-cfb128,16,false,1048576,1048576,1048901,4028600,5979500,1735000,0,1154000,3114000,4268000,7757900,true,200,,windows-amd64-20261006222440
run-03622,binary-1mib,aes-192-cfb128,17,false,1048576,1048576,1048901,4028600,5979500,1281000,0,1307000,2924000,4232000,8400300,true,200,,windows-amd64-20261006222440
run-03623,binary-1mib,aes-192-cfb128,18,false,1048576,1048576,1048901,4028600,5979500,2016000,0,521000,4550000,5605000,11247200,true,200,,windows-amd64-20261006222440
run-03624,binary-1mib,aes-192-cfb128,19,false,1048576,1048576,1048901,4028600,5979500,2527000,0,1014000,5714000,6729000,18806300,true,200,,windows-amd64-20261006222440
run-03625,binary-1mib,aes-192-cfb128,20,false,1048576,1048576,1048901,4028600,5979500,6809000,0,1489000,8592000,10081000,20448200,true,200,,windows-amd64-20261006222440
run-03626,binary-1mib,aes-192-cfb128,21,false,1048576,1048576,1048901,4028600,5979500,2023000,0,995000,6260000,7255000,11721800,true,200,,windows-amd64-20261006222440
run-03627,binary-1mib,aes-192-cfb128,22,false,1048576,1048576,1048901,4028600,5979500,2118000,0,998000,4133000,5131000,10156700,true,200,,windows-amd64-20261006222440
run-03628,binary-1mib,aes-192-cfb128,23,false,1048576,1048576,1048901,4028600,5979500,2000000,0,0,4062000,4062000,13070200,true,200,,windows-amd64-20261006222440
run-03629,binary-1mib,aes-192-cfb128,24,false,1048576,1048576,1048901,4028600,5979500,4013000,0,995000,4506000,5502000,13954400,true,200,,windows-amd64-20261006222440
run-03630,binary-1mib,aes-192-cfb128,25,false,1048576,1048576,1048901,4028600,5979500,3013000,0,1511000,4533000,6044000,11611400,true,200,,windows-amd64-20261006222440
run-03631,binary-1mib,aes-192-cfb128,26,false,1048576,1048576,1048901,4028600,5979500,521000,0,1551000,3107000,4658000,8552000,true,200,,windows-amd64-20261006222440
run-03632,binary-1mib,aes-192-cfb128,27,false,1048576,1048576,1048901,4028600,5979500,1104000,0,997000,2419000,3417000,6521800,true,200,,windows-amd64-20261006222440
run-03633,binary-1mib,aes-192-cfb128,28,false,1048576,1048576,1048901,4028600,5979500,1997000,0,998000,2505000,3504000,8061100,true,200,,windows-amd64-20261006222440
run-03634,binary-1mib,aes-192-cfb128,29,false,1048576,1048576,1048901,4028600,5979500,999000,0,1014999,1985000,3000000,5997300,true,200,,windows-amd64-20261006222440
run-03635,binary-1mib,aes-192-cfb128,30,false,1048576,1048576,1048901,4028600,5979500,0,0,1547000,2033999,3582000,32596200,true,200,,windows-amd64-20261006222440
run-03636,binary-1mib,aes-192-cfb128,31,false,1048576,1048576,1048901,4028600,5979500,1313000,0,2021999,4837000,6860000,28884200,true,200,,windows-amd64-20261006222440
run-03637,binary-1mib,aes-192-cfb128,32,false,1048576,1048576,1048901,4028600,5979500,2562000,0,1227000,5572000,6799000,29445900,true,200,,windows-amd64-20261006222440
run-03638,binary-1mib,aes-192-cfb128,33,false,1048576,1048576,1048901,4028600,5979500,1506000,0,1493000,3312000,4806000,8144800,true,200,,windows-amd64-20261006222440
run-03639,binary-1mib,aes-192-cfb128,34,false,1048576,1048576,1048901,4028600,5979500,1307000,0,2023000,4844000,6868000,9902200,true,200,,windows-amd64-20261006222440
run-03640,binary-1mib,aes-192-cfb128,35,false,1048576,1048576,1048901,4028600,5979500,2635000,0,1231000,4668000,5899000,11179600,true,200,,windows-amd64-20261006222440
run-03641,binary-1mib,aes-192-ofb,1,true,1048576,1048576,1048898,1835700,2844900,2505000,0,2001999,3052000,5054000,11585700,true,200,,windows-amd64-20261006222440
run-03642,binary-1mib,aes-192-ofb,2,true,1048576,1048576,1048898,1835700,2844900,1512000,0,981000,3633000,4614000,23287200,true,200,,windows-amd64-20261006222440
run-03643,binary-1mib,aes-192-ofb,3,true,1048576,1048576,1048898,1835700,2844900,3172000,0,2512000,2543000,5056000,28818100,true,200,,windows-amd64-20261006222440
run-03644,binary-1mib,aes-192-ofb,4,true,1048576,1048576,1048898,1835700,2844900,3549000,0,1770000,2569000,4339000,29272000,true,200,,windows-amd64-20261006222440
run-03645,binary-1mib,aes-192-ofb,5,true,1048576,1048576,1048898,1835700,2844900,1948000,681000,1845000,1975000,4503000,10146700,true,200,,windows-amd64-20261006222440
run-03646,binary-1mib,aes-192-ofb,6,false,1048576,1048576,1048898,1835700,2844900,2779000,0,2104000,2366000,4471000,9793700,true,200,,windows-amd64-20261006222440
run-03647,binary-1mib,aes-192-ofb,7,false,1048576,1048576,1048898,1835700,2844900,1874000,0,1384000,3029000,5043000,10158400,true,200,,windows-amd64-20261006222440
run-03648,binary-1mib,aes-192-ofb,8,false,1048576,1048576,1048898,1835700,2844900,1102000,0,1215000,1212000,2427000,5690300,true,200,,windows-amd64-20261006222440
run-03649,binary-1mib,aes-192-ofb,9,false,1048576,1048576,1048898,1835700,2844900,1817000,1366000,1222000,2470000,5060000,9743200,true,200,,windows-amd64-20261006222440
run-03650,binary-1mib,aes-192-ofb,10,false,1048576,1048576,1048898,1835700,2844900,1792000,0,2550000,3201000,5752000,22988200,true,200,,windows-amd64-20261006222440
run-03651,binary-1mib,aes-192-ofb,11,false,1048576,1048576,1048898,1835700,2844900,2285000,0,1157000,1674000,2832000,28991800,true,200,,windows-amd64-20261006222440
run-03652,binary-1mib,aes-192-ofb,12,false,1048576,1048576,1048898,1835700,2844900,2962000,0,1395000,2426000,3821000,28520800,true,200,,windows-amd64-20261006222440
run-03653,binary-1mib,aes-192-ofb,13,false,1048576,1048576,1048898,1835700,2844900,1722000,0,2191000,2834000,5683000,9892300,true,200,,windows-amd64-20261006222440
run-03654,binary-1mib,aes-192-ofb,14,false,1048576,1048576,1048898,1835700,2844900,3250000,0,2201000,3279000,5480000,11058600,true,200,,windows-amd64-20261006222440
run-03655,binary-1mib,aes-192-ofb,15,false,1048576,1048576,1048898,1835700,2844900,1898000,0,2052000,2011000,4062999,10164600,true,200,,windows-amd64-20261006222440
run-03656,binary-1mib,aes-192-ofb,16,false,1048576,1048576,1048898,1835700,2844900,1225000,0,1904000,3128000,5033000,9354700,true,200,,windows-amd64-20261006222440
run-03657,binary-1mib,aes-192-ofb,17,false,1048576,1048576,1048898,1835700,2844900,2365000,0,2403000,2859000,5262000,9477800,true,200,,windows-amd64-20261006222440
run-03658,binary-1mib,aes-192-ofb,18,false,1048576,1048576,1048898,1835700,2844900,3049000,0,1932000,1249000,3182000,10170300,true,200,,windows-amd64-20261006222440
run-03659,binary-1mib,aes-192-ofb,19,false,1048576,1048576,1048898,1835700,2844900,1167000,0,1193000,1868000,3061000,7480800,true,200,,windows-amd64-20261006222440
run-03660,binary-1mib,aes-192-ofb,20,false,1048576,1048576,1048898,1835700,2844900,1186000,0,2186000,1195000,3382000,6272900,true,200,,windows-amd64-20261006222440
run-03661,binary-1mib,aes-192-ofb,21,false,1048576,1048576,1048898,1835700,2844900,1112000,0,1666000,2302000,3968000,9989300,true,200,,windows-amd64-20261006222440
run-03662,binary-1mib,aes-192-ofb,22,false,1048576,1048576,1048898,1835700,2844900,3083000,602000,668000,2231000,3503000,12198800,true,200,,windows-amd64-20261006222440
run-03663,binary-1mib,aes-192-ofb,23,false,1048576,1048576,1048898,1835700,2844900,1132000,0,1660000,505000,2166000,25594100,true,200,,windows-amd64-20261006222440
run-03664,binary-1mib,aes-192-ofb,24,false,1048576,1048576,1048898,1835700,2844900,1902000,504000,1508000,2021000,4033000,28047600,true,200,,windows-amd64-20261006222440
run-03665,binary-1mib,aes-192-ofb,25,false,1048576,1048576,1048898,1835700,2844900,1708000,0,1692000,1848000,3541000,29090200,true,200,,windows-amd64-20261006222440
run-03666,binary-1mib,aes-192-ofb,26,false,1048576,1048576,1048898,1835700,2844900,1863000,0,1740000,2602000,4342000,9225100,true,200,,windows-amd64-20261006222440
run-03667,binary-1mib,aes-192-ofb,27,false,1048576,1048576,1048898,1835700,2844900,2541000,0,2519000,2495000,5014000,9422600,true,200,,windows-amd64-20261006222440
run-03668,binary-1mib,aes-192-ofb,28,false,1048576,1048576,1048898,1835700,2844900,3678000,0,1219000,2506000,3725000,10319400,true,200,,windows-amd64-20261006222440
run-03669,binary-1mib,aes-192-ofb,29,false,1048576,1048576,1048898,1835700,2844900,1217000,0,699000,1975000,3344000,7671800,true,200,,windows-amd64-20261006222440
run-03670,binary-1mib,aes-192-ofb,30,false,1048576,1048576,1048898,1835700,2844900,2355000,0,1260000,1815000,3076000,32406800,true,200,,windows-amd64-20261006222440
run-03671,binary-1mib,aes-192-ofb,31,false,1048576,1048576,1048898,1835700,2844900,2005000,0,1222000,4245000,6239000,28587400,true,200,,windows-amd64-20261006222440
run-03672,binary-1mib,aes-192-ofb,32,false,1048576,1048576,1048898,1835700,2844900,2526000,0,1269000,4154000,5423000,11120100,true,200,,windows-amd64-20261006222440
run-03673,binary-1mib,aes-192-ofb,33,false,1048576,1048576,1048898,1835700,2844900,1990000,0,1159000,4554000,5713000,11513200,true,200,,windows-amd64-20261006222440
run-03674,binary-1mib,aes-192-ofb,34,false,1048576,1048576,1048898,1835700,2844900,1211000,0,1982000,3939000,5921000,11722200,true,200,,windows-amd64-20261006222440
run-03675,binary-1mib,aes-192-ofb,35,false,1048576,1048576,1048898,1835700,2844900,2992000,0,1876000,5080000,6956000,13957000,true,200,,windows-amd64-20261006222440
run-03676,binary-1mib,aes-192-ctr,1,true,1048576,1048576,1048898,0,3008000,5512000,0,2017000,1463000,3480000,33960900,true,200,,windows-amd64-20261006222440
run-03677,binary-1mib,aes-192-ctr,2,true,1048576,1048576,1048898,0,3008000,1757000,0,535000,613000,1149000,29574800,true,200,,windows-amd64-20261006222440
run-03678,binary-1mib,aes-192-ctr,3,true,1048576,1048576,1048898,0,3008000,1197000,0,1065000,614000,1680000,6514200,true,200,,windows-amd64-20261006222440
run-03679,binary-1mib,aes-192-ctr,4,true,1048576,1048576,1048898,0,3008000,4863000,0,1940000,3144000,5085000,14971400,true,200,,windows-amd64-20261006222440
run-03680,binary-1mib,aes-192-ctr,5,true,1048576,1048576,1048898,0,3008000,3353000,0,1763000,1185000,2949000,11185500,true,200,,windows-amd64-20261006222440
run-03681,binary-1mib,aes-192-ctr,6,false,1048576,1048576,1048898,0,3008000,1000000,0,1997000,999000,2996000,23325300,true,200,,windows-amd64-20261006222440
run-03682,binary-1mib,aes-192-ctr,7,false,1048576,1048576,1048898,0,3008000,2218000,0,1096000,558000,1655000,6185900,true,200,,windows-amd64-20261006222440
run-03683,binary-1mib,aes-192-ctr,8,false,1048576,1048576,1048898,0,3008000,2310000,0,1110000,0,1642000,6892100,true,200,,windows-amd64-20261006222440
run-03684,binary-1mib,aes-192-ctr,9,false,1048576,1048576,1048898,0,3008000,2209000,0,547000,554000,1101000,6057300,true,200,,windows-amd64-20261006222440
run-03685,binary-1mib,aes-192-ctr,10,false,1048576,1048576,1048898,0,3008000,569000,0,1158000,0,1158000,4579300,true,200,,windows-amd64-20261006222440
run-03686,binary-1mib,aes-192-ctr,11,false,1048576,1048576,1048898,0,3008000,591000,0,538000,1012999,2609000,6548900,true,200,,windows-amd64-20261006222440
run-03687,binary-1mib,aes-192-ctr,12,false,1048576,1048576,1048898,0,3008000,2204000,0,999000,0,999000,6231000,true,200,,windows-amd64-20261006222440
run-03688,binary-1mib,aes-192-ctr,13,false,1048576,1048576,1048898,0,3008000,2001999,0,1026000,974000,2000000,7010800,true,200,,windows-amd64-20261006222440
run-03689,binary-1mib,aes-192-ctr,14,false,1048576,1048576,1048898,0,3008000,2575000,0,992000,0,992000,5570800,true,200,,windows-amd64-20261006222440
run-03690,binary-1mib,aes-192-ctr,15,false,1048576,1048576,1048898,0,3008000,2001000,0,1000000,0,1000000,5508200,true,200,,windows-amd64-20261006222440
run-03691,binary-1mib,aes-192-ctr,16,false,1048576,1048576,1048898,0,3008000,999000,0,999000,0,999000,30135700,true,200,,windows-amd64-20261006222440
run-03692,binary-1mib,aes-192-ctr,17,false,1048576,1048576,1048898,0,3008000,1091000,0,1187000,0,1738000,3948800,true,200,,windows-amd64-20261006222440
run-03693,binary-1mib,aes-192-ctr,18,false,1048576,1048576,1048898,0,3008000,3250000,0,693000,542000,1235000,23775300,true,200,,windows-amd64-20261006222440
run-03694,binary-1mib,aes-192-ctr,19,false,1048576,1048576,1048898,0,3008000,2785000,0,1117000,537000,1654000,29434600,true,200,,windows-amd64-20261006222440
run-03695,binary-1mib,aes-192-ctr,20,false,1048576,1048576,1048898,0,3008000,1101000,0,1135000,0,1135000,3905300,true,200,,windows-amd64-20261006222440
run-03696,binary-1mib,aes-192-ctr,21,false,1048576,1048576,1048898,0,3008000,1641000,0,1014999,0,1014999,4964500,true,200,,windows-amd64-20261006222440
run-03697,binary-1mib,aes-192-ctr,22,false,1048576,1048576,1048898,0,3008000,1655000,0,1116000,355000,1472000,5318100,true,200,,windows-amd64-20261006222440
run-03698,binary-1mib,aes-192-ctr,23,false,1048576,1048576,1048898,0,3008000,1088000,0,544000,549000,1094000,4488200,true,200,,windows-amd64-20261006222440
run-03699,binary-1mib,aes-192-ctr,24,false,1048576,1048576,1048898,0,3008000,2392000,0,616000,637000,1253000,6372000,true,200,,windows-amd64-20261006222440
run-03700,binary-1mib,aes-192-ctr,25,false,1048576,1048576,1048898,0,3008000,1742000,0,570000,1115000,1686000,5296000,true,200,,windows-amd64-20261006222440
run-03701,binary-1mib,aes-192-ctr,26,false,1048576,1048576,1048898,0,3008000,1117000,0,1074000,0,1074000,3874700,true,200,,windows-amd64-20261006222440
run-03702,binary-1mib,aes-192-ctr,27,false,1048576,1048576,1048898,0,3008000,1076000,0,1093000,0,1093000,4949400,true,200,,windows-amd64-20261006222440
run-03703,binary-1mib,aes-192-ctr,28,false,1048576,1048576,1048898,0,3008000,1671000,0,549000,545000,1641000,5516000,true,200,,windows-amd64-20261006222440
run-03704,binary-1mib,aes-192-ctr,29,false,1048576,1048576,1048898,0,3008000,1537000,0,1071000,0,1071000,5661800,true,200,,windows-amd64-20261006222440
run-03705,binary-1mib,aes-192-ctr,30,false,1048576,1048576,1048898,0,3008000,2009999,0,999000,0,999000,17482200,true,200,,windows-amd64-20261006222440
run-03706,binary-1mib,aes-192-ctr,31,false,1048576,1048576,1048898,0,3008000,529000,0,1936000,552000,2489000,5194000,true,200,,windows-amd64-20261006222440
run-03707,binary-1mib,aes-192-ctr,32,false,1048576,1048576,1048898,0,3008000,1624000,0,1075000,0,1075000,3779500,true,200,,windows-amd64-20261006222440
run-03708,binary-1mib,aes-192-ctr,33,false,1048576,1048576,1048898,0,3008000,1140000,0,1073000,651000,1724000,5622000,true,200,,windows-amd64-20261006222440
run-03709,binary-1mib,aes-192-ctr,34,false,1048576,1048576,1048898,0,3008000,1675000,0,1095000,0,1095000,5477900,true,200,,windows-amd64-20261006222440
run-03710,binary-1mib,aes-192-ctr,35,false,1048576,1048576,1048898,0,3008000,1726000,0,560000,0,560000,21138500,true,200,,windows-amd64-20261006222440
run-03711,binary-1mib,aes-256-cbc,1,true,1048576,1048592,1048914,1640100,2733100,2208000,0,534000,1639000,2173000,6583100,true,200,,windows-amd64-20261006222440
run-03712,binary-1mib,aes-256-cbc,2,true,1048576,1048592,1048914,1640100,2733100,1100000,0,1136000,538000,1674000,5008100,true,200,,windows-amd64-20261006222440
run-03713,binary-1mib,aes-256-cbc,3,true,1048576,1048592,1048914,1640100,2733100,1690000,0,1092000,571000,1663000,14276700,true,200,,windows-amd64-20261006222440
run-03714,binary-1mib,aes-256-cbc,4,true,1048576,1048592,1048914,1640100,2733100,1096000,0,525000,1109000,1634000,3803000,true,200,,windows-amd64-20261006222440
run-03715,binary-1mib,aes-256-cbc,5,true,1048576,1048592,1048914,1640100,2733100,1067000,539000,567000,615000,1721000,9519400,true,200,,windows-amd64-20261006222440
run-03716,binary-1mib,aes-256-cbc,6,false,1048576,1048592,1048914,1640100,2733100,1749000,0,530000,1655000,2185000,30171700,true,200,,windows-amd64-20261006222440
run-03717,binary-1mib,aes-256-cbc,7,false,1048576,1048592,1048914,1640100,2733100,1160000,0,1694000,558000,2253000,5659400,true,200,,windows-amd64-20261006222440
run-03718,binary-1mib,aes-256-cbc,8,false,1048576,1048592,1048914,1640100,2733100,1768000,0,1076000,2339000,3416000,23881600,true,200,,windows-amd64-20261006222440
run-03719,binary-1mib,aes-256-cbc,9,false,1048576,1048592,1048914,1640100,2733100,3192000,0,1205000,2905000,4110000,29918200,true,200,,windows-amd64-20261006222440
run-03720,binary-1mib,aes-256-cbc,10,false,1048576,1048592,1048914,1640100,2733100,2990000,0,1540000,2989000,4529000,10810900,true,200,,windows-amd64-20261006222440
run-03721,binary-1mib,aes-256-cbc,11,false,1048576,1048592,1048914,1640100,2733100,4001000,0,650000,3782000,4432000,12883400,true,200,,windows-amd64-20261006222440
run-03722,binary-1mib,aes-256-cbc,12,false,1048576,1048592,1048914,1640100,2733100,3067000,0,1231000,3610000,4841000,16799500,true,200,,windows-amd64-20261006222440
run-03723,binary-1mib,aes-256-cbc,13,false,1048576,1048592,1048914,1640100,2733100,2085000,0,1151000,4423000,5575000,31086600,true,200,,windows-amd64-20261006222440
run-03724,binary-1mib,aes-256-cbc,14,false,1048576,1048592,1048914,1640100,2733100,2501000,0,1862000,3614000,5477000,29362200,true,200,,windows-amd64-20261006222440
run-03725,binary-1mib,aes-256-cbc,15,false,1048576,1048592,1048914,1640100,2733100,2906000,0,1208000,1888000,3096000,28427000,true,200,,windows-amd64-20261006222440
run-03726,binary-1mib,aes-256-cbc,16,false,1048576,1048592,1048914,1640100,2733100,1665000,0,684000,1846000,3058000,7307800,true,200,,windows-amd64-20261006222440
run-03727,binary-1mib,aes-256-cbc,17,false,1048576,1048592,1048914,1640100,2733100,2476000,655000,612000,2776000,4043000,10177300,true,200,,windows-amd64-20261006222440
run-03728,binary-1mib,aes-256-cbc,18,false,1048576,1048592,1048914,1640100,2733100,1923000,0,1198000,3063000,4261000,10470300,true,200,,windows-amd64-20261006222440
run-03729,binary-1mib,aes-256-cbc,19,false,1048576,1048592,1048914,1640100,2733100,2488000,0,2309000,1860000,4168999,9602300,true,200,,windows-amd64-20261006222440
run-03730,binary-1mib,aes-256-cbc,20,false,1048576,1048592,1048914,1640100,2733100,3095000,0,1241000,3093000,4334000,12001200,true,200,,windows-amd64-20261006222440
run-03731,binary-1mib,aes-256-cbc,21,false,1048576,1048592,1048914,1640100,2733100,3561000,0,1997000,2499000,5517000,11203200,true,200,,windows-amd64-20261006222440
run-03732,binary-1mib,aes-256-cbc,22,false,1048576,1048592,1048914,1640100,2733100,1083000,0,990000,1924000,2915000,8654700,true,200,,windows-amd64-20261006222440
run-03733,binary-1mib,aes-256-cbc,23,false,1048576,1048592,1048914,1640100,2733100,2978000,0,2000000,2126000,4126000,9051000,true,200,,windows-amd64-20261006222440
run-03734,binary-1mib,aes-256-cbc,24,false,1048576,1048592,1048914,1640100,2733100,1977000,0,934000,1002000,1937000,30087900,true,200,,windows-amd64-20261006222440
run-03735,binary-1mib,aes-256-cbc,25,false,1048576,1048592,1048914,1640100,2733100,1536000,0,1519000,1748000,3267000,9069400,true,200,,windows-amd64-20261006222440
run-03736,binary-1mib,aes-256-cbc,26,false,1048576,1048592,1048914,1640100,2733100,2648000,0,3223000,3964000,7854000,15369400,true,200,,windows-amd64-20261006222440
run-03737,binary-1mib,aes-256-cbc,27,false,1048576,1048592,1048914,1640100,2733100,3209000,0,2073000,1814000,3888000,10721200,true,200,,windows-amd64-20261006222440
run-03738,binary-1mib,aes-256-cbc,28,false,1048576,1048592,1048914,1640100,2733100,2444000,0,1430000,4343000,5773000,11237600,true,200,,windows-amd64-20261006222440
run-03739,binary-1mib,aes-256-cbc,29,false,1048576,1048592,1048914,1640100,2733100,1994000,0,2779000,3265000,6044000,22402600,true,200,,windows-amd64-20261006222440
run-03740,binary-1mib,aes-256-cbc,30,false,1048576,1048592,1048914,1640100,2733100,1704000,0,1669000,1236000,2906000,28489800,true,200,,windows-amd64-20261006222440
run-03741,binary-1mib,aes-256-cbc,31,false,1048576,1048592,1048914,1640100,2733100,2391000,0,2366000,1812000,4179000,8970900,true,200,,windows-amd64-20261006222440
run-03742,binary-1mib,aes-256-cbc,32,false,1048576,1048592,1048914,1640100,2733100,3716000,0,2111000,3128000,5239000,34053300,true,200,,windows-amd64-20261006222440
run-03743,binary-1mib,aes-256-cbc,33,false,1048576,1048592,1048914,1640100,2733100,1138000,705000,1725000,3036000,5467000,29646300,true,200,,windows-amd64-20261006222440
run-03744,binary-1mib,aes-256-cbc,34,false,1048576,1048592,1048914,1640100,2733100,3057000,0,1294000,1717000,3011000,10922800,true,200,,windows-amd64-20261006222440
run-03745,binary-1mib,aes-256-cbc,35,false,1048576,1048592,1048914,1640100,2733100,3211000,0,1332000,3261000,4593000,32055000,true,200,,windows-amd64-20261006222440
run-03746,binary-1mib,aes-256-cfb128,1,true,1048576,1048576,1048901,2504500,4506200,1733000,0,549000,1817000,2366000,6788100,true,200,,windows-amd64-20261006222440
run-03747,binary-1mib,aes-256-cfb128,2,true,1048576,1048576,1048901,2504500,4506200,1681000,0,1078000,2350000,3429000,7316300,true,200,,windows-amd64-20261006222440
run-03748,binary-1mib,aes-256-cfb128,3,true,1048576,1048576,1048901,2504500,4506200,530000,0,589000,1879000,3061000,4807300,true,200,,windows-amd64-20261006222440
run-03749,binary-1mib,aes-256-cfb128,4,true,1048576,1048576,1048901,2504500,4506200,3158000,0,541000,1924000,3010000,8533500,true,200,,windows-amd64-20261006222440
run-03750,binary-1mib,aes-256-cfb128,5,true,1048576,1048576,1048901,2504500,4506200,1200000,0,554000,1305000,1859000,5259300,true,200,,windows-amd64-20261006222440
run-03751,binary-1mib,aes-256-cfb128,6,false,1048576,1048576,1048901,2504500,4506200,1824000,0,590000,2755000,4005000,6975300,true,200,,windows-amd64-20261006222440
run-03752,binary-1mib,aes-256-cfb128,7,false,1048576,1048576,1048901,2504500,4506200,558000,0,541000,2358000,2899000,5105200,true,200,,windows-amd64-20261006222440
run-03753,binary-1mib,aes-256-cfb128,8,false,1048576,1048576,1048901,2504500,4506200,516000,0,1179000,5509000,6689000,10675000,true,200,,windows-amd64-20261006222440
run-03754,binary-1mib,aes-256-cfb128,9,false,1048576,1048576,1048901,2504500,4506200,587000,613000,628000,2972000,4214000,5898400,true,200,,windows-amd64-20261006222440
run-03755,binary-1mib,aes-256-cfb128,10,false,1048576,1048576,1048901,2504500,4506200,1724000,0,1181000,2922000,4104000,6483100,true,200,,windows-amd64-20261006222440
run-03756,binary-1mib,aes-256-cfb128,11,false,1048576,1048576,1048901,2504500,4506200,550000,0,1161000,2249000,3410000,5214600,true,200,,windows-amd64-20261006222440
run-03757,binary-1mib,aes-256-cfb128,12,false,1048576,1048576,1048901,2504500,4506200,1186000,0,517000,5089000,5606000,30430500,true,200,,windows-amd64-20261006222440
run-03758,binary-1mib,aes-256-cfb128,13,false,1048576,1048576,1048901,2504500,4506200,1187000,0,1285000,4136000,5422000,30194800,true,200,,windows-amd64-20261006222440
run-03759,binary-1mib,aes-256-cfb128,14,false,1048576,1048576,1048901,2504500,4506200,3180000,0,2301000,4878000,7180000,29228600,true,200,,windows-amd64-20261006222440
run-03760,binary-1mib,aes-256-cfb128,15,false,1048576,1048576,1048901,2504500,4506200,4115999,0,1006999,3528000,4536000,11582800,true,200,,windows-amd64-20261006222440
run-03761,binary-1mib,aes-256-cfb128,16,false,1048576,1048576,1048901,2504500,4506200,3172000,0,1293000,4721000,6015000,12295500,true,200,,windows-amd64-20261006222440
run-03762,binary-1mib,aes-256-cfb128,17,false,1048576,1048576,1048901,2504500,4506200,2710000,0,2025999,2463000,5052000,10196500,true,200,,windows-amd64-20261006222440
run-03763,binary-1mib,aes-256-cfb128,18,false,1048576,1048576,1048901,2504500,4506200,3416000,631000,1837000,3866000,6335000,35127900,true,200,,windows-amd64-20261006222440
run-03764,binary-1mib,aes-256-cfb128,19,false,1048576,1048576,1048901,2504500,4506200,4336000,0,1369000,5167000,6537000,15904400,true,200,,windows-amd64-20261006222440
run-03765,binary-1mib,aes-256-cfb128,20,false,1048576,1048576,1048901,2504500,4506200,1939000,0,2616000,5085000,7702000,12738500,true,200,,windows-amd64-20261006222440
run-03766,binary-1mib,aes-256-cfb128,21,false,1048576,1048576,1048901,2504500,4506200,4179000,0,1518000,5532000,7051000,15047000,true,200,,windows-amd64-20261006222440
run-03767,binary-1mib,aes-256-cfb128,22,false,1048576,1048576,1048901,2504500,4506200,1873000,0,1167000,2666000,3834000,7422500,true,200,,windows-amd64-20261006222440
run-03768,binary-1mib,aes-256-cfb128,23,false,1048576,1048576,1048901,2504500,4506200,994000,0,505000,2005999,2512000,30823400,true,200,,windows-amd64-20261006222440
run-03769,binary-1mib,aes-256-cfb128,24,false,1048576,1048576,1048901,2504500,4506200,3667000,0,2301000,4826000,7127000,29362300,true,200,,windows-amd64-20261006222440
run-03770,binary-1mib,aes-256-cfb128,25,false,1048576,1048576,1048901,2504500,4506200,2195000,0,1259000,3771000,5612000,29087400,true,200,,windows-amd64-20261006222440
run-03771,binary-1mib,aes-256-cfb128,26,false,1048576,1048576,1048901,2504500,4506200,3745000,0,2259000,6284000,8543000,18240100,true,200,,windows-amd64-20261006222440
run-03772,binary-1mib,aes-256-cfb128,27,false,1048576,1048576,1048901,2504500,4506200,4292000,0,1203000,4539000,5743000,12981100,true,200,,windows-amd64-20261006222440
run-03773,binary-1mib,aes-256-cfb128,28,false,1048576,1048576,1048901,2504500,4506200,1901000,0,620000,4938000,5558000,14084700,true,200,,windows-amd64-20261006222440
run-03774,binary-1mib,aes-256-cfb128,29,false,1048576,1048576,1048901,2504500,4506200,4075999,1012000,991000,1997000,4001000,24473800,true,200,,windows-amd64-20261006222440
run-03775,binary-1mib,aes-256-cfb128,30,false,1048576,1048576,1048901,2504500,4506200,1103000,0,1179000,3751000,4931000,7730200,true,200,,windows-amd64-20261006222440
run-03776,binary-1mib,aes-256-cfb128,31,false,1048576,1048576,1048901,2504500,4506200,1729000,0,1181000,2940000,4121000,6989200,true,200,,windows-amd64-20261006222440
run-03777,binary-1mib,aes-256-cfb128,32,false,1048576,1048576,1048901,2504500,4506200,2361000,0,1914000,3709000,5623000,10897700,true,200,,windows-amd64-20261006222440
run-03778,binary-1mib,aes-256-cfb128,33,false,1048576,1048576,1048901,2504500,4506200,1816000,0,536000,3509000,4591000,9270800,true,200,,windows-amd64-20261006222440
run-03779,binary-1mib,aes-256-cfb128,34,false,1048576,1048576,1048901,2504500,4506200,2029000,0,537000,2020000,2557000,18831100,true,200,,windows-amd64-20261006222440
run-03780,binary-1mib,aes-256-cfb128,35,false,1048576,1048576,1048901,2504500,4506200,2506000,0,1236000,5407000,6644000,13088300,true,200,,windows-amd64-20261006222440
run-03781,binary-1mib,aes-256-ofb,1,true,1048576,1048576,1048898,3059600,6798000,2539000,0,1321000,3328000,5184000,23641700,true,200,,windows-amd64-20261006222440
run-03782,binary-1mib,aes-256-ofb,2,true,1048576,1048576,1048898,3059600,6798000,3155000,0,2447000,2614000,5061000,12269900,true,200,,windows-amd64-20261006222440
run-03783,binary-1mib,aes-256-ofb,3,true,1048576,1048576,1048898,3059600,6798000,3186000,0,2460000,2556000,5017000,31333400,true,200,,windows-amd64-20261006222440
run-03784,binary-1mib,aes-256-ofb,4,true,1048576,1048576,1048898,3059600,6798000,1709000,0,1058000,1134000,2193000,6847700,true,200,,windows-amd64-20261006222440
run-03785,binary-1mib,aes-256-ofb,5,true,1048576,1048576,1048898,3059600,6798000,2235000,556000,946000,3494000,4997000,11603900,true,200,,windows-amd64-20261006222440
run-03786,binary-1mib,aes-256-ofb,6,false,1048576,1048576,1048898,3059600,6798000,2841000,0,1342000,3175000,4517000,12287600,true,200,,windows-amd64-20261006222440
run-03787,binary-1mib,aes-256-ofb,7,false,1048576,1048576,1048898,3059600,6798000,3186000,549000,1320000,3698000,5567000,12937300,true,200,,windows-amd64-20261006222440
run-03788,binary-1mib,aes-256-ofb,8,false,1048576,1048576,1048898,3059600,6798000,2906000,0,1258000,4470000,5728000,23572100,true,200,,windows-amd64-20261006222440
run-03789,binary-1mib,aes-256-ofb,9,false,1048576,1048576,1048898,3059600,6798000,1878000,0,2154000,1201000,3355000,8220500,true,200,,windows-amd64-20261006222440
run-03790,binary-1mib,aes-256-ofb,10,false,1048576,1048576,1048898,3059600,6798000,4909000,695000,1722000,3154000,5572000,12979900,true,200,,windows-amd64-20261006222440
run-03791,binary-1mib,aes-256-ofb,11,false,1048576,1048576,1048898,3059600,6798000,4186000,0,759000,3165000,3924000,35050600,true,200,,windows-amd64-20261006222440
run-03792,binary-1mib,aes-256-ofb,12,false,1048576,1048576,1048898,3059600,6798000,1726000,0,588000,1155000,1743000,4633200,true,200,,windows-amd64-20261006222440
run-03793,binary-1mib,aes-256-ofb,13,false,1048576,1048576,1048898,3059600,6798000,1089000,0,548000,1190000,1739000,9156400,true,200,,windows-amd64-20261006222440
run-03794,binary-1mib,aes-256-ofb,14,false,1048576,1048576,1048898,3059600,6798000,1639000,568000,596000,1775000,2940000,29489200,true,200,,windows-amd64-20261006222440
run-03795,binary-1mib,aes-256-ofb,15,false,1048576,1048576,1048898,3059600,6798000,1771000,0,1336000,1111000,2447000,6620300,true,200,,windows-amd64-20261006222440
run-03796,binary-1mib,aes-256-ofb,16,false,1048576,1048576,1048898,3059600,6798000,1519000,0,1234000,1782000,3016000,21683000,true,200,,windows-amd64-20261006222440
run-03797,binary-1mib,aes-256-ofb,17,false,1048576,1048576,1048898,3059600,6798000,1186000,0,1149000,1746000,2895000,5817100,true,200,,windows-amd64-20261006222440
run-03798,binary-1mib,aes-256-ofb,18,false,1048576,1048576,1048898,3059600,6798000,1083000,0,515000,1719000,2234000,23031500,true,200,,windows-amd64-20261006222440
run-03799,binary-1mib,aes-256-ofb,19,false,1048576,1048576,1048898,3059600,6798000,3483000,0,1957000,3064000,5022000,13043000,true,200,,windows-amd64-20261006222440
run-03800,binary-1mib,aes-256-ofb,20,false,1048576,1048576,1048898,3059600,6798000,1319000,0,1197000,1913000,3111000,8263800,true,200,,windows-amd64-20261006222440
run-03801,binary-1mib,aes-256-ofb,21,false,1048576,1048576,1048898,3059600,6798000,1701000,0,1110000,3428000,4538000,10138200,true,200,,windows-amd64-20261006222440
run-03802,binary-1mib,aes-256-ofb,22,false,1048576,1048576,1048898,3059600,6798000,3540000,0,2508000,4546000,7055000,15660200,true,200,,windows-amd64-20261006222440
run-03803,binary-1mib,aes-256-ofb,23,false,1048576,1048576,1048898,3059600,6798000,2540000,0,2319000,3012000,5331000,11902800,true,200,,windows-amd64-20261006222440
run-03804,binary-1mib,aes-256-ofb,24,false,1048576,1048576,1048898,3059600,6798000,2123000,0,1901000,5526000,7427000,39546200,true,200,,windows-amd64-20261006222440
run-03805,binary-1mib,aes-256-ofb,25,false,1048576,1048576,1048898,3059600,6798000,1911000,0,1123000,1137000,2260000,6559800,true,200,,windows-amd64-20261006222440
run-03806,binary-1mib,aes-256-ofb,26,false,1048576,1048576,1048898,3059600,6798000,1683000,0,664000,1645000,2310000,5055200,true,200,,windows-amd64-20261006222440
run-03807,binary-1mib,aes-256-ofb,27,false,1048576,1048576,1048898,3059600,6798000,2426000,0,1164000,4315000,5480000,12138100,true,200,,windows-amd64-20261006222440
run-03808,binary-1mib,aes-256-ofb,28,false,1048576,1048576,1048898,3059600,6798000,1751000,0,1271000,1185000,2457000,18433800,true,200,,windows-amd64-20261006222440
run-03809,binary-1mib,aes-256-ofb,29,false,1048576,1048576,1048898,3059600,6798000,1886000,0,601000,3085000,3686000,9966000,true,200,,windows-amd64-20261006222440
run-03810,binary-1mib,aes-256-ofb,30,false,1048576,1048576,1048898,3059600,6798000,1894000,0,1820000,1084000,2905000,7310300,true,200,,windows-amd64-20261006222440
run-03811,binary-1mib,aes-256-ofb,31,false,1048576,1048576,1048898,3059600,6798000,3279000,0,1228000,5368000,6596000,16298700,true,200,,windows-amd64-20261006222440
run-03812,binary-1mib,aes-256-ofb,32,false,1048576,1048576,1048898,3059600,6798000,3197000,529000,1026000,3375000,4931000,12272600,true,200,,windows-amd64-20261006222440
run-03813,binary-1mib,aes-256-ofb,33,false,1048576,1048576,1048898,3059600,6798000,3678000,1521000,2020000,2900000,6442000,23298200,true,200,,windows-amd64-20261006222440
run-03814,binary-1mib,aes-256-ofb,34,false,1048576,1048576,1048898,3059600,6798000,3095000,0,1418000,1719000,3138000,8651500,true,200,,windows-amd64-20261006222440
run-03815,binary-1mib,aes-256-ofb,35,false,1048576,1048576,1048898,3059600,6798000,2544000,0,1871000,4438000,6310000,14719600,true,200,,windows-amd64-20261006222440
run-03816,binary-1mib,aes-256-ctr,1,true,1048576,1048576,1048898,1796400,3667800,1987000,0,2206000,579000,2785000,7156900,true,200,,windows-amd64-20261006222440
run-03817,binary-1mib,aes-256-ctr,2,true,1048576,1048576,1048898,1796400,3667800,4045000,0,1202000,1672000,2875000,31753600,true,200,,windows-amd64-20261006222440
run-03818,binary-1mib,aes-256-ctr,3,true,1048576,1048576,1048898,1796400,3667800,1790000,961000,1143000,567000,2672000,29158400,true,200,,windows-amd64-20261006222440
run-03819,binary-1mib,aes-256-ctr,4,true,1048576,1048576,1048898,1796400,3667800,1113000,0,1090000,0,1090000,4990300,true,200,,windows-amd64-20261006222440
run-03820,binary-1mib,aes-256-ctr,5,true,1048576,1048576,1048898,1796400,3667800,1115000,0,572000,576000,1149000,4533400,true,200,,windows-amd64-20261006222440
run-03821,binary-1mib,aes-256-ctr,6,false,1048576,1048576,1048898,1796400,3667800,1135000,0,514000,655000,1169000,17648600,true,200,,windows-amd64-20261006222440
run-03822,binary-1mib,aes-256-ctr,7,false,1048576,1048576,1048898,1796400,3667800,1190000,0,1063000,612000,1675000,27920100,true,200,,windows-amd64-20261006222440
run-03823,binary-1mib,aes-256-ctr,8,false,1048576,1048576,1048898,1796400,3667800,630000,0,588000,595000,1183000,4803400,true,200,,windows-amd64-20261006222440
run-03824,binary-1mib,aes-256-ctr,9,false,1048576,1048576,1048898,1796400,3667800,2392000,570000,551000,541000,1662000,5746900,true,200,,windows-amd64-20261006222440
run-03825,binary-1mib,aes-256-ctr,10,false,1048576,1048576,1048898,1796400,3667800,2254000,0,606000,1090000,1697000,5652500,true,200,,windows-amd64-20261006222440
run-03826,binary-1mib,aes-256-ctr,11,false,1048576,1048576,1048898,1796400,3667800,1046000,0,1866000,591000,2457000,5642100,true,200,,windows-amd64-20261006222440
run-03827,binary-1mib,aes-256-ctr,12,false,1048576,1048576,1048898,1796400,3667800,3381000,0,2059000,595000,2654000,20589400,true,200,,windows-amd64-20261006222440
run-03828,binary-1mib,aes-256-ctr,13,false,1048576,1048576,1048898,1796400,3667800,3070000,0,2409000,0,2409000,9278300,true,200,,windows-amd64-20261006222440
run-03829,binary-1mib,aes-256-ctr,14,false,1048576,1048576,1048898,1796400,3667800,1856000,0,1167000,597000,2506000,19360900,true,200,,windows-amd64-20261006222440
run-03830,binary-1mib,aes-256-ctr,15,false,1048576,1048576,1048898,1796400,3667800,1803000,0,1217000,1141000,2358000,28921000,true,200,,windows-amd64-20261006222440
run-03831,binary-1mib,aes-256-ctr,16,false,1048576,1048576,1048898,1796400,3667800,1143000,0,1144000,2373000,3517000,7262000,true,200,,windows-amd64-20261006222440
run-03832,binary-1mib,aes-256-ctr,17,false,1048576,1048576,1048898,1796400,3667800,1234000,0,1079000,1279000,2358000,21819300,true,200,,windows-amd64-20261006222440
run-03833,binary-1mib,aes-256-ctr,18,false,1048576,1048576,1048898,1796400,3667800,2319000,0,1667000,1353000,3020000,9243300,true,200,,windows-amd64-20261006222440
run-03834,binary-1mib,aes-256-ctr,19,false,1048576,1048576,1048898,1796400,3667800,3137000,0,2033000,580000,2613000,11765800,true,200,,windows-amd64-20261006222440
run-03835,binary-1mib,aes-256-ctr,20,false,1048576,1048576,1048898,1796400,3667800,2029999,657000,2146000,1414000,4218000,9466500,true,200,,windows-amd64-20261006222440
run-03836,binary-1mib,aes-256-ctr,21,false,1048576,1048576,1048898,1796400,3667800,3248000,0,1248000,2482000,3730000,23775300,true,200,,windows-amd64-20261006222440
run-03837,binary-1mib,aes-256-ctr,22,false,1048576,1048576,1048898,1796400,3667800,648000,0,2489000,656000,3146000,30710100,true,200,,windows-amd64-20261006222440
run-03838,binary-1mib,aes-256-ctr,23,false,1048576,1048576,1048898,1796400,3667800,1920000,0,1245000,776000,2021999,7897200,true,200,,windows-amd64-20261006222440
run-03839,binary-1mib,aes-256-ctr,24,false,1048576,1048576,1048898,1796400,3667800,2974000,567000,1282000,1302000,3152000,34290500,true,200,,windows-amd64-20261006222440
run-03840,binary-1mib,aes-256-ctr,25,false,1048576,1048576,1048898,1796400,3667800,2658000,0,1165000,1914000,3080000,8934200,true,200,,windows-amd64-20261006222440
run-03841,binary-1mib,aes-256-ctr,26,false,1048576,1048576,1048898,1796400,3667800,4652000,0,2360000,574000,2934000,11281100,true,200,,windows-amd64-20261006222440
run-03842,binary-1mib,aes-256-ctr,27,false,1048576,1048576,1048898,1796400,3667800,4633000,0,1896000,0,1896000,13898100,true,200,,windows-amd64-20261006222440
run-03843,binary-1mib,aes-256-ctr,28,false,1048576,1048576,1048898,1796400,3667800,3388000,0,2021999,1079000,3101000,13616000,true,200,,windows-amd64-20261006222440
run-03844,binary-1mib,aes-256-ctr,29,false,1048576,1048576,1048898,1796400,3667800,2561000,0,3095000,0,3095000,34789000,true,200,,windows-amd64-20261006222440
run-03845,binary-1mib,aes-256-ctr,30,false,1048576,1048576,1048898,1796400,3667800,2282000,0,2156000,681000,2838000,6925600,true,200,,windows-amd64-20261006222440
run-03846,binary-1mib,aes-256-ctr,31,false,1048576,1048576,1048898,1796400,3667800,2745000,0,1182000,635000,1818000,7053000,true,200,,windows-amd64-20261006222440
run-03847,binary-1mib,aes-256-ctr,32,false,1048576,1048576,1048898,1796400,3667800,2449000,0,1165000,681000,1846000,27921900,true,200,,windows-amd64-20261006222440
run-03848,binary-1mib,aes-256-ctr,33,false,1048576,1048576,1048898,1796400,3667800,3968000,0,3202000,605000,3808000,10944800,true,200,,windows-amd64-20261006222440
run-03849,binary-1mib,aes-256-ctr,34,false,1048576,1048576,1048898,1796400,3667800,3233000,0,1773000,577000,2350000,8915200,true,200,,windows-amd64-20261006222440
run-03850,binary-1mib,aes-256-ctr,35,false,1048576,1048576,1048898,1796400,3667800,3530000,0,1321000,593000,1914000,9077300,true,200,,windows-amd64-20261006222440
run-03851,binary-1mib,des-cbc,1,true,1048576,1048584,1048890,17164700,17164700,1109000,0,506000,16036000,16542000,19159900,true,200,,windows-amd64-20261006222440
run-03852,binary-1mib,des-cbc,2,true,1048576,1048584,1048890,17164700,17164700,1004000,0,1274000,15614000,16889000,33503100,true,200,,windows-amd64-20261006222440
run-03853,binary-1mib,des-cbc,3,true,1048576,1048584,1048890,17164700,17164700,1759000,0,1138000,22389000,23527000,28141900,true,200,,windows-amd64-20261006222440
run-03854,binary-1mib,des-cbc,4,true,1048576,1048584,1048890,17164700,17164700,1022000,0,1598000,17848000,19446000,46272700,true,200,,windows-amd64-20261006222440
run-03855,binary-1mib,des-cbc,5,true,1048576,1048584,1048890,17164700,17164700,3531000,0,1816000,32834000,34651000,60517900,true,200,,windows-amd64-20261006222440
run-03856,binary-1mib,des-cbc,6,false,1048576,1048584,1048890,17164700,17164700,3644000,0,1417000,31517000,32933999,57679000,true,200,,windows-amd64-20261006222440
run-03857,binary-1mib,des-cbc,7,false,1048576,1048584,1048890,17164700,17164700,3322000,0,612000,16210000,16823000,22416900,true,200,,windows-amd64-20261006222440
run-03858,binary-1mib,des-cbc,8,false,1048576,1048584,1048890,17164700,17164700,539000,0,1096000,12749000,13846000,16715200,true,200,,windows-amd64-20261006222440
run-03859,binary-1mib,des-cbc,9,false,1048576,1048584,1048890,17164700,17164700,1689000,0,595000,18335000,18930000,23204600,true,200,,windows-amd64-20261006222440
run-03860,binary-1mib,des-cbc,10,false,1048576,1048584,1048890,17164700,17164700,1000000,0,998000,18744000,19742000,23507900,true,200,,windows-amd64-20261006222440
run-03861,binary-1mib,des-cbc,11,false,1048576,1048584,1048890,17164700,17164700,999000,0,0,18712000,18712000,21852900,true,200,,windows-amd64-20261006222440
run-03862,binary-1mib,des-cbc,12,false,1048576,1048584,1048890,17164700,17164700,1000000,1000999,996000,19161000,21159000,37748500,true,200,,windows-amd64-20261006222440
run-03863,binary-1mib,des-cbc,13,false,1048576,1048584,1048890,17164700,17164700,2816000,0,1803000,35373000,37176000,43516700,true,200,,windows-amd64-20261006222440
run-03864,binary-1mib,des-cbc,14,false,1048576,1048584,1048890,17164700,17164700,2571000,0,2009000,35664000,37674000,58771700,true,200,,windows-amd64-20261006222440
run-03865,binary-1mib,des-cbc,15,false,1048576,1048584,1048890,17164700,17164700,6403000,743000,2133000,28375000,31252000,44365200,true,200,,windows-amd64-20261006222440
run-03866,binary-1mib,des-cbc,16,false,1048576,1048584,1048890,17164700,17164700,2011000,0,1544000,24255000,25799000,32270400,true,200,,windows-amd64-20261006222440
run-03867,binary-1mib,des-cbc,17,false,1048576,1048584,1048890,17164700,17164700,1000999,0,508000,18166000,18675000,22185500,true,200,,windows-amd64-20261006222440
run-03868,binary-1mib,des-cbc,18,false,1048576,1048584,1048890,17164700,17164700,3009000,0,0,15241000,15241000,34307900,true,200,,windows-amd64-20261006222440
run-03869,binary-1mib,des-cbc,19,false,1048576,1048584,1048890,17164700,17164700,1141000,0,1159000,19235000,20395000,44130700,true,200,,windows-amd64-20261006222440
run-03870,binary-1mib,des-cbc,20,false,1048576,1048584,1048890,17164700,17164700,1172000,0,531000,19421000,19953000,23407700,true,200,,windows-amd64-20261006222440
run-03871,binary-1mib,des-cbc,21,false,1048576,1048584,1048890,17164700,17164700,542000,0,550000,18701000,19252000,20833100,true,200,,windows-amd64-20261006222440
run-03872,binary-1mib,des-cbc,22,false,1048576,1048584,1048890,17164700,17164700,0,0,1506000,17176000,18683000,20680300,true,200,,windows-amd64-20261006222440
run-03873,binary-1mib,des-cbc,23,false,1048576,1048584,1048890,17164700,17164700,1020999,0,0,22444000,23562000,27594900,true,200,,windows-amd64-20261006222440
run-03874,binary-1mib,des-cbc,24,false,1048576,1048584,1048890,17164700,17164700,1507000,1020999,0,19081000,20102000,23635600,true,200,,windows-amd64-20261006222440
run-03875,binary-1mib,des-cbc,25,false,1048576,1048584,1048890,17164700,17164700,1544000,0,991000,26854000,27846000,44552100,true,200,,windows-amd64-20261006222440
run-03876,binary-1mib,des-cbc,26,false,1048576,1048584,1048890,17164700,17164700,1763000,0,1649000,20373000,22629000,26284800,true,200,,windows-amd64-20261006222440
run-03877,binary-1mib,des-cbc,27,false,1048576,1048584,1048890,17164700,17164700,2907000,0,1786000,16640999,18428000,22938500,true,200,,windows-amd64-20261006222440
run-03878,binary-1mib,des-cbc,28,false,1048576,1048584,1048890,17164700,17164700,2013000,1002999,508000,13034000,14546000,18561200,true,200,,windows-amd64-20261006222440
run-03879,binary-1mib,des-cbc,29,false,1048576,1048584,1048890,17164700,17164700,1506000,0,1014999,17976000,18992000,23020100,true,200,,windows-amd64-20261006222440
run-03880,binary-1mib,des-cbc,30,false,1048576,1048584,1048890,17164700,17164700,1000000,0,1508000,20591000,22099000,24168500,true,200,,windows-amd64-20261006222440
run-03881,binary-1mib,des-cbc,31,false,1048576,1048584,1048890,17164700,17164700,3504000,0,1000000,15570000,17575000,24600900,true,200,,windows-amd64-20261006222440
run-03882,binary-1mib,des-cbc,32,false,1048576,1048584,1048890,17164700,17164700,5797000,0,991000,34185000,35176000,68814100,true,200,,windows-amd64-20261006222440
run-03883,binary-1mib,des-cbc,33,false,1048576,1048584,1048890,17164700,17164700,2873000,0,2705000,29751000,32457000,38439700,true,200,,windows-amd64-20261006222440
run-03884,binary-1mib,des-cbc,34,false,1048576,1048584,1048890,17164700,17164700,1897000,0,1521000,28770000,30292000,34099900,true,200,,windows-amd64-20261006222440
run-03885,binary-1mib,des-cbc,35,false,1048576,1048584,1048890,17164700,17164700,2170000,0,2013000,27876000,29889000,48082800,true,200,,windows-amd64-20261006222440
run-03886,binary-1mib,rc4-256,1,true,1048576,1048576,1048870,5826400,8271400,5344000,0,2201000,4030999,6233000,35936500,true,200,,windows-amd64-20261006222440
run-03887,binary-1mib,rc4-256,2,true,1048576,1048576,1048870,5826400,8271400,3160000,0,1892000,3857000,5749000,12661200,true,200,,windows-amd64-20261006222440
run-03888,binary-1mib,rc4-256,3,true,1048576,1048576,1048870,5826400,8271400,2416000,0,1290000,4600000,5890000,29839000,true,200,,windows-amd64-20261006222440
run-03889,binary-1mib,rc4-256,4,true,1048576,1048576,1048870,5826400,8271400,2494000,0,1935000,3550000,5486000,29399600,true,200,,windows-amd64-20261006222440
run-03890,binary-1mib,rc4-256,5,true,1048576,1048576,1048870,5826400,8271400,1390000,0,2068000,5685000,7753000,15107500,true,200,,windows-amd64-20261006222440
run-03891,binary-1mib,rc4-256,6,false,1048576,1048576,1048870,5826400,8271400,4387000,0,2440000,5498000,7938000,16397000,true,200,,windows-amd64-20261006222440
run-03892,binary-1mib,rc4-256,7,false,1048576,1048576,1048870,5826400,8271400,3683000,0,2012000,3929000,5941000,14226500,true,200,,windows-amd64-20261006222440
run-03893,binary-1mib,rc4-256,8,false,1048576,1048576,1048870,5826400,8271400,2377000,0,2651000,5816000,8468000,13462000,true,200,,windows-amd64-20261006222440
run-03894,binary-1mib,rc4-256,9,false,1048576,1048576,1048870,5826400,8271400,3129000,0,1690000,3796000,5487000,12716800,true,200,,windows-amd64-20261006222440
run-03895,binary-1mib,rc4-256,10,false,1048576,1048576,1048870,5826400,8271400,2530000,0,995000,4555000,5551000,26576300,true,200,,windows-amd64-20261006222440
run-03896,binary-1mib,rc4-256,11,false,1048576,1048576,1048870,5826400,8271400,2846000,0,2428000,4644000,7072000,28500800,true,200,,windows-amd64-20261006222440
run-03897,binary-1mib,rc4-256,12,false,1048576,1048576,1048870,5826400,8271400,3373000,0,2057000,4419000,6477000,27616900,true,200,,windows-amd64-20261006222440
run-03898,binary-1mib,rc4-256,13,false,1048576,1048576,1048870,5826400,8271400,2551000,0,1356000,6593000,8586000,14870600,true,200,,windows-amd64-20261006222440
run-03899,binary-1mib,rc4-256,14,false,1048576,1048576,1048870,5826400,8271400,1160000,0,1259000,6028000,7287000,11732400,true,200,,windows-amd64-20261006222440
run-03900,binary-1mib,rc4-256,15,false,1048576,1048576,1048870,5826400,8271400,1647000,0,2247000,3203000,5450000,8909400,true,200,,windows-amd64-20261006222440
run-03901,binary-1mib,rc4-256,16,false,1048576,1048576,1048870,5826400,8271400,3810000,0,1840000,3678000,5518000,12685200,true,200,,windows-amd64-20261006222440
run-03902,binary-1mib,rc4-256,17,false,1048576,1048576,1048870,5826400,8271400,2305000,0,1342000,3701000,5044000,12221400,true,200,,windows-amd64-20261006222440
run-03903,binary-1mib,rc4-256,18,false,1048576,1048576,1048870,5826400,8271400,1984000,0,1779000,5357000,7137000,12177100,true,200,,windows-amd64-20261006222440
run-03904,binary-1mib,rc4-256,19,false,1048576,1048576,1048870,5826400,8271400,2466000,0,2073999,3286000,5360000,36932300,true,200,,windows-amd64-20261006222440
run-03905,binary-1mib,rc4-256,20,false,1048576,1048576,1048870,5826400,8271400,1893000,0,1136000,4980000,6117000,17127000,true,200,,windows-amd64-20261006222440
run-03906,binary-1mib,rc4-256,21,false,1048576,1048576,1048870,5826400,8271400,2963000,0,2323000,5046000,7370000,25995000,true,200,,windows-amd64-20261006222440
run-03907,binary-1mib,rc4-256,22,false,1048576,1048576,1048870,5826400,8271400,1728000,0,1935000,6025000,7960000,29241200,true,200,,windows-amd64-20261006222440
run-03908,binary-1mib,rc4-256,23,false,1048576,1048576,1048870,5826400,8271400,2015000,0,1923000,3614000,5537000,30327800,true,200,,windows-amd64-20261006222440
run-03909,binary-1mib,rc4-256,24,false,1048576,1048576,1048870,5826400,8271400,3157000,0,1303000,6022000,7326000,14228200,true,200,,windows-amd64-20261006222440
run-03910,binary-1mib,rc4-256,25,false,1048576,1048576,1048870,5826400,8271400,1777000,0,1896000,2279000,4830000,7642500,true,200,,windows-amd64-20261006222440
run-03911,binary-1mib,rc4-256,26,false,1048576,1048576,1048870,5826400,8271400,1853000,0,1176000,2047000,3224000,32493200,true,200,,windows-amd64-20261006222440
run-03912,binary-1mib,rc4-256,27,false,1048576,1048576,1048870,5826400,8271400,2424000,0,2785000,3541000,6326000,29516800,true,200,,windows-amd64-20261006222440
run-03913,binary-1mib,rc4-256,28,false,1048576,1048576,1048870,5826400,8271400,3079000,0,1953000,4334000,6287000,13609800,true,200,,windows-amd64-20261006222440
run-03914,binary-1mib,rc4-256,29,false,1048576,1048576,1048870,5826400,8271400,2930000,594000,1842000,4407000,6843000,14371500,true,200,,windows-amd64-20261006222440
run-03915,binary-1mib,rc4-256,30,false,1048576,1048576,1048870,5826400,8271400,1780000,0,1133000,2589000,3723000,28039500,true,200,,windows-amd64-20261006222440
run-03916,binary-1mib,rc4-256,31,false,1048576,1048576,1048870,5826400,8271400,2412000,0,555000,2690000,3245000,30686800,true,200,,windows-amd64-20261006222440
run-03917,binary-1mib,rc4-256,32,false,1048576,1048576,1048870,5826400,8271400,1254000,0,1211000,2861000,4072000,7851600,true,200,,windows-amd64-20261006222440
run-03918,binary-1mib,rc4-256,33,false,1048576,1048576,1048870,5826400,8271400,1161000,0,1758000,2517000,4275000,19773000,true,200,,windows-amd64-20261006222440
run-03919,binary-1mib,rc4-256,34,false,1048576,1048576,1048870,5826400,8271400,2693000,0,1750000,3657000,5407000,10508600,true,200,,windows-amd64-20261006222440
run-03920,binary-1mib,rc4-256,35,false,1048576,1048576,1048870,5826400,8271400,2982000,584000,569000,3029000,4183000,9452900,true,200,,windows-amd64-20261006222440
